COCNUM,year,weighted median income,weighted median rent,total population,tract count
AK-500,2007,78328.53312202964,1062.638009336293,284267.0,55.0
AK-500,2008,78328.53312202964,1062.638009336293,284267.0,55.0
AK-500,2009,78328.53312202964,1062.638009336293,284267.0,55.0
AK-500,2010,78328.53312202964,1062.638009336293,284267.0,55.0
AK-500,2011,80808.6997807857,1037.436469605762,287390.0,55.0
AK-500,2012,81121.05789275054,1075.357745222493,291470.0,55.0
AK-500,2013,82315.83431954667,1167.0494517963534,295237.0,55.0
AK-500,2014,83048.82802889548,1068.4081085794392,298178.0,55.0
AK-500,2015,83256.52855332707,1317.8854389900605,299107.0,55.0
AK-500,2016,86231.67073476301,1360.3188850765566,299321.0,55.0
AK-500,2017,88499.56734009557,1377.384833598793,298225.0,55.0
AK-500,2018,90126.78142054357,1430.4955692440699,296112.0,55.0
AK-500,2019,91852.24423996103,1521.7191710585935,293531.0,55.0
AK-500,2020,90409.41075011127,1503.2365538019103,292090.0,61.0
AK-500,2021,95005.44033567485,1497.011912697192,292545.0,61.0
AK-500,2022,101864.98593613463,1623.2505418441278,290674.0,61.0
AK-500,2023,105593.78565671171,1632.7930874635467,289069.0,61.0
AK-501,2007,64208.390446260215,954.7586549340037,397750.0,110.0
AK-501,2008,64208.390446260215,954.7586549340037,397750.0,110.0
AK-501,2009,64208.390446260215,954.7586549340037,397750.0,110.0
AK-501,2010,64208.390446260215,954.7586549340037,397750.0,110.0
AK-501,2011,66493.7596889068,990.7829961756104,404509.0,110.0
AK-501,2012,66838.5769614572,1039.5475846257193,410868.0,110.0
AK-501,2013,67111.2718097183,1022.2122553907142,416225.0,110.0
AK-501,2014,68261.53370130333,1035.9638202407236,421230.0,110.0
AK-501,2015,68135.76849190795,1075.441596664843,433203.0,111.0
AK-501,2016,69878.9845027833,1086.2347650791469,436530.0,111.0
AK-501,2017,71597.67128014294,1109.834577173876,439365.0,111.0
AK-501,2018,72545.64191104013,1128.830457485247,441435.0,111.0
AK-501,2019,72739.93139507821,1130.4851693431217,442563.0,111.0
AK-501,2020,73351.07357810564,1152.3760355895934,443950.0,115.0
AK-501,2021,76165.7516440901,1189.115741682373,442494.0,115.0
AK-501,2022,81170.2029846369,1242.3635075687505,443270.0,115.0
AK-501,2023,84524.69605136957,1292.3136614777757,444154.0,115.0
AL-500,2007,55818.986936085144,794.7988989140418,925450.0,224.0
AL-500,2008,55818.986936085144,794.7988989140418,925450.0,224.0
AL-500,2009,55818.986936085144,794.7988989140418,925450.0,224.0
AL-500,2010,55818.986936085144,794.7988989140418,925450.0,224.0
AL-500,2011,56574.935717092085,835.4646461718805,931554.0,224.0
AL-500,2012,56397.43773093293,846.7809728871538,937231.0,224.0
AL-500,2013,56201.713128519215,866.6080818831597,941439.0,224.0
AL-500,2014,56191.872956612264,893.1742830422621,945244.0,224.0
AL-500,2015,56625.41824402691,896.7419223550747,948420.0,224.0
AL-500,2016,58893.27974838775,904.6217598775986,951623.0,224.0
AL-500,2017,60926.323468932635,917.4805343423535,955118.0,224.0
AL-500,2018,63329.994172938015,927.9247823850577,958459.0,224.0
AL-500,2019,66377.86979724295,972.2789394662996,961101.0,224.0
AL-500,2020,68507.17662834295,922.4744722967463,963894.0,268.0
AL-500,2021,71943.6335034999,1004.3027429956228,983742.0,268.0
AL-500,2022,78465.78920639741,1098.8401315922665,987900.0,268.0
AL-500,2023,81971.33593707369,1109.9381054201588,989602.0,268.0
AL-501,2007,45278.507967851394,761.904693785709,584411.0,145.0
AL-501,2008,45278.507967851394,761.904693785709,584411.0,145.0
AL-501,2009,45278.507967851394,761.904693785709,584411.0,145.0
AL-501,2010,45278.507967851394,761.904693785709,584411.0,145.0
AL-501,2011,47191.72236091268,785.4167611513059,590043.0,145.0
AL-501,2012,47334.7928056515,800.4713302424927,595523.0,145.0
AL-501,2013,46976.639394837934,802.185444992687,600302.0,145.0
AL-501,2014,47622.51635026848,845.0398463444858,605250.0,145.0
AL-501,2015,47396.31990639544,848.0143377116113,609372.0,145.0
AL-501,2016,48376.8652266777,866.4794420341447,613801.0,145.0
AL-501,2017,50594.31604952662,882.7448825296914,617688.0,145.0
AL-501,2018,52667.676621716666,912.5563373723036,622766.0,145.0
AL-501,2019,54117.79185222284,923.4062452148836,626944.0,145.0
AL-501,2020,57199.01275887048,908.6398003371999,632266.0,177.0
AL-501,2021,59373.46759724566,952.8486920939741,641751.0,177.0
AL-501,2022,64023.2401737685,1017.1835537882089,647298.0,177.0
AL-501,2023,67369.18941919165,1086.437318846682,653107.0,177.0
AL-502,2007,38228.505463796035,520.3786049643666,267305.0,69.0
AL-502,2008,38228.505463796035,520.3786049643666,267305.0,69.0
AL-502,2009,38228.505463796035,520.3786049643666,267305.0,69.0
AL-502,2010,38228.505463796035,520.3786049643666,267305.0,69.0
AL-502,2011,38578.66291392459,556.3181755402344,267893.0,69.0
AL-502,2012,39500.152939551415,564.4629065495923,267864.0,69.0
AL-502,2013,39473.370209221895,579.8520096805277,267754.0,69.0
AL-502,2014,39933.320285402464,590.4081337459634,267552.0,69.0
AL-502,2015,39936.8611071565,594.214796304483,266918.0,69.0
AL-502,2016,41490.76749688293,597.3084468746714,266276.0,69.0
AL-502,2017,43630.32222038323,605.3278853170633,265846.0,69.0
AL-502,2018,44970.77722270953,632.5335029909687,265633.0,69.0
AL-502,2019,46027.618095600395,635.8095449734652,265501.0,69.0
AL-502,2020,48114.630807820606,626.0389563503853,265913.0,82.0
AL-502,2021,51449.74836747473,624.1741024838238,268296.0,82.0
AL-502,2022,55690.31634295804,703.4445219300849,269584.0,82.0
AL-502,2023,57877.605201129045,730.0311705680676,270672.0,82.0
AL-503,2007,56548.194207492015,670.2568887365547,519326.0,116.0
AL-503,2008,56548.194207492015,670.2568887365547,519326.0,116.0
AL-503,2009,56548.194207492015,670.2568887365547,519326.0,116.0
AL-503,2010,56548.194207492015,670.2568887365547,519326.0,116.0
AL-503,2011,58061.225295299046,696.0904694904933,528786.0,116.0
AL-503,2012,58630.87262331939,786.6747204562035,537304.0,116.0
AL-503,2013,59237.78857475708,789.043964161289,544216.0,116.0
AL-503,2014,59067.67804922383,754.1696204602465,550140.0,116.0
AL-503,2015,59078.8715040115,801.3218930902709,555029.0,116.0
AL-503,2016,60757.29764820422,848.5472047303875,559785.0,116.0
AL-503,2017,62091.12127857605,832.547296854086,564065.0,116.0
AL-503,2018,64725.75231072746,860.9764609449322,569734.0,116.0
AL-503,2019,67673.7626549766,879.1618663834396,576216.0,116.0
AL-503,2020,69583.38841254266,914.6643719850194,583959.0,149.0
AL-503,2021,75225.92281517028,933.4483014122718,605974.0,149.0
AL-503,2022,82194.4461141307,1021.3379518443254,617082.0,149.0
AL-503,2023,86618.00414031894,1108.8352815003166,628454.0,149.0
AL-504,2007,48980.1049683205,743.9373959635836,381477.0,99.0
AL-504,2008,48980.1049683205,743.9373959635836,381477.0,99.0
AL-504,2009,48980.1049683205,743.9373959635836,381477.0,99.0
AL-504,2010,48980.1049683205,743.9373959635836,381477.0,99.0
AL-504,2011,49676.35260288744,783.472637580449,383939.0,99.0
AL-504,2012,49607.251674325795,795.3221114798679,385379.0,99.0
AL-504,2013,49486.11402594304,807.9810069136494,385614.0,99.0
AL-504,2014,49281.17745997854,827.4981032240009,385918.0,99.0
AL-504,2015,49026.38376882415,825.7631853338936,385542.0,99.0
AL-504,2016,50055.3336930939,846.7411414379153,384515.0,99.0
AL-504,2017,52189.227735458415,872.6992512728361,383985.0,99.0
AL-504,2018,54463.2540025681,898.38142058285,383941.0,99.0
AL-504,2019,55836.68184850127,909.5490812731897,383792.0,99.0
AL-504,2020,57528.70071275002,924.2309544595739,383725.0,116.0
AL-504,2021,60195.76044911521,899.2247802883265,395177.0,116.0
AL-504,2022,65249.234020472424,985.6315014124151,395068.0,116.0
AL-504,2023,66794.82585577108,1046.0019351607323,395316.0,116.0
AL-506,2007,45605.46814385311,789.9064678677435,188331.0,47.0
AL-506,2008,45605.46814385311,789.9064678677435,188331.0,47.0
AL-506,2009,45605.46814385311,789.9064678677435,188331.0,47.0
AL-506,2010,45605.46814385311,789.9064678677435,188331.0,47.0
AL-506,2011,46905.102564638175,825.4611805377855,191489.0,47.0
AL-506,2012,47338.40632367931,815.5891204299526,194254.0,47.0
AL-506,2013,48263.54864752266,793.3374131203511,196824.0,47.0
AL-506,2014,49204.953067901544,782.0946343182161,198670.0,47.0
AL-506,2015,49300.287227249595,813.4874786738369,200458.0,47.0
AL-506,2016,51151.29438783826,818.8985484340967,202471.0,47.0
AL-506,2017,54433.19205670567,817.3434039056079,204424.0,47.0
AL-506,2018,56350.74488514303,854.6348096385776,206213.0,47.0
AL-506,2019,57489.85949687658,821.9070982368974,207305.0,47.0
AL-506,2020,57844.03539793348,821.4118666628362,208854.0,59.0
AL-506,2021,60410.07627319208,865.8469088392239,223945.0,59.0
AL-506,2022,65010.26478463279,955.3053576209848,231558.0,59.0
AL-506,2023,66744.30276111368,942.7253114905399,234036.0,59.0
AL-507,2007,37102.34828098407,556.9965799009972,1477735.0,385.0
AL-507,2008,37102.34828098407,556.9965799009972,1477735.0,385.0
AL-507,2009,37102.34828098407,556.9965799009972,1477735.0,385.0
AL-507,2010,37102.34828098407,556.9965799009972,1477735.0,385.0
AL-507,2011,37860.46480886705,585.775171901309,1482973.0,385.0
AL-507,2012,38092.68244288466,602.5286962206487,1486816.0,385.0
AL-507,2013,37984.740313066846,612.3303688276789,1488500.0,385.0
AL-507,2014,38394.682030700314,622.3018000719707,1489496.0,385.0
AL-507,2015,38520.711440350446,622.1090995904207,1489089.0,385.0
AL-507,2016,39076.278760357185,630.6840999558461,1487977.0,385.0
AL-507,2017,40624.06352388524,644.9436914027131,1485457.0,385.0
AL-507,2018,42343.350216989944,661.8338927315946,1484631.0,385.0
AL-507,2019,44468.691450979866,680.7998691717357,1482860.0,385.0
AL-507,2020,46477.437138652764,678.8289775437597,1482127.0,466.0
AL-507,2021,49515.08392117169,698.8728280683366,1503673.0,466.0
AL-507,2022,53340.61236136535,765.7387826073085,1504494.0,466.0
AL-507,2023,56230.28781996818,799.6748732663036,1507689.0,466.0
AR-500,2007,49835.11325299901,720.338006871364,554184.0,135.0
AR-500,2008,49835.11325299901,720.338006871364,554184.0,135.0
AR-500,2009,49835.11325299901,720.338006871364,554184.0,135.0
AR-500,2010,49835.11325299901,720.338006871364,554184.0,135.0
AR-500,2011,51062.73814332648,753.458084285997,560971.0,135.0
AR-500,2012,51437.2294385641,776.2701738499267,567616.0,135.0
AR-500,2013,51738.041346209146,780.3363274653226,573789.0,135.0
AR-500,2014,52724.31489270594,797.4536342539834,579156.0,135.0
AR-500,2015,52613.95835368853,794.1972491767929,583389.0,135.0
AR-500,2016,53672.49690798575,808.9280676529312,586996.0,135.0
AR-500,2017,55571.86210327398,851.9420333900985,588977.0,135.0
AR-500,2018,57227.32494484071,880.0048891576931,591922.0,135.0
AR-500,2019,59226.097983641856,889.0491789734934,593099.0,135.0
AR-500,2020,61203.30727666372,856.2723588228477,595369.0,158.0
AR-500,2021,64185.73966953811,894.4903422984914,602369.0,158.0
AR-500,2022,69157.48452512239,974.3479702191895,604819.0,158.0
AR-500,2023,70737.08390966158,996.8821624077079,607582.0,158.0
AR-501,2007,47572.91466721236,701.9202190484028,449581.0,90.0
AR-501,2008,47572.91466721236,701.9202190484028,449581.0,90.0
AR-501,2009,47572.91466721236,701.9202190484028,449581.0,90.0
AR-501,2010,47572.91466721236,701.9202190484028,449581.0,90.0
AR-501,2011,49029.86668000853,714.4405815891026,459706.0,90.0
AR-501,2012,49519.47206233478,728.046981325147,469080.0,90.0
AR-501,2013,50228.83057640549,740.4359609822966,478552.0,90.0
AR-501,2014,52305.69738472789,771.6638472994094,488171.0,90.0
AR-501,2015,52049.94927575522,786.8951195561152,497967.0,90.0
AR-501,2016,53373.27850306324,794.1045197517951,508612.0,90.0
AR-501,2017,55580.51447144137,808.9523839790445,519195.0,90.0
AR-501,2018,58965.4434777373,827.5105518258723,531472.0,90.0
AR-501,2019,60939.909755009,849.9786232258255,542224.0,90.0
AR-501,2020,65209.85564896971,894.550372363366,554163.0,123.0
AR-501,2021,69995.19914802982,953.0162340586736,566217.0,123.0
AR-501,2022,76732.75846089008,1043.8031204336066,578958.0,123.0
AR-501,2023,81081.43183008369,1090.8348221676392,591962.0,123.0
AR-503,2007,38286.14077619686,588.3741244725284,928012.0,221.0
AR-503,2008,38286.14077619686,588.3741244725284,928012.0,221.0
AR-503,2009,38286.14077619686,588.3741244725284,928012.0,221.0
AR-503,2010,38286.14077619686,588.3741244725284,928012.0,221.0
AR-503,2011,39425.366638596024,613.9418113802731,934547.0,221.0
AR-503,2012,39942.04191974224,636.7233680084106,939772.0,221.0
AR-503,2013,40365.828111118884,644.664273946811,943278.0,221.0
AR-503,2014,40950.96825326329,657.2858591562402,945672.0,221.0
AR-503,2015,40961.26945498894,659.109185941534,947045.0,221.0
AR-503,2016,41875.154333424754,672.8944133842487,947980.0,221.0
AR-503,2017,43130.86767019262,687.1439142987708,949718.0,221.0
AR-503,2018,44615.7654914047,704.5777066729456,951334.0,221.0
AR-503,2019,46242.62637910582,721.4368135963301,952610.0,221.0
AR-503,2020,46681.13427680271,689.69176038102,1306808.0,374.0
AR-503,2021,48535.102827859046,718.2829880106954,1291401.0,374.0
AR-503,2022,52492.31185416826,779.7415450357483,1292229.0,374.0
AR-503,2023,55213.4938595908,811.7405505109148,1293562.0,374.0
AR-504,2007,33521.37642951427,527.1402587822923,360612.0,91.0
AR-504,2008,33521.37642951427,527.1402587822923,360612.0,91.0
AR-504,2009,33521.37642951427,527.1402587822923,360612.0,91.0
AR-504,2010,33521.37642951427,527.1402587822923,360612.0,91.0
AR-504,2011,34421.611379394366,547.4010920851516,361144.0,91.0
AR-504,2012,35152.9078789019,561.4168577902335,361459.0,91.0
AR-504,2013,35246.15982916399,577.15459994239,361048.0,91.0
AR-504,2014,35801.252171860244,583.753804921402,360060.0,91.0
AR-504,2015,36159.09815027484,578.2457965859804,358756.0,91.0
AR-504,2016,36999.3862247369,585.350118004093,357191.0,91.0
AR-504,2017,38216.516472759184,611.4999915610865,355496.0,91.0
AR-504,2018,39728.64752194078,628.3414349793507,354249.0,91.0
AR-504,2019,40612.58746440361,630.5753425045691,352915.0,91.0
AR-505,2007,35980.291434352934,562.6167798068058,323198.0,94.0
AR-505,2008,35980.291434352934,562.6167798068058,323198.0,94.0
AR-505,2009,35980.291434352934,562.6167798068058,323198.0,94.0
AR-505,2010,35980.291434352934,562.6167798068058,323198.0,94.0
AR-505,2011,36810.49035057099,578.8286447165012,320848.0,94.0
AR-505,2012,37279.016981741646,594.9305956783444,318813.0,94.0
AR-505,2013,36772.45097729391,606.089136789546,316435.0,94.0
AR-505,2014,37066.68548746908,615.5379018688014,313784.0,94.0
AR-505,2015,36498.05498039746,611.4445805955701,310929.0,94.0
AR-505,2016,37235.485886978844,629.9087511779807,307730.0,94.0
AR-505,2017,38812.89001759246,638.5671368929617,304676.0,94.0
AR-505,2018,40801.569019193084,650.4940471256784,301619.0,94.0
AR-505,2019,42966.96760817388,654.6931642955792,298316.0,94.0
AR-505,2020,44103.33410715315,646.7485944156192,295073.0,101.0
AR-505,2021,46701.00777489691,674.5049752444525,290036.0,101.0
AR-505,2022,50133.83789269943,737.7734396836045,286224.0,101.0
AR-505,2023,50640.64549384769,757.7720849931719,282658.0,101.0
AZ-500,2007,43751.16764127068,786.2776872074143,1527971.0,368.0
AZ-500,2008,43751.16764127068,786.2776872074143,1527971.0,368.0
AZ-500,2009,43751.16764127068,786.2776872074143,1527971.0,368.0
AZ-500,2010,43751.16764127068,786.2776872074143,1527971.0,368.0
AZ-500,2011,44368.31615738031,817.8221338152736,1561466.0,368.0
AZ-500,2012,44172.149557683006,831.2299530728627,1584158.0,368.0
AZ-500,2013,44085.32889723025,833.714221141625,1599527.0,368.0
AZ-500,2014,44191.477298904254,840.9801288863541,1616618.0,368.0
AZ-500,2015,44147.66795942794,837.8642070063302,1620820.0,368.0
AZ-500,2016,45188.72736625577,850.8568858507197,1631977.0,368.0
AZ-500,2017,46622.389090805045,863.5778675949533,1642596.0,368.0
AZ-500,2018,48445.33362608245,884.2485062301607,1668095.0,368.0
AZ-500,2019,50535.75057626067,914.9248770485978,1688472.0,368.0
AZ-500,2020,53451.16018084419,899.1320918337436,1722809.0,486.0
AZ-500,2021,57245.0494992707,965.8814958549847,1676954.0,486.0
AZ-500,2022,62771.73271795826,1068.1427824778784,1699018.0,486.0
AZ-500,2023,66476.03736210645,1124.6665691522794,1726241.0,486.0
AZ-501,2007,49538.9813408371,867.6855040014282,941039.0,234.0
AZ-501,2008,49538.9813408371,867.6855040014282,941039.0,234.0
AZ-501,2009,49538.9813408371,867.6855040014282,941039.0,234.0
AZ-501,2010,49538.9813408371,867.6855040014282,941039.0,234.0
AZ-501,2011,49887.02709178809,887.5272426027016,948184.0,234.0
AZ-501,2012,49959.976732025345,899.4473206203978,981048.0,241.0
AZ-501,2013,49623.7606351664,914.3979568158996,986891.0,241.0
AZ-501,2014,50100.12202661447,913.5610606316909,993144.0,241.0
AZ-501,2015,49898.05314475077,946.3852946861258,998537.0,241.0
AZ-501,2016,50906.538625069516,961.9099286581392,1003338.0,241.0
AZ-501,2017,52732.181475035664,992.5571775624295,1007257.0,241.0
AZ-501,2018,54806.06192079802,998.7029994449467,1019722.0,241.0
AZ-501,2019,57415.28525117138,1011.7843238996619,1027207.0,241.0
AZ-501,2020,60183.2293216213,1034.1255243260316,1038476.0,270.0
AZ-501,2021,64702.344737470085,1086.9994000365195,1035063.0,270.0
AZ-501,2022,70630.64458126637,1199.7620187395733,1042393.0,270.0
AZ-501,2023,73998.74913305147,1266.6387703379314,1049947.0,270.0
AZ-502,2007,60391.69108772334,997.3910749116433,3754383.0,917.0
AZ-502,2008,60391.69108772334,997.3910749116433,3754383.0,917.0
AZ-502,2009,60391.69108772334,997.3910749116433,3754383.0,917.0
AZ-502,2010,60391.69108772334,997.3910749116433,3754383.0,917.0
AZ-502,2011,60788.447706646926,1014.5426508906744,3801726.0,917.0
AZ-502,2012,60107.03742030536,1036.5954574021919,3845773.0,917.0
AZ-502,2013,59334.53378881844,1033.0227396658606,3893285.0,917.0
AZ-502,2014,59530.35520353747,1053.7017301684264,3951754.0,917.0
AZ-502,2015,60110.00220282004,1124.5126954875377,4022571.0,917.0
AZ-502,2016,61734.86790926161,1154.178589105706,4093262.0,917.0
AZ-502,2017,64810.44287134927,1200.1597911392846,4160093.0,917.0
AZ-502,2018,67802.50439835186,1243.199496908568,4258868.0,917.0
AZ-502,2019,71024.55150785997,1287.3870738380758,4334620.0,917.0
AZ-502,2020,74677.33495763101,1312.8518541263907,4412779.0,1009.0
AZ-502,2021,79789.10278105855,1393.5564743521343,4367186.0,1009.0
AZ-502,2022,87852.1589021662,1552.4392163527216,4430871.0,1009.0
AZ-502,2023,92959.29020520317,1653.0642528573658,4491987.0,1009.0
CA-500,2007,92313.93364075806,1174.0301127517828,1739396.0,372.0
CA-500,2008,92313.93364075806,1174.0301127517828,1739396.0,372.0
CA-500,2009,92313.93364075806,1174.0301127517828,1739396.0,372.0
CA-500,2010,92313.93364075806,1174.0301127517828,1739396.0,372.0
CA-500,2011,94708.96647972435,1208.5405127431281,1762754.0,372.0
CA-500,2012,95537.579970398,1134.4702568171538,1788393.0,372.0
CA-500,2013,96172.92679813797,1179.538493373829,1812208.0,372.0
CA-500,2014,98622.75641260251,1097.1640150328335,1841569.0,372.0
CA-500,2015,100743.84732855891,1808.5576557330278,1868149.0,372.0
CA-500,2016,105942.27973121223,1908.8824464631289,1885056.0,372.0
CA-500,2017,112281.961809854,2026.7212082715494,1911226.0,372.0
CA-500,2018,117406.0376147123,2156.327452918531,1922200.0,372.0
CA-500,2019,124529.88549445647,2163.1077645825876,1927470.0,372.0
CA-500,2020,129839.10058465615,2156.712764481425,1924379.0,408.0
CA-500,2021,134505.76878524158,2126.899236654655,1932022.0,408.0
CA-500,2022,137945.39189370372,2037.44021356082,1916831.0,408.0
CA-500,2023,138293.46214122127,2015.8794323744535,1903297.0,408.0
CA-501,2007,76145.57213509856,1248.678900163716,789172.0,195.0
CA-501,2008,76145.57213509856,1248.678900163716,789172.0,195.0
CA-501,2009,76145.57213509856,1248.678900163716,789172.0,195.0
CA-501,2010,76145.57213509856,1248.678900163716,789172.0,195.0
CA-501,2011,77623.97649949936,1259.6312728466646,797983.0,195.0
CA-501,2012,78524.81352142667,1260.5947508836218,807755.0,195.0
CA-501,2013,79986.7433642283,1271.4598110583352,817501.0,195.0
CA-501,2014,82731.32616226334,1240.794877887566,829072.0,195.0
CA-501,2015,85379.43402480842,1622.4208058632457,840763.0,195.0
CA-501,2016,91700.47770857198,1709.0572551224182,850282.0,195.0
CA-501,2017,99980.5185562728,1798.6313980813711,864263.0,195.0
CA-501,2018,108659.60419702911,1895.9069690728286,870044.0,195.0
CA-501,2019,118049.60866255753,1992.8399940111617,874961.0,195.0
CA-501,2020,121083.81954402458,2054.5416297051615,874784.0,241.0
CA-501,2021,128548.19406466783,2099.1896774923694,865933.0,241.0
CA-501,2022,135665.9881438623,2178.1136708670374,851036.0,241.0
CA-501,2023,141375.25505637188,2112.9429046980763,836321.0,241.0
CA-502,2007,77201.0912481901,1174.5471075386677,1477980.0,360.0
CA-502,2008,77201.0912481901,1174.5471075386677,1477980.0,360.0
CA-502,2009,77201.0912481901,1174.5471075386677,1477980.0,360.0
CA-502,2010,77201.0912481901,1174.5471075386677,1477980.0,360.0
CA-502,2011,78988.90923929476,1196.9006191817916,1494876.0,360.0
CA-502,2012,79754.12893034024,1182.880921580637,1515136.0,360.0
CA-502,2013,80327.95265911435,1204.9938270559544,1535248.0,360.0
CA-502,2014,81450.24247294312,1211.1910950242032,1559308.0,360.0
CA-502,2015,83055.50938527417,1536.7515260416042,1584983.0,360.0
CA-502,2016,86973.6321332256,1635.711926798682,1605217.0,360.0
CA-502,2017,93052.08727153346,1738.7782427137697,1629615.0,360.0
CA-502,2018,99109.47236113646,1850.2861641418751,1643700.0,360.0
CA-502,2019,105753.1787742779,1935.2034158360264,1656754.0,360.0
CA-502,2020,109860.42509316411,1999.5313935377326,1661584.0,378.0
CA-502,2021,113531.6034451535,2064.369830730731,1673133.0,378.0
CA-502,2022,122616.76067586517,2122.2988845568307,1663823.0,378.0
CA-502,2023,123876.73590407452,2090.083199905082,1651949.0,378.0
CA-503,2007,60636.00937465953,1093.5653954000447,1395144.0,317.0
CA-503,2008,60636.00937465953,1093.5653954000447,1395144.0,317.0
CA-503,2009,60636.00937465953,1093.5653954000447,1395144.0,317.0
CA-503,2010,60636.00937465953,1093.5653954000447,1395144.0,317.0
CA-503,2011,60841.224470351015,1109.8723964841531,1408480.0,317.0
CA-503,2012,60106.0855465751,1120.012210092045,1422348.0,317.0
CA-503,2013,59523.70826926011,1145.801323432787,1435207.0,317.0
CA-503,2014,60211.36530745506,1117.2190802170896,1450277.0,317.0
CA-503,2015,60400.60785478827,1176.6666602994067,1465832.0,317.0
CA-503,2016,62116.08460150071,1204.4295984587304,1479300.0,317.0
CA-503,2017,64812.575050153806,1249.965105657349,1495400.0,317.0
CA-503,2018,69087.48246814783,1326.7563434464244,1510023.0,317.0
CA-503,2019,72113.75793954032,1395.679346667515,1524553.0,317.0
CA-503,2020,76611.21074509672,1454.7494310600878,1537948.0,363.0
CA-503,2021,81813.19395177529,1568.7604008736664,1571767.0,363.0
CA-503,2022,89315.03737499296,1711.8824222982237,1579211.0,363.0
CA-503,2023,93874.71449647643,1797.14546222429,1584047.0,363.0
CA-504,2007,65776.52926397593,1275.6901066771861,474047.0,99.0
CA-504,2008,65776.52926397593,1275.6901066771861,474047.0,99.0
CA-504,2009,65776.52926397593,1275.6901066771861,474047.0,99.0
CA-504,2010,65776.52926397593,1275.6901066771861,474047.0,99.0
CA-504,2011,67125.8951856751,1303.1228019584119,478551.0,99.0
CA-504,2012,66155.1396921333,1318.2889342566853,483456.0,99.0
CA-504,2013,66148.49168870226,1302.4675620398425,487469.0,99.0
CA-504,2014,66368.86226844792,1286.453524878505,491790.0,99.0
CA-504,2015,67496.52928023462,1417.5895656845992,495078.0,99.0
CA-504,2016,69359.31162812188,1470.1070260518788,497776.0,99.0
CA-504,2017,74070.63789293393,1554.3637998734387,500943.0,99.0
CA-504,2018,79091.32920686911,1625.2810158043712,501317.0,99.0
CA-504,2019,83862.82544840447,1695.400618682119,499772.0,99.0
CA-504,2020,89034.85643547417,1770.7673796952904,496801.0,121.0
CA-504,2021,95045.29967837433,1882.5109949685075,492498.0,121.0
CA-504,2022,103675.0703203695,2050.124869993203,488436.0,121.0
CA-504,2023,107212.61328303565,2064.2242042492207,485642.0,121.0
CA-505,2007,85390.37206835616,1162.685215488935,1024809.0,207.0
CA-505,2008,85390.37206835616,1162.685215488935,1024809.0,207.0
CA-505,2009,85390.37206835616,1162.685215488935,1024809.0,207.0
CA-505,2010,85390.37206835616,1162.685215488935,1024809.0,207.0
CA-505,2011,86427.56409174258,1130.231800982254,1037817.0,207.0
CA-505,2012,86267.23033666748,1114.2726684264105,1052047.0,207.0
CA-505,2013,87140.91831911233,1080.4418743209287,1065794.0,207.0
CA-505,2014,88316.12943013155,1089.7359567604362,1081232.0,207.0
CA-505,2015,89490.18980939139,1622.9701177299219,1096068.0,207.0
CA-505,2016,93157.87296252002,1675.8512444434416,1107925.0,207.0
CA-505,2017,99096.98821459529,1797.7926309850332,1123678.0,207.0
CA-505,2018,102650.61359615336,1865.2196449670726,1133247.0,207.0
CA-505,2019,107640.95768618281,1943.1434562105876,1142251.0,207.0
CA-505,2020,108330.85134362792,1964.576711901501,1147788.0,241.0
CA-505,2021,112479.86288472448,1975.161861260301,1161643.0,241.0
CA-505,2022,118406.59053471041,1984.3055481968747,1162648.0,241.0
CA-505,2023,117277.96604784676,1999.164220316189,1161458.0,241.0
CA-506,2007,60427.36074314773,1081.1172717767092,461927.0,104.0
CA-506,2008,60427.36074314773,1081.1172717767092,461927.0,104.0
CA-506,2009,60427.36074314773,1081.1172717767092,461927.0,104.0
CA-506,2010,60427.36074314773,1081.1172717767092,461927.0,104.0
CA-506,2011,61140.97628137212,1118.1634309759831,466258.0,104.0
CA-506,2012,61133.67510060085,1110.4596515330763,471666.0,104.0
CA-506,2013,60674.00372364082,1136.3432210856668,476684.0,104.0
CA-506,2014,62125.48689227193,1176.7876819941264,481815.0,104.0
CA-506,2015,63134.203352688695,1347.7657192004906,485998.0,104.0
CA-506,2016,64676.43550461647,1351.7502949296675,488252.0,104.0
CA-506,2017,68071.2877466,1419.5417524840445,491839.0,104.0
CA-506,2018,71210.89446803673,1493.7066833391525,492628.0,104.0
CA-506,2019,73392.32525831027,1541.4468433693949,493786.0,104.0
CA-506,2020,78307.54226488502,1603.5066103970687,494524.0,115.0
CA-506,2021,83436.68576019049,1682.531115986637,502282.0,115.0
CA-506,2022,92475.8608354135,1780.473823657044,502362.0,115.0
CA-506,2023,96583.27379106976,1849.6016577337664,501890.0,115.0
CA-507,2007,90139.78476420308,1120.809499900798,246971.0,54.0
CA-507,2008,90139.78476420308,1120.809499900798,246971.0,54.0
CA-507,2009,90139.78476420308,1120.809499900798,246971.0,54.0
CA-507,2010,90139.78476420308,1120.809499900798,246971.0,54.0
CA-507,2011,90936.59144681363,1160.4512990402764,249030.0,54.0
CA-507,2012,92229.9483526198,1138.5487285267156,251126.0,54.0
CA-507,2013,92929.19066089398,1154.9862957910761,252915.0,54.0
CA-507,2014,95210.8678757493,1203.084757398864,254904.0,54.0
CA-507,2015,97746.27080782161,1829.986794998791,256418.0,54.0
CA-507,2016,102968.48941344667,1885.0559358513142,257402.0,54.0
CA-507,2017,109510.40060182789,1999.1978306383703,258878.0,54.0
CA-507,2018,114726.61986211273,2114.9040747160234,258472.0,54.0
CA-507,2019,121313.3965085736,2204.433452916883,258118.0,54.0
CA-507,2020,128187.41545929364,2313.6635924120924,257515.0,61.0
CA-507,2021,135844.76546758725,2307.7880074147706,260561.0,61.0
CA-507,2022,142088.08806035333,2170.6063738922408,258743.0,61.0
CA-507,2023,144354.06732354496,1957.5399881793014,257176.0,61.0
CA-508,2007,67358.86465992736,1292.2934710258037,256901.0,52.0
CA-508,2008,67358.86465992736,1292.2934710258037,256901.0,52.0
CA-508,2009,67358.86465992736,1292.2934710258037,256901.0,52.0
CA-508,2010,67358.86465992736,1292.2934710258037,256901.0,52.0
CA-508,2011,68091.12860733533,1312.9298116437035,259402.0,52.0
CA-508,2012,69059.34606617366,1379.1980597697645,262340.0,52.0
CA-508,2013,67627.93429201534,1340.2023503821638,264808.0,52.0
CA-508,2014,68883.63082001325,1388.4480900289293,267203.0,52.0
CA-508,2015,69344.715398213,1497.710592770297,269278.0,52.0
CA-508,2016,70996.56329840439,1544.1177901384485,270931.0,52.0
CA-508,2017,73510.41029703985,1609.2715223063497,273263.0,52.0
CA-508,2018,80197.30144832247,1695.2900918671123,273765.0,52.0
CA-508,2019,84806.49644111228,1769.6833830969258,273962.0,52.0
CA-508,2020,91959.86939634659,1856.8531537138047,273170.0,69.0
CA-508,2021,96292.06719752478,1940.5869889541336,272138.0,69.0
CA-508,2022,103716.54665619147,2136.216642898898,268571.0,69.0
CA-508,2023,107852.78257731533,2166.6518883847516,266021.0,69.0
CA-509,2007,44761.17136260244,896.9724301896282,87487.0,20.0
CA-509,2008,44761.17136260244,896.9724301896282,87487.0,20.0
CA-509,2009,44761.17136260244,896.9724301896282,87487.0,20.0
CA-509,2010,44761.17136260244,896.9724301896282,87487.0,20.0
CA-509,2011,46083.03898314767,954.6786175378463,87525.0,20.0
CA-509,2012,44934.757173687154,982.7238886922365,87577.0,20.0
CA-509,2013,44455.08687154988,1001.3419088654468,87497.0,20.0
CA-509,2014,43946.16737433228,1021.3655435328494,87612.0,20.0
CA-509,2015,44042.48102668372,999.6867860732889,87544.0,20.0
CA-509,2016,44836.65045933485,1002.3628116097884,87409.0,20.0
CA-509,2017,46793.14437066414,1069.1612626718631,87497.0,20.0
CA-509,2018,49567.53581478346,1103.4719292626569,87422.0,20.0
CA-509,2019,52325.90898147299,1155.815429239659,87224.0,20.0
CA-509,2020,53773.87767190908,1140.66406841924,87110.0,23.0
CA-509,2021,58163.29558415452,1202.4535036161426,91534.0,23.0
CA-509,2022,64906.658105216964,1215.3691809753689,91145.0,23.0
CA-509,2023,68262.36183840633,1262.1283003891565,90709.0,23.0
CA-510,2007,52682.35416593091,1001.5011830906329,509682.0,94.0
CA-510,2008,52682.35416593091,1001.5011830906329,509682.0,94.0
CA-510,2009,52682.35416593091,1001.5011830906329,509682.0,94.0
CA-510,2010,52682.35416593091,1001.5011830906329,509682.0,94.0
CA-510,2011,52821.46944498106,1029.652213109476,512469.0,94.0
CA-510,2012,51842.43920677907,1045.0070062024984,515115.0,94.0
CA-510,2013,50932.18902379028,1054.5679627103668,518321.0,94.0
CA-510,2014,50927.10162511429,1054.4742039885691,522794.0,94.0
CA-510,2015,51428.43599239239,1044.950444377445,527367.0,94.0
CA-510,2016,53335.90613520406,1060.6684924070937,530561.0,94.0
CA-510,2017,56348.61347734858,1106.9128721410384,535684.0,94.0
CA-510,2018,59946.796963105946,1166.9450807619492,539301.0,94.0
CA-510,2019,63568.351047691984,1233.0024613673936,543194.0,94.0
CA-510,2020,65468.04364055763,1294.696423700422,546235.0,112.0
CA-510,2021,71229.26224942906,1378.1798410433482,550842.0,112.0
CA-510,2022,76967.74536239523,1514.2114903552674,552063.0,112.0
CA-510,2023,82172.8672937981,1572.3662526029877,552250.0,112.0
CA-511,2007,58395.37246608958,1130.3572659672543,673613.0,139.0
CA-511,2008,58395.37246608958,1130.3572659672543,673613.0,139.0
CA-511,2009,58395.37246608958,1130.3572659672543,673613.0,139.0
CA-511,2010,58395.37246608958,1130.3572659672543,673613.0,139.0
CA-511,2011,57933.99779648584,1163.1311201172464,680277.0,139.0
CA-511,2012,57893.98664116582,1177.3727170046402,687036.0,139.0
CA-511,2013,57411.58896645445,1197.5470767206643,693177.0,139.0
CA-511,2014,56971.98277155695,1151.1822708793952,701050.0,139.0
CA-511,2015,57348.55831453919,1195.3542383502174,708554.0,139.0
CA-511,2016,59533.77924628599,1234.6127801247796,714860.0,139.0
CA-511,2017,62270.68876052436,1282.2447341929123,724153.0,139.0
CA-511,2018,65843.92878701797,1348.0559100369837,732212.0,139.0
CA-511,2019,70049.22873729302,1411.5967481951998,742603.0,139.0
CA-511,2020,74415.70547155126,1472.843367947686,751615.0,174.0
CA-511,2021,80150.52253547419,1536.9239051809293,771406.0,174.0
CA-511,2022,89049.70472194959,1736.9626747236816,779445.0,174.0
CA-511,2023,95655.63490200859,1811.277942028102,787416.0,174.0
CA-512,2007,92799.17734518199,1177.5518161308596,704327.0,157.0
CA-512,2008,92799.17734518199,1177.5518161308596,704327.0,157.0
CA-512,2009,92799.17734518199,1177.5518161308596,704327.0,157.0
CA-512,2010,92799.17734518199,1177.5518161308596,704327.0,157.0
CA-512,2011,91968.4016781381,1190.4304448148034,711622.0,157.0
CA-512,2012,92008.98602296505,1145.4505555455412,721183.0,157.0
CA-512,2013,93030.46210847065,1140.8638586073748,729543.0,157.0
CA-512,2014,95583.40991596798,1162.2554022034583,739837.0,157.0
CA-512,2015,100013.07296879654,1874.4280175390093,748731.0,157.0
CA-512,2016,103501.38739817793,1953.491085766375,754748.0,157.0
CA-512,2017,110952.37119523218,2087.3367738555244,763450.0,157.0
CA-512,2018,114300.25307369424,2246.2965982753108,765935.0,157.0
CA-512,2019,120452.54070440943,2269.7188043621313,767423.0,157.0
CA-512,2020,124352.52705705028,2221.6840925625274,765623.0,173.0
CA-512,2021,125276.44046594831,2114.2547817145974,762488.0,173.0
CA-512,2022,135834.19035333113,1930.354241962214,754250.0,173.0
CA-512,2023,132673.53877063483,1895.6349510132868,745100.0,173.0
CA-513,2007,45191.60959543586,796.7707492859923,580526.0,105.0
CA-513,2008,45191.60959543586,796.7707492859923,580526.0,105.0
CA-513,2009,45191.60959543586,796.7707492859923,580526.0,105.0
CA-513,2010,45191.60959543586,796.7707492859923,580526.0,105.0
CA-513,2011,45344.078602508795,835.2251341813788,588569.0,105.0
CA-513,2012,45354.582293103245,842.2141989933638,593859.0,105.0
CA-513,2013,44482.15431531456,850.2918088395021,598450.0,105.0
CA-513,2014,44697.92800308051,860.6928919266122,602498.0,105.0
CA-513,2015,44334.619867411755,869.0582036292355,605031.0,105.0
CA-513,2016,45063.101265613914,877.113738593799,606030.0,105.0
CA-513,2017,46995.557439178185,918.8492328306447,608992.0,105.0
CA-513,2018,49662.940984551686,964.9015612101836,610552.0,105.0
CA-513,2019,52114.163683970815,987.9460715096092,612589.0,105.0
CA-513,2020,54869.259907811625,997.0195205228886,615045.0,134.0
CA-513,2021,58951.58893280633,1053.6163342890995,622886.0,134.0
CA-513,2022,65451.59124130737,1182.6912938665507,625961.0,134.0
CA-513,2023,69291.1861633079,1251.1416647046472,628604.0,134.0
CA-514,2007,49019.99101619583,894.5569125697541,1056568.0,222.0
CA-514,2008,49019.99101619583,894.5569125697541,1056568.0,222.0
CA-514,2009,49019.99101619583,894.5569125697541,1056568.0,222.0
CA-514,2010,49019.99101619583,894.5569125697541,1056568.0,222.0
CA-514,2011,49684.27885490463,925.3309565945391,1070234.0,222.0
CA-514,2012,48739.34212936071,950.5353925330116,1081132.0,222.0
CA-514,2013,48519.825631507556,964.2307724739698,1091040.0,222.0
CA-514,2014,48531.837552302015,973.6670268483678,1101296.0,222.0
CA-514,2015,48392.64589309654,993.4855424096525,1109936.0,222.0
CA-514,2016,48975.73036901962,1010.5648386154912,1116526.0,222.0
CA-514,2017,51873.140787847144,1043.4704641687447,1126056.0,222.0
CA-514,2018,54861.19809768052,1078.7029192255523,1133143.0,222.0
CA-514,2019,57953.861841793616,1114.5102039205092,1139954.0,222.0
CA-514,2020,61815.82184291646,1155.9073481257346,1146129.0,259.0
CA-514,2021,65699.77496908027,1210.681929597897,1159454.0,259.0
CA-514,2022,72524.22964111391,1326.206839333072,1165523.0,259.0
CA-514,2023,76267.32390844295,1415.6828365538174,1170942.0,259.0
CA-515,2007,79303.79092478832,1084.573736094889,336477.0,85.0
CA-515,2008,79303.79092478832,1084.573736094889,336477.0,85.0
CA-515,2009,79303.79092478832,1084.573736094889,336477.0,85.0
CA-515,2010,79303.79092478832,1084.573736094889,336477.0,85.0
CA-515,2011,79290.36595702567,1177.30555312993,343554.0,85.0
CA-515,2012,78507.20178305158,1220.7985254546181,350074.0,85.0
CA-515,2013,77994.79182353536,1221.1591435250223,355924.0,85.0
CA-515,2014,79020.82866136679,1208.517938249271,361518.0,85.0
CA-515,2015,80020.03170252265,1432.2002620945725,366280.0,85.0
CA-515,2016,83680.72599312953,1423.454881790534,370571.0,85.0
CA-515,2017,87786.21963278532,1498.157928983826,374985.0,85.0
CA-515,2018,92606.4850569753,1583.516034908716,380077.0,85.0
CA-515,2019,96433.31873975389,1636.2914332108987,385512.0,85.0
CA-515,2020,102574.58789328202,1618.1328129985018,391799.0,92.0
CA-515,2021,109139.06433192616,1676.4084655159493,400330.0,92.0
CA-515,2022,119167.63505390941,1896.1577096368,406608.0,92.0
CA-515,2023,124530.89550110926,2028.82194770085,412435.0,92.0
CA-516,2007,45388.74389581521,841.2944356709816,318511.0,90.0
CA-516,2008,45388.74389581521,841.2944356709816,318511.0,90.0
CA-516,2009,45388.74389581521,841.2944356709816,318511.0,90.0
CA-516,2010,45388.74389581521,841.2944356709816,318511.0,90.0
CA-516,2011,46181.31821207022,877.7063283270965,318536.0,90.0
CA-516,2012,46509.6034659441,923.1671486590135,318124.0,90.0
CA-516,2013,45877.44157716268,932.6645343427175,317025.0,90.0
CA-516,2014,45873.47523928028,938.8729400366637,315843.0,90.0
CA-516,2015,46224.18935825799,934.0950543981223,314441.0,90.0
CA-516,2016,46956.55812342147,940.4587929894919,313187.0,90.0
CA-516,2017,47808.76107978858,951.8864471917099,311987.0,90.0
CA-516,2018,51582.13909833516,939.6293340945026,311801.0,90.0
CA-516,2019,54073.38727856226,975.3081322207959,311600.0,90.0
CA-516,2020,58220.052789809735,1018.3597137998524,311670.0,95.0
CA-516,2021,61681.79188867199,1053.5781411592372,318123.0,95.0
CA-516,2022,68112.17543205468,1138.8548789235683,316453.0,95.0
CA-516,2023,71190.38404024875,1203.710461120181,314842.0,95.0
CA-517,2007,69307.06524382511,1197.6398311090554,134051.0,40.0
CA-517,2008,69307.06524382511,1197.6398311090554,134051.0,40.0
CA-517,2009,69307.06524382511,1197.6398311090554,134051.0,40.0
CA-517,2010,69307.06524382511,1197.6398311090554,134051.0,40.0
CA-517,2011,70645.52906328253,1285.9956418003057,135377.0,40.0
CA-517,2012,72142.4961359445,1319.7808538977197,136644.0,40.0
CA-517,2013,72149.12740410776,1244.242634416013,137837.0,40.0
CA-517,2014,72716.85278593638,1280.740982240957,139253.0,40.0
CA-517,2015,73381.7744110624,1506.6392601304394,140295.0,40.0
CA-517,2016,77434.62361972121,1564.3197915113299,140823.0,40.0
CA-517,2017,83147.11549235843,1601.3646750115245,141005.0,40.0
CA-517,2018,87969.39494058207,1732.5629616452004,140530.0,40.0
CA-517,2019,92479.28852696189,1789.9833981507345,139623.0,40.0
CA-517,2020,94871.33721819703,1864.0353534624599,138572.0,40.0
CA-517,2021,100645.69935516409,1892.437191541482,138795.0,40.0
CA-517,2022,109792.81175391603,2045.044845105689,137384.0,40.0
CA-517,2023,111991.88043654001,2088.5321893143237,136070.0,40.0
CA-518,2007,70543.82800298506,1257.2223650260216,410042.0,96.0
CA-518,2008,70543.82800298506,1257.2223650260216,410042.0,96.0
CA-518,2009,70543.82800298506,1257.2223650260216,410042.0,96.0
CA-518,2010,70543.82800298506,1257.2223650260216,410042.0,96.0
CA-518,2011,71810.51071376512,1258.4847164860794,411620.0,96.0
CA-518,2012,70707.84207972304,1206.642028541147,414209.0,96.0
CA-518,2013,69466.30268083536,1165.2227758365327,417258.0,96.0
CA-518,2014,70218.9409616151,1145.758683092044,421624.0,96.0
CA-518,2015,69984.30540242817,1426.2114841234236,425753.0,96.0
CA-518,2016,71650.5388178661,1467.2395878918799,429596.0,96.0
CA-518,2017,75319.43343732254,1540.93996059598,434981.0,96.0
CA-518,2018,80070.14100745672,1624.7155702004425,438530.0,96.0
CA-518,2019,83839.18185995035,1705.8984561900645,441829.0,96.0
CA-518,2020,86855.66478681237,1790.0018513602886,444538.0,100.0
CA-518,2021,92768.87673669567,1933.4102788459834,451432.0,100.0
CA-518,2022,101422.24924444838,2101.199682923314,450995.0,100.0
CA-518,2023,104678.60511862722,2145.7428663957553,450824.0,100.0
CA-519,2007,44912.386552930686,885.5841470944725,218635.0,51.0
CA-519,2008,44912.386552930686,885.5841470944725,218635.0,51.0
CA-519,2009,44912.386552930686,885.5841470944725,218635.0,51.0
CA-519,2010,44912.386552930686,885.5841470944725,218635.0,51.0
CA-519,2011,44545.390517489024,893.9399933427264,219309.0,51.0
CA-519,2012,44483.91690632937,913.1260330484641,220101.0,51.0
CA-519,2013,45298.73122579826,930.4345748202156,220542.0,51.0
CA-519,2014,45762.31060394082,933.1797245213875,221578.0,51.0
CA-519,2015,45809.81538344027,946.5777708883737,222564.0,51.0
CA-519,2016,46961.19656329145,993.1797862218987,223877.0,51.0
CA-519,2017,49036.38234157908,1023.5241577748471,225207.0,51.0
CA-519,2018,51626.33758449851,1063.1609556313992,227075.0,51.0
CA-519,2019,55710.55755324001,1102.524247510152,225817.0,51.0
CA-519,2020,59412.93030482126,1094.2922576832152,223344.0,54.0
CA-519,2021,64627.55893502965,1193.5917185291255,217884.0,54.0
CA-519,2022,71325.46677746308,1331.0083144121159,213605.0,54.0
CA-519,2023,73438.96508807944,1393.7964290829236,209470.0,54.0
CA-520,2007,45707.90461868615,871.5461409897925,250699.0,49.0
CA-520,2008,45707.90461868615,871.5461409897925,250699.0,49.0
CA-520,2009,45707.90461868615,871.5461409897925,250699.0,49.0
CA-520,2010,45707.90461868615,871.5461409897925,250699.0,49.0
CA-520,2011,46264.9785651759,865.078097521352,253606.0,49.0
CA-520,2012,46321.47178215119,876.1409917394052,256398.0,49.0
CA-520,2013,45064.57648227531,919.4818114701187,258707.0,49.0
CA-520,2014,45480.199519129696,914.3923985795595,261609.0,49.0
CA-520,2015,45139.5167023514,916.1949333990185,263885.0,49.0
CA-520,2016,47194.48103214705,943.9896490956638,265001.0,49.0
CA-520,2017,49350.478020868395,1005.5402932046823,267390.0,49.0
CA-520,2018,53187.883928272786,1039.84227817523,269075.0,49.0
CA-520,2019,56703.337089416396,1086.724241106632,271382.0,49.0
CA-520,2020,59822.09572792616,1121.465466398208,273661.0,63.0
CA-520,2021,61374.30369335483,1169.949288912771,279150.0,63.0
CA-520,2022,68755.45878352049,1307.0677388501188,282290.0,63.0
CA-520,2023,69152.17975679017,1362.7244158727158,285597.0,63.0
CA-521,2007,59993.96673930088,1111.1966673115498,196418.0,41.0
CA-521,2008,59993.96673930088,1111.1966673115498,196418.0,41.0
CA-521,2009,59993.96673930088,1111.1966673115498,196418.0,41.0
CA-521,2010,59993.96673930088,1111.1966673115498,196418.0,41.0
CA-521,2011,61407.495774024705,1127.9268989235202,198889.0,41.0
CA-521,2012,61099.86244044745,1122.821076003246,200873.0,41.0
CA-521,2013,59640.86775290675,1120.4514899549158,202288.0,41.0
CA-521,2014,59407.108335537465,1130.9767194678736,204162.0,41.0
CA-521,2015,59370.820485240205,1202.6027879606406,207320.0,41.0
CA-521,2016,60862.29604475583,1243.9971765289429,209671.0,41.0
CA-521,2017,64953.14107382235,1273.8014486959385,212605.0,41.0
CA-521,2018,68374.27813207924,1341.3436507161232,214977.0,41.0
CA-521,2019,73041.61882568369,1394.426920387206,217352.0,41.0
CA-521,2020,76246.38011372466,1476.928496987759,218774.0,53.0
CA-521,2021,82799.0720433035,1533.9832489628661,216703.0,53.0
CA-521,2022,89985.15641449565,1742.4645184465394,217141.0,53.0
CA-521,2023,93100.28079914777,1776.645526260205,217782.0,53.0
CA-522,2007,41471.146409836314,871.3099550571931,133058.0,30.0
CA-522,2008,41471.146409836314,871.3099550571931,133058.0,30.0
CA-522,2009,41471.146409836314,871.3099550571931,133058.0,30.0
CA-522,2010,41471.146409836314,871.3099550571931,133058.0,30.0
CA-522,2011,41274.63027285998,890.5151626305349,133585.0,30.0
CA-522,2012,41950.12131748029,885.0297579606454,134317.0,30.0
CA-522,2013,42404.29462236188,913.9638890746064,134613.0,30.0
CA-522,2014,43038.85232361576,921.8524422432456,134876.0,30.0
CA-522,2015,43187.94131107721,929.4112964142364,135034.0,30.0
CA-522,2016,43748.890044532556,936.895548223876,135182.0,30.0
CA-522,2017,44889.59136467636,972.6353457819765,135490.0,30.0
CA-522,2018,46685.682473042245,994.0960388309469,135768.0,30.0
CA-522,2019,49217.32334117993,1024.739156981021,135940.0,30.0
CA-522,2020,50738.24525903557,1034.8035870419762,136101.0,35.0
CA-522,2021,53316.405542499306,1141.127694980075,137014.0,35.0
CA-522,2022,59073.95337613493,1260.453765462933,136132.0,35.0
CA-522,2023,63478.251842443395,1334.8532839061277,135418.0,35.0
CA-523,2007,44642.877597490486,766.5940669734558,62801.0,16.0
CA-523,2008,44642.877597490486,766.5940669734558,62801.0,16.0
CA-523,2009,44642.877597490486,766.5940669734558,62801.0,16.0
CA-523,2010,44642.877597490486,766.5940669734558,62801.0,16.0
CA-523,2011,44448.74937733005,806.3098754660109,63035.0,16.0
CA-523,2012,43822.55976228209,805.649587955626,63100.0,16.0
CA-523,2013,44841.97270766596,791.280741539535,63058.0,16.0
CA-523,2014,43535.56442390165,800.7415260967629,62958.0,16.0
CA-523,2015,43048.607009777385,810.0011783814771,62798.0,16.0
CA-523,2016,45314.173696754486,811.0842970711966,62517.0,16.0
CA-523,2017,48318.61356903813,820.1499735792862,62451.0,16.0
CA-523,2018,48519.53560580493,844.3526670202336,62223.0,16.0
CA-523,2019,50912.27909222598,842.4193304361822,62130.0,16.0
CA-523,2020,51261.58113766669,870.0180860658378,62092.0,18.0
CA-523,2021,56074.17859460112,950.3497050080726,66273.0,18.0
CA-523,2022,63003.603689136035,1014.3727865937278,66357.0,18.0
CA-523,2023,68955.52564604543,1109.4165261128849,66404.0,18.0
CA-524,2007,51853.97371491068,934.6789464090411,164580.0,35.0
CA-524,2008,51853.97371491068,934.6789464090411,164580.0,35.0
CA-524,2009,51853.97371491068,934.6789464090411,164580.0,35.0
CA-524,2010,51853.97371491068,934.6789464090411,164580.0,35.0
CA-524,2011,51559.92235360733,961.7491401068617,166009.0,35.0
CA-524,2012,51445.9039967877,982.9975608148197,166859.0,35.0
CA-524,2013,51445.715871678585,989.0296126337677,167361.0,35.0
CA-524,2014,51838.5194972818,992.5766984285596,168126.0,35.0
CA-524,2015,52746.43980460506,1032.0081631927153,168684.0,35.0
CA-524,2016,53777.51037488999,1035.4146471119827,169303.0,35.0
CA-524,2017,55253.64448647982,1090.5356377072967,170227.0,35.0
CA-524,2018,58351.14301053307,1107.9187640416656,171365.0,35.0
CA-524,2019,61633.07095767935,1153.3600357165635,172469.0,35.0
CA-524,2020,64953.17437974217,1176.7721800056374,173839.0,40.0
CA-524,2021,68013.19731563816,1232.1232756123109,179484.0,40.0
CA-524,2022,73209.00414809243,1279.4096711392322,180806.0,40.0
CA-524,2023,78709.93634166438,1371.9274210381764,182050.0,40.0
CA-525,2007,76092.83765142165,1188.9774982826314,179053.0,43.0
CA-525,2008,76092.83765142165,1188.9774982826314,179053.0,43.0
CA-525,2009,76092.83765142165,1188.9774982826314,179053.0,43.0
CA-525,2010,76092.83765142165,1188.9774982826314,179053.0,43.0
CA-525,2011,75103.19393144242,1061.2268815530526,179878.0,43.0
CA-525,2012,76501.34156317024,1090.774352835553,180441.0,43.0
CA-525,2013,76039.15681117459,1089.6195699019793,180982.0,43.0
CA-525,2014,76152.15217810597,1042.0996390488524,181465.0,43.0
CA-525,2015,77320.7767624236,1309.2684727035087,182093.0,43.0
CA-525,2016,79007.9909125683,1357.8161256830601,183000.0,43.0
CA-525,2017,81897.89404642867,1403.8779720563198,185015.0,43.0
CA-525,2018,86913.77368062959,1507.300609125634,186661.0,43.0
CA-525,2019,90790.9937156282,1556.2979428625977,188563.0,43.0
CA-525,2020,91303.57395781344,1496.7188683705901,190345.0,55.0
CA-525,2021,97758.9594632887,1463.0528577725536,190568.0,55.0
CA-525,2022,110034.9656413493,1618.495135958438,191713.0,55.0
CA-525,2023,115219.69859437646,1654.1358197390523,192299.0,55.0
CA-526,2007,53450.13924441503,941.9183413681193,158685.0,36.0
CA-526,2008,53450.13924441503,941.9183413681193,158685.0,36.0
CA-526,2009,53450.13924441503,941.9183413681193,158685.0,36.0
CA-526,2010,53450.13924441503,941.9183413681193,158685.0,36.0
CA-526,2011,52943.46143334346,965.6518941694503,158064.0,36.0
CA-526,2012,52435.0792945637,975.2221179684558,156669.0,36.0
CA-526,2013,52839.57036650832,1005.1223303595566,155358.0,36.0
CA-526,2014,52251.64956307126,1008.0631522351706,154373.0,36.0
CA-526,2015,52811.344346807266,1017.7910499251449,153630.0,36.0
CA-526,2016,53831.67309587039,1050.1110016377504,153259.0,36.0
CA-526,2017,57012.58639553015,1080.7487396049896,153920.0,36.0
CA-526,2018,58397.13727545685,1085.0794119169643,154536.0,36.0
CA-526,2019,60367.89478662617,1141.0425267682488,155408.0,36.0
CA-526,2020,61844.941388332685,1120.9945431399017,156317.0,48.0
CA-526,2021,66594.84631946907,1135.7143219008055,157912.0,48.0
CA-526,2022,70805.29752989758,1317.8900324548222,158374.0,48.0
CA-526,2023,76425.00819718541,1319.44181759847,158957.0,48.0
CA-527,2007,39109.73481422293,876.9595205753096,62575.0,11.0
CA-527,2008,39109.73481422293,876.9595205753096,62575.0,11.0
CA-527,2009,39109.73481422293,876.9595205753096,62575.0,11.0
CA-527,2010,39109.73481422293,876.9595205753096,62575.0,11.0
CA-527,2011,39997.86892117171,920.8331983805668,62985.0,11.0
CA-527,2012,41797.7417721519,936.5604905063291,63200.0,11.0
CA-527,2013,42851.79160671084,922.7888078936134,63241.0,11.0
CA-527,2014,43361.58060489223,925.0629701030276,63284.0,11.0
CA-527,2015,42710.88120724601,881.1652045857613,63152.0,11.0
CA-527,2016,41218.91679758787,852.5394112512894,63015.0,11.0
CA-527,2017,43394.14724809082,834.3558587759103,63247.0,11.0
CA-527,2018,43426.6215265176,854.1892288514036,63373.0,11.0
CA-527,2019,46153.80765740393,870.8441137814494,63912.0,11.0
CA-527,2020,52988.533174395416,925.3250747943156,64176.0,14.0
CA-527,2021,57775.85724998087,988.2021424745581,65345.0,14.0
CA-527,2022,64705.628733736485,1121.9316016126077,65484.0,14.0
CA-527,2023,66840.1077075702,1131.3074023199024,65520.0,14.0
CA-529,2007,42010.53205636078,934.7665408336052,64371.0,15.0
CA-529,2008,42010.53205636078,934.7665408336052,64371.0,15.0
CA-529,2009,42010.53205636078,934.7665408336052,64371.0,15.0
CA-529,2010,42010.53205636078,934.7665408336052,64371.0,15.0
CA-529,2011,42596.71839669524,944.9755714995651,64392.0,15.0
CA-529,2012,40585.87834058421,945.0744095711622,64360.0,15.0
CA-529,2013,39801.355057578585,962.158076563959,64260.0,15.0
CA-529,2014,39629.30444330234,999.7147751872791,64209.0,15.0
CA-529,2015,39968.48530191091,984.4689672371334,64158.0,15.0
CA-529,2016,40036.32297584119,1000.9703008926899,64076.0,15.0
CA-529,2017,42341.808268975736,1029.7804352913645,64095.0,15.0
CA-529,2018,44396.33310469539,1033.7694705992392,64148.0,15.0
CA-529,2019,48906.122579640156,1110.923638912688,64195.0,15.0
CA-529,2020,52416.16564503081,1045.7108096334557,64276.0,21.0
CA-529,2021,58253.64269583315,1154.2322986317142,67749.0,21.0
CA-529,2022,61056.172042220394,1254.185552158062,68024.0,21.0
CA-529,2023,64505.80193428139,1325.0884075199226,68139.0,21.0
CA-530,2007,52193.46707444428,992.8888557362375,33515.0,10.0
CA-530,2008,52193.46707444428,992.8888557362375,33515.0,10.0
CA-530,2009,52193.46707444428,992.8888557362375,33515.0,10.0
CA-530,2010,52193.46707444428,992.8888557362375,33515.0,10.0
CA-530,2011,54947.912306777645,1069.946016646849,33640.0,10.0
CA-530,2012,54258.4728524164,1077.433829611249,33852.0,10.0
CA-530,2013,55541.78109496811,1031.112479329081,33864.0,10.0
CA-530,2014,53539.511290417926,977.954572323698,33834.0,10.0
CA-530,2015,53352.17512630015,999.3167013372957,33650.0,10.0
CA-530,2016,55068.5218259289,945.9487798337356,33561.0,10.0
CA-530,2017,57270.74772835964,973.2450681492109,33456.0,10.0
CA-530,2018,59147.78018260739,971.2990270917527,33405.0,10.0
CA-530,2019,62004.93638600492,913.0529916581648,33326.0,10.0
CA-530,2020,66271.79163182415,1103.6741428742087,33484.0,11.0
CA-530,2021,69590.92143903825,1109.0573581745866,33439.0,11.0
CA-530,2022,75163.52382087418,1196.2550725501296,33563.0,11.0
CA-530,2023,83003.02019781982,1365.6951911367214,33667.0,11.0
CA-531,2007,58786.459220255434,1195.9350925793901,98186.0,20.0
CA-531,2008,58786.459220255434,1195.9350925793901,98186.0,20.0
CA-531,2009,58786.459220255434,1195.9350925793901,98186.0,20.0
CA-531,2010,58786.459220255434,1195.9350925793901,98186.0,20.0
CA-531,2011,60628.04634523132,1282.505793153915,98392.0,20.0
CA-531,2012,59764.09175708732,1272.8001035312268,98521.0,20.0
CA-531,2013,59196.84511059903,1332.8675247946887,98509.0,20.0
CA-531,2014,58221.0832302294,1313.079619901426,98606.0,20.0
CA-531,2015,58188.37942578878,1305.0869432890331,98570.0,20.0
CA-531,2016,60438.58357242065,1304.9691095814028,98639.0,20.0
CA-531,2017,64271.824288229225,1396.9934539347214,98838.0,20.0
CA-531,2018,67246.77324102854,1413.8418742178985,99092.0,20.0
CA-531,2019,71501.52815283544,1513.5299463947442,99244.0,20.0
CA-531,2020,74336.75263787883,1497.2203546677129,99417.0,26.0
CA-531,2021,79989.83447938094,1534.0012537956704,102090.0,26.0
CA-531,2022,84817.25021989406,1612.3700084048396,102322.0,26.0
CA-531,2023,90626.43587240855,1757.9550618826377,102452.0,26.0
CA-600,2007,60364.74918834262,1088.3633745916086,8974846.0,2159.0
CA-600,2008,60364.74918834262,1088.3633745916086,8974846.0,2159.0
CA-600,2009,60364.74918834262,1088.3633745916086,8974846.0,2159.0
CA-600,2010,60364.74918834262,1088.3633745916086,8974846.0,2159.0
CA-600,2011,61174.60762910126,1115.1903770091167,9003708.0,2159.0
CA-600,2012,61055.444308612976,1117.0330476787228,9056975.0,2160.0
CA-600,2013,60835.21158410039,1127.351285369857,9104928.0,2160.0
CA-600,2014,60967.665550359896,1139.3928094404214,9179675.0,2160.0
CA-600,2015,61227.435994691055,1368.3341987835497,9239507.0,2160.0
CA-600,2016,62879.262465356456,1400.0798684749755,9257858.0,2160.0
CA-600,2017,65952.3347481745,1450.9694216081568,9302811.0,2160.0
CA-600,2018,69606.06336980572,1497.0132326376088,9296257.0,2160.0
CA-600,2019,73023.90327938348,1562.2643911020714,9282385.0,2160.0
CA-600,2020,76322.89608855061,1602.9899921587378,9235758.0,2307.0
CA-600,2021,81457.68469101611,1685.6191308425737,9216144.0,2307.0
CA-600,2022,88106.3803114528,1794.4605724701025,9140390.0,2307.0
CA-600,2023,92343.10245214199,1850.5204906270849,9059508.0,2307.0
CA-601,2007,67765.38250504447,1200.3595868753382,3018653.0,625.0
CA-601,2008,67765.38250504447,1200.3595868753382,3018653.0,625.0
CA-601,2009,67765.38250504447,1200.3595868753382,3018653.0,625.0
CA-601,2010,67765.38250504447,1200.3595868753382,3018653.0,625.0
CA-601,2011,68674.64528229942,1220.5484913116504,3057888.0,625.0
CA-601,2012,68087.39962921137,1231.9604210107527,3096643.0,625.0
CA-601,2013,67955.44043995175,1232.8483576793726,3133980.0,625.0
CA-601,2014,69047.93410089724,1202.304238328214,3178541.0,625.0
CA-601,2015,69699.42323632892,1496.6500225041443,3219407.0,625.0
CA-601,2016,72096.02855228826,1544.714692830417,3249687.0,625.0
CA-601,2017,75984.80516894488,1628.8689591996,3280360.0,625.0
CA-601,2018,80440.98391853894,1719.760250669922,3299638.0,625.0
CA-601,2019,84657.6144643595,1759.5655684285546,3312791.0,625.0
CA-601,2020,88326.92706423855,1828.95876205766,3320607.0,734.0
CA-601,2021,94179.26533154715,1892.8347671946458,3293438.0,734.0
CA-601,2022,101480.10296872286,2026.743589610976,3286969.0,734.0
CA-601,2023,107642.1233299592,2066.9616349478333,3279860.0,734.0
CA-602,2007,77624.85611384157,1174.4232039858036,2965525.0,582.0
CA-602,2008,77624.85611384157,1174.4232039858036,2965525.0,582.0
CA-602,2009,77624.85611384157,1174.4232039858036,2965525.0,582.0
CA-602,2010,77624.85611384157,1174.4232039858036,2965525.0,582.0
CA-602,2011,78744.8063595086,1187.4654793327509,2989948.0,582.0
CA-602,2012,78739.01167368225,1180.093170717179,3021840.0,582.0
CA-602,2013,78090.18169351501,1182.7996943414169,3051771.0,582.0
CA-602,2014,79154.97973159717,1193.4443800745935,3086331.0,582.0
CA-602,2015,79867.79502122707,1681.7941499369879,3116069.0,582.0
CA-602,2016,82005.72970211777,1719.2533341463904,3132211.0,582.0
CA-602,2017,85087.72118875118,1774.77035384826,3155816.0,582.0
CA-602,2018,89548.95330262292,1843.2697237390264,3164182.0,582.0
CA-602,2019,94025.27881841287,1919.189796290708,3168044.0,582.0
CA-602,2020,98906.43286203868,1952.883518670681,3170345.0,613.0
CA-602,2021,105476.78758141494,2010.3222349393939,3182923.0,613.0
CA-602,2022,114586.2682227129,2060.8904557060014,3175227.0,613.0
CA-602,2023,118684.09881219179,2072.06568927357,3164063.0,613.0
CA-603,2007,61875.95155161266,1188.3685461638117,416051.0,89.0
CA-603,2008,61875.95155161266,1188.3685461638117,416051.0,89.0
CA-603,2009,61875.95155161266,1188.3685461638117,416051.0,89.0
CA-603,2010,61875.95155161266,1188.3685461638117,416051.0,89.0
CA-603,2011,64338.02956933536,1232.3045262784276,419793.0,89.0
CA-603,2012,64276.28933365439,1263.9147273096407,423594.0,89.0
CA-603,2013,64280.56023571923,1236.8164727303365,427288.0,89.0
CA-603,2014,65243.8104783863,1232.809676634496,431555.0,89.0
CA-603,2015,66015.5357944247,1507.8147665481245,435850.0,89.0
CA-603,2016,68514.98035708189,1558.926134798985,439395.0,89.0
CA-603,2017,72180.67250720097,1635.375226864351,442996.0,89.0
CA-603,2018,75318.13985955676,1693.2093600277642,443738.0,89.0
CA-603,2019,79612.91072524498,1761.588401385701,444829.0,89.0
CA-603,2020,82358.77247889951,1792.0630283550051,444895.0,108.0
CA-603,2021,88585.10281893707,1826.723927791963,447651.0,108.0
CA-603,2022,94621.73857906216,1953.2035407771111,445213.0,108.0
CA-603,2023,98950.6931538938,2044.8411599752237,443975.0,108.0
CA-604,2007,49058.14162190922,886.4678819114545,815693.0,151.0
CA-604,2008,49058.14162190922,886.4678819114545,815693.0,151.0
CA-604,2009,49058.14162190922,886.4678819114545,815693.0,151.0
CA-604,2010,49058.14162190922,886.4678819114545,815693.0,151.0
CA-604,2011,49769.82825527522,934.1915528897057,829254.0,151.0
CA-604,2012,49708.74572574966,957.5192664508141,839153.0,151.0
CA-604,2013,50182.57172331184,973.8487804820538,848204.0,151.0
CA-604,2014,50931.49142737225,976.9371830296247,857730.0,151.0
CA-604,2015,51190.470690834154,997.875711533308,865736.0,151.0
CA-604,2016,52472.80602223938,1004.4345322188774,871337.0,151.0
CA-604,2017,53734.70527480131,1043.3918388062962,878744.0,151.0
CA-604,2018,55527.80635137415,1067.0781685810477,883053.0,151.0
CA-604,2019,57109.435250286995,1098.1085652870925,887641.0,151.0
CA-604,2020,58813.76550941333,1052.8066396401848,892458.0,236.0
CA-604,2021,62739.934967824,1110.679007424551,905644.0,236.0
CA-604,2022,68870.81250392829,1227.7419468663543,906883.0,236.0
CA-604,2023,72780.45119849566,1339.626040576297,910433.0,236.0
CA-606,2007,53037.468614358,1073.7328943099412,456164.0,109.0
CA-606,2008,53037.468614358,1073.7328943099412,456164.0,109.0
CA-606,2009,53037.468614358,1073.7328943099412,456164.0,109.0
CA-606,2010,53037.468614358,1073.7328943099412,456164.0,109.0
CA-606,2011,55001.60244448775,1087.4781903258367,456701.0,109.0
CA-606,2012,54464.28780062343,1104.9797689882964,457466.0,109.0
CA-606,2013,54646.50250597411,1126.10944311928,459901.0,109.0
CA-606,2014,55235.717339523835,1076.8513631701128,463075.0,109.0
CA-606,2015,54850.312368954714,1238.5460881570543,465011.0,109.0
CA-606,2016,56661.3080011465,1264.4527230448623,464021.0,109.0
CA-606,2017,59730.8534072542,1327.7695145284208,464641.0,109.0
CA-606,2018,62654.454303671395,1387.928227132391,462849.0,109.0
CA-606,2019,65502.32477198959,1437.2227636730206,460286.0,109.0
CA-606,2020,68834.41212157824,1536.954259294418,463504.0,112.0
CA-606,2021,74120.00429090085,1608.1219915079482,467967.0,112.0
CA-606,2022,82396.84624783167,1770.506288989689,464065.0,112.0
CA-606,2023,86561.77273813558,1918.2849436434897,460284.0,112.0
CA-607,2007,67559.24784303748,1155.7706249017863,133637.0,33.0
CA-607,2008,67559.24784303748,1155.7706249017863,133637.0,33.0
CA-607,2009,67559.24784303748,1155.7706249017863,133637.0,33.0
CA-607,2010,67559.24784303748,1155.7706249017863,133637.0,33.0
CA-607,2011,70692.09890282014,1246.8185140709027,134071.0,33.0
CA-607,2012,71088.86914956143,1258.8387507160767,134413.0,33.0
CA-607,2013,71294.80679239146,1238.6888718035914,135269.0,33.0
CA-607,2014,73281.85558380857,1279.1131974248926,136072.0,33.0
CA-607,2015,76072.95921423666,1397.421861987347,136886.0,33.0
CA-607,2016,76098.88745168546,1466.9800190710505,137381.0,33.0
CA-607,2017,78844.30165044618,1523.6647919253762,138508.0,33.0
CA-607,2018,80412.94613885682,1638.6698253464203,138560.0,33.0
CA-607,2019,86773.23805093364,1691.221282212173,138651.0,33.0
CA-607,2020,88723.03356257435,1747.5747661248884,142063.0,34.0
CA-607,2021,89684.84786205507,1910.6733087790983,139012.0,34.0
CA-607,2022,98866.16890424983,2112.854279967761,137723.0,34.0
CA-607,2023,104674.65098574194,2274.025699700757,136344.0,34.0
CA-608,2007,61970.540597516716,1097.1546350162885,2109464.0,453.0
CA-608,2008,61970.540597516716,1097.1546350162885,2109464.0,453.0
CA-608,2009,61970.540597516716,1097.1546350162885,2109464.0,453.0
CA-608,2010,61970.540597516716,1097.1546350162885,2109464.0,453.0
CA-608,2011,62679.157219733774,1054.750600043437,2154844.0,453.0
CA-608,2012,61612.74737549145,1093.4933528866175,2192982.0,453.0
CA-608,2013,61333.89639842982,1104.0700475829785,2228528.0,453.0
CA-608,2014,61203.84060295585,1124.2718687511,2266899.0,453.0
CA-608,2015,61464.77775287724,1397.7530695830171,2298032.0,453.0
CA-608,2016,62888.346327195926,1421.5452564060636,2323892.0,453.0
CA-608,2017,65948.31044347308,1462.6781026088302,2355002.0,453.0
CA-608,2018,69349.89678242561,1517.3736987503808,2383286.0,453.0
CA-608,2019,72794.04088761938,1583.6275597267856,2411439.0,453.0
CA-608,2020,77184.19321832556,1624.4898657185142,2437864.0,518.0
CA-608,2021,82400.03177645578,1725.353541709296,2409331.0,518.0
CA-608,2022,91254.81139475123,1865.5610361364354,2429487.0,518.0
CA-608,2023,96145.12945746149,1924.1178443770768,2449909.0,518.0
CA-609,2007,60015.07996012541,1055.0002089476468,2005287.0,369.0
CA-609,2008,60015.07996012541,1055.0002089476468,2005287.0,369.0
CA-609,2009,60015.07996012541,1055.0002089476468,2005287.0,369.0
CA-609,2010,60015.07996012541,1055.0002089476468,2005287.0,369.0
CA-609,2011,59994.024521461346,1080.0715272712177,2023452.0,369.0
CA-609,2012,58603.48160854157,1094.1489577071172,2041029.0,369.0
CA-609,2013,58009.25539703877,1089.9219826779424,2056915.0,369.0
CA-609,2014,58068.02531288097,1105.3956550270232,2078586.0,369.0
CA-609,2015,57527.84447879456,1278.619865006595,2094769.0,369.0
CA-609,2016,58646.333543925866,1303.0394668765314,2106754.0,369.0
CA-609,2017,61537.29174154496,1343.8947718765617,2121220.0,369.0
CA-609,2018,64379.5051303893,1389.0939274978657,2135413.0,369.0
CA-609,2019,67536.0105466138,1435.0375732132295,2149031.0,369.0
CA-609,2020,70134.36973140744,1453.5641007855606,2162532.0,466.0
CA-609,2021,75030.52756174257,1502.0806588084868,2171071.0,466.0
CA-609,2022,82455.54738890828,1667.1413231353554,2180563.0,466.0
CA-609,2023,87748.09914407793,1762.966522321804,2187816.0,466.0
CA-611,2007,78709.49852919365,1190.1385759133832,809080.0,173.0
CA-611,2008,78709.49852919365,1190.1385759133832,809080.0,173.0
CA-611,2009,78709.49852919365,1190.1385759133832,809080.0,173.0
CA-611,2010,78709.49852919365,1190.1385759133832,809080.0,173.0
CA-611,2011,80524.774044585,1123.4133914397269,815745.0,173.0
CA-611,2012,80041.47436904012,1094.265360466897,822794.0,173.0
CA-611,2013,80274.82586484957,1114.840616054918,829017.0,173.0
CA-611,2014,80982.92447624404,1101.6588269780686,835790.0,173.0
CA-611,2015,81326.00806105374,1649.4044405964084,840833.0,173.0
CA-611,2016,82690.25206912502,1715.3199463889646,843110.0,173.0
CA-611,2017,85788.48795990724,1771.571309949825,847834.0,173.0
CA-611,2018,88097.55999679287,1819.8167152451563,848112.0,173.0
CA-611,2019,91948.56836425053,1884.6838325289787,847263.0,173.0
CA-611,2020,93483.63715188878,1897.1320980748558,845599.0,189.0
CA-611,2021,98761.31850861575,1981.53682734796,845255.0,189.0
CA-611,2022,107966.58231800373,2071.127539016804,842009.0,189.0
CA-611,2023,113062.53246192406,2149.512348808662,838259.0,189.0
CA-612,2007,62075.155126668724,1265.507459874718,191089.0,40.0
CA-612,2008,62075.155126668724,1265.507459874718,191089.0,40.0
CA-612,2009,62075.155126668724,1265.507459874718,191089.0,40.0
CA-612,2010,62075.155126668724,1265.507459874718,191089.0,40.0
CA-612,2011,62435.31362010927,1316.9708207930032,190718.0,40.0
CA-612,2012,61173.972814203364,1252.3625330864274,191166.0,40.0
CA-612,2013,60034.51436283813,1287.0897451145665,193381.0,40.0
CA-612,2014,60157.47288872965,1219.4824700583479,195380.0,40.0
CA-612,2015,60817.33558055477,1440.3675476180806,196984.0,40.0
CA-612,2016,63534.432340382526,1502.8370095252533,197895.0,40.0
CA-612,2017,65567.76529161452,1590.7747784730914,199750.0,40.0
CA-612,2018,68315.44113948056,1646.5832751082985,200372.0,40.0
CA-612,2019,71661.74721822685,1732.5458867713453,200232.0,40.0
CA-612,2020,74363.98099389537,1875.031942695767,199357.0,42.0
CA-612,2021,78429.94752483309,1968.7485802393746,196512.0,42.0
CA-612,2022,85675.56371843383,2082.5792341860656,194512.0,42.0
CA-612,2023,90302.38031414157,2129.2077339158477,192270.0,42.0
CA-613,2007,41780.140504129675,736.6806405160307,168052.0,31.0
CA-613,2008,41780.140504129675,736.6806405160307,168052.0,31.0
CA-613,2009,41780.140504129675,736.6806405160307,168052.0,31.0
CA-613,2010,41780.140504129675,736.6806405160307,168052.0,31.0
CA-613,2011,42230.276463001115,752.0535650712314,171343.0,31.0
CA-613,2012,43561.478906200464,788.7130390173327,173487.0,31.0
CA-613,2013,43382.352338171586,789.4035764636046,175201.0,31.0
CA-613,2014,44339.200987425575,817.1501417870821,177026.0,31.0
CA-613,2015,43433.90788750098,832.4279653883708,178206.0,31.0
CA-613,2016,44672.58446257697,861.0902537372698,178807.0,31.0
CA-613,2017,47589.90912829176,869.8520257617098,179957.0,31.0
CA-613,2018,48627.36020109202,882.9643205930661,180216.0,31.0
CA-613,2019,50986.905484751056,906.2826658402555,180701.0,31.0
CA-613,2020,52632.181963672614,939.2989755233137,180580.0,40.0
CA-613,2021,56378.815063509785,955.046931147286,180051.0,40.0
CA-613,2022,62110.41095791244,1051.7760805889363,179578.0,40.0
CA-613,2023,62336.93127889404,1093.7469593294632,179319.0,40.0
CA-614,2007,56923.0552811067,1119.6162614157452,259510.0,52.0
CA-614,2008,56923.0552811067,1119.6162614157452,259510.0,52.0
CA-614,2009,56923.0552811067,1119.6162614157452,259510.0,52.0
CA-614,2010,56923.0552811067,1119.6162614157452,259510.0,52.0
CA-614,2011,58438.049607956214,1181.4826473362793,261833.0,52.0
CA-614,2012,58892.97458271685,1183.354748381384,264269.0,52.0
CA-614,2013,58333.143935012355,1256.0197546814088,266266.0,52.0
CA-614,2014,59105.91045577407,1222.3301966632491,268225.0,52.0
CA-614,2015,60384.557299738495,1291.9178684637834,270359.0,52.0
CA-614,2016,63479.98325226234,1308.0707134859304,272395.0,52.0
CA-614,2017,66054.60534674527,1396.9259102223425,273587.0,52.0
CA-614,2018,69337.20319210891,1448.2930880104827,274740.0,52.0
CA-614,2019,71961.1953783877,1512.3779084753762,275445.0,52.0
CA-614,2020,75447.05216821069,1491.6146385470145,276011.0,68.0
CA-614,2021,81190.87203042122,1614.8694181326116,276386.0,68.0
CA-614,2022,89115.11684827007,1829.2238423917188,275417.0,68.0
CA-614,2023,91555.46365681596,1898.1892738632191,275141.0,68.0
CO-500,2007,53629.94410456501,837.2492443367032,1585693.0,446.0
CO-500,2008,53629.94410456501,837.2492443367032,1585693.0,446.0
CO-500,2009,53629.94410456501,837.2492443367032,1585693.0,446.0
CO-500,2010,53629.94410456501,837.2492443367032,1585693.0,446.0
CO-500,2011,54469.82655878372,866.5844891700832,1605691.0,446.0
CO-500,2012,54601.76018774284,902.4720447732396,1622219.0,446.0
CO-500,2013,54717.51926029139,923.7075107558423,1636320.0,446.0
CO-500,2014,54916.93493988319,938.2109534734998,1649705.0,446.0
CO-500,2015,55598.89411790855,951.303060138899,1664663.0,446.0
CO-500,2016,57221.16863156419,986.0359994963527,1683718.0,446.0
CO-500,2017,59860.7291097238,1013.4401631497653,1702730.0,446.0
CO-500,2018,62368.77541723665,1061.9888349520177,1729594.0,446.0
CO-500,2019,65275.289544483276,1088.6755206458697,1755896.0,446.0
CO-500,2020,61688.65276637397,986.8444217165107,1115612.0,345.0
CO-500,2021,65740.66334792672,1046.5926288504668,1116488.0,345.0
CO-500,2022,72017.84581147232,1142.0363553800628,1120907.0,345.0
CO-500,2023,75974.81099751337,1213.1462561032617,1125218.0,345.0
CO-503,2007,67113.18591937894,1018.8934928536269,2665408.0,666.0
CO-503,2008,67113.18591937894,1018.8934928536269,2665408.0,666.0
CO-503,2009,67113.18591937894,1018.8934928536269,2665408.0,666.0
CO-503,2010,67113.18591937894,1018.8934928536269,2665408.0,666.0
CO-503,2011,68782.70091047119,1048.506310072212,2710904.0,666.0
CO-503,2012,69509.16479762628,1065.0447166600984,2758189.0,666.0
CO-503,2013,69790.00436382515,1080.7456913680653,2808316.0,666.0
CO-503,2014,71175.07564321859,1112.839281018968,2859992.0,666.0
CO-503,2015,72342.32504328107,1219.8303464132266,2915824.0,666.0
CO-503,2016,75151.73246707277,1281.5620805086317,2966390.0,666.0
CO-503,2017,78307.43788147841,1371.8289868517272,3013932.0,666.0
CO-503,2018,82379.43760240501,1456.8236794318543,3066256.0,666.0
CO-503,2019,86463.64244820697,1529.5425501582047,3107368.0,666.0
CO-503,2020,89884.9098544189,1562.6711936382153,3185647.0,765.0
CO-503,2021,95831.7830831804,1671.4762857526941,3198710.0,765.0
CO-503,2022,104567.17486579601,1795.651514022244,3220098.0,765.0
CO-503,2023,109751.81245247021,1877.522005148744,3236129.0,765.0
CO-504,2007,61936.587105075436,947.9153399734662,599988.0,130.0
CO-504,2008,61936.587105075436,947.9153399734662,599988.0,130.0
CO-504,2009,61936.587105075436,947.9153399734662,599988.0,130.0
CO-504,2010,61936.587105075436,947.9153399734662,599988.0,130.0
CO-504,2011,62988.82981695419,999.2968708341989,611377.0,130.0
CO-504,2012,63190.240584699175,1037.1684430072446,622816.0,130.0
CO-504,2013,63223.29330588582,1056.5468055224983,634423.0,130.0
CO-504,2014,63941.009710286555,1087.0787446938007,645707.0,130.0
CO-504,2015,64094.69628441095,1119.7541479396175,655024.0,130.0
CO-504,2016,67054.06828770346,1159.0423349785244,665171.0,130.0
CO-504,2017,69588.07132208896,1220.0995426969323,674826.0,130.0
CO-504,2018,72261.76785104476,1242.047037504741,688153.0,130.0
CO-504,2019,75278.99605993928,1308.9367415669253,698974.0,130.0
CO-504,2020,77978.64293264311,1298.0507530622845,710499.0,167.0
CO-504,2021,82219.43520732329,1416.2410991011932,722736.0,167.0
CO-504,2022,91325.59276922677,1602.2943245659797,730323.0,167.0
CO-504,2023,96658.75246872316,1663.6786923511702,736008.0,167.0
CO-505,2020,78053.05460598246,1215.7066987735602,673168.0,170.0
CO-505,2021,84313.39270068092,1361.0503749040486,685242.0,170.0
CO-505,2022,91763.17454986833,1472.5452719375749,699462.0,170.0
CO-505,2023,95852.24347963819,1604.3657654197602,713419.0,170.0
CT-503,2007,91385.25992166497,1064.0462698074318,905342.0,210.0
CT-503,2008,91385.25992166497,1064.0462698074318,905342.0,210.0
CT-503,2009,91385.25992166497,1064.0462698074318,905342.0,210.0
CT-503,2010,91385.25992166497,1064.0462698074318,905342.0,210.0
CT-503,2011,92537.86216247657,1026.0700595700596,911196.0,210.0
CT-503,2012,93654.66416401492,982.026370890159,918892.0,210.0
CT-503,2013,93180.90130669065,1066.7495068735404,926233.0,210.0
CT-503,2014,93269.07809658376,1039.0558072820497,934215.0,210.0
CT-503,2015,93791.34788927034,1554.8637379612185,939983.0,210.0
CT-503,2016,94923.24698763192,1548.4467257422862,941618.0,210.0
CT-503,2017,95928.18897467403,1580.590976937238,947328.0,210.0
CT-503,2018,101304.26012232779,1652.9259658515716,944348.0,210.0
CT-503,2019,103706.41126317106,1663.8868576562145,943926.0,210.0
CT-503,2022,103286.48874809442,1604.4499364024996,958371.0,226.0
CT-503,2023,101967.533467348,1638.5217834655234,959099.0,226.0
CT-505,2007,68213.54014796468,977.619428175399,2640495.0,619.0
CT-505,2008,68213.54014796468,977.619428175399,2640495.0,619.0
CT-505,2009,68213.54014796468,977.619428175399,2640495.0,619.0
CT-505,2010,68213.54014796468,977.619428175399,2640495.0,619.0
CT-505,2011,69838.59974438755,1012.7985807200367,2646976.0,619.0
CT-505,2012,70419.62574185332,1041.9084893987572,2653321.0,619.0
CT-505,2013,70547.37413409259,1038.271710906595,2657328.0,619.0
CT-505,2014,70758.87977897825,1055.0104750552894,2657838.0,619.0
CT-505,2015,71251.69111489768,1085.4107240244848,2653239.0,619.0
CT-505,2016,72569.2867547277,1108.8129240726691,2646952.0,619.0
CT-505,2017,74663.54811967588,1124.1696016470544,2647150.0,619.0
CT-505,2018,76953.82718049292,1153.2573518593515,2637156.0,619.0
CT-505,2019,79239.12082710664,1189.093302999299,2631148.0,619.0
CT-505,2022,92262.83061019711,1311.6427202061407,2652946.0,653.0
CT-505,2023,96130.28533268365,1358.0674335767485,2639249.0,653.0
DC-500,2007,65543.89350273785,1059.2703251197809,584400.0,179.0
DC-500,2008,65543.89350273785,1059.2703251197809,584400.0,179.0
DC-500,2009,65543.89350273785,1059.2703251197809,584400.0,179.0
DC-500,2010,65543.89350273785,1059.2703251197809,584400.0,179.0
DC-500,2011,68609.35559091177,1104.1753567189432,593955.0,179.0
DC-500,2012,70881.4706739809,1125.7041595750125,605759.0,179.0
DC-500,2013,72492.35780816345,1119.456982971434,619371.0,179.0
DC-500,2014,76381.59946728607,1082.6706909501747,633736.0,179.0
DC-500,2015,77943.12637377912,1364.119967443211,647484.0,179.0
DC-500,2016,80419.91111350528,1398.3255600454622,659009.0,179.0
DC-500,2017,85018.20084891083,1473.5716792758974,672391.0,179.0
DC-500,2018,86768.63921589252,1520.0503449243095,684498.0,179.0
DC-500,2019,90873.94249028777,1539.2934156028082,692683.0,179.0
DC-500,2020,95420.93938237028,1531.4391088558837,701974.0,206.0
DC-500,2021,97044.17707720367,1592.0973353006789,683154.0,206.0
DC-500,2022,104501.18804718851,1682.1743069877584,670587.0,206.0
DC-500,2023,106741.18055615485,1766.0812597923757,672079.0,206.0
DE-500,2007,62209.11929039418,926.3874657032173,881278.0,216.0
DE-500,2008,62209.11929039418,926.3874657032173,881278.0,216.0
DE-500,2009,62209.11929039418,926.3874657032173,881278.0,216.0
DE-500,2010,62209.11929039418,926.3874657032173,881278.0,216.0
DE-500,2011,63680.18111344594,1008.2661866788796,890856.0,216.0
DE-500,2012,64055.549058970304,1034.24971476374,900131.0,216.0
DE-500,2013,63996.236926575715,1046.7159522965592,908446.0,216.0
DE-500,2014,63857.411386386935,1057.1031753647526,917060.0,216.0
DE-500,2015,63738.52300384045,1070.8395937628852,926454.0,216.0
DE-500,2016,64238.19624797394,1082.662165733207,934695.0,216.0
DE-500,2017,66401.81631755625,1115.24918091153,943732.0,216.0
DE-500,2018,68557.47488085771,1147.3986129468824,949495.0,216.0
DE-500,2019,71057.46607775624,1162.652988567226,957248.0,216.0
DE-500,2020,73175.83607993973,1093.8367444162786,967679.0,260.0
DE-500,2021,77569.87377532356,1161.5042407922663,981892.0,260.0
DE-500,2022,84557.4959366367,1204.0714960725015,993635.0,260.0
DE-500,2023,88445.74882589435,1276.1817129813733,1005872.0,260.0
FL-500,2007,52058.9302221154,992.4907666600942,694819.0,172.0
FL-500,2008,52058.9302221154,992.4907666600942,694819.0,172.0
FL-500,2009,52058.9302221154,992.4907666600942,694819.0,172.0
FL-500,2010,52058.9302221154,992.4907666600942,694819.0,172.0
FL-500,2011,52268.3013877376,1058.0784922109476,699700.0,172.0
FL-500,2012,52183.94560003856,1062.3173839132414,705313.0,172.0
FL-500,2013,51631.23852586583,1038.8676318902694,712581.0,172.0
FL-500,2014,52912.76267598619,1034.454593626865,722784.0,172.0
FL-500,2015,53922.123263206966,1079.1427421996366,735767.0,172.0
FL-500,2016,55315.849374918485,1114.2355108048473,751422.0,172.0
FL-500,2017,57588.37697834798,1186.306260826335,768381.0,172.0
FL-500,2018,60612.40629544388,1245.244065817045,785997.0,172.0
FL-500,2019,63982.7754274246,1317.4661077579074,803709.0,172.0
FL-500,2020,66694.05860910185,1307.6120691858575,821613.0,215.0
FL-500,2021,71866.52823238206,1344.2050317899436,824160.0,215.0
FL-500,2022,79339.2509470538,1515.0837623051864,844461.0,215.0
FL-500,2023,83398.08387098266,1655.067507407249,865031.0,215.0
FL-501,2007,54323.47636131561,972.974573333911,1200236.0,319.0
FL-501,2008,54323.47636131561,972.974573333911,1200236.0,319.0
FL-501,2009,54323.47636131561,972.974573333911,1200236.0,319.0
FL-501,2010,54323.47636131561,972.974573333911,1200236.0,319.0
FL-501,2011,54961.53981076508,1000.8874243335075,1219331.0,319.0
FL-501,2012,54262.521850989004,996.8549603711346,1238365.0,319.0
FL-501,2013,54494.35172066749,1009.4797223655372,1257913.0,319.0
FL-501,2014,55325.99861604729,1019.9222157622133,1279668.0,319.0
FL-501,2015,55402.7892882252,1064.3389127504827,1302884.0,319.0
FL-501,2016,57055.66280339728,1092.7399828730238,1323059.0,319.0
FL-501,2017,59425.26742245318,1127.2279668148683,1351087.0,319.0
FL-501,2018,62085.77983338688,1195.6796740550142,1378883.0,319.0
FL-501,2019,64625.088012329514,1237.5979738138394,1422278.0,319.0
FL-501,2020,66702.75233057591,1276.2844666856834,1451358.0,333.0
FL-501,2021,71763.0333982064,1363.2590865567356,1444359.0,333.0
FL-501,2022,78675.41528504113,1520.643266192733,1468560.0,333.0
FL-501,2023,83109.34896894137,1642.4387084344207,1489634.0,333.0
FL-502,2007,48679.42705630086,959.3433210311207,918263.0,244.0
FL-502,2008,48679.42705630086,959.3433210311207,918263.0,244.0
FL-502,2009,48679.42705630086,959.3433210311207,918263.0,244.0
FL-502,2010,48679.42705630086,959.3433210311207,918263.0,244.0
FL-502,2011,48877.464319605235,982.5775812985518,916806.0,244.0
FL-502,2012,48978.92874451296,992.9704585513888,917389.0,244.0
FL-502,2013,48713.85253827383,1012.0994179442727,920015.0,244.0
FL-502,2014,48653.24853572316,1021.2776147800612,925030.0,244.0
FL-502,2015,48970.32466931551,1027.925661073757,931477.0,244.0
FL-502,2016,50545.11402929919,1041.7414331146467,939548.0,244.0
FL-502,2017,52145.49562664106,1084.47101728498,949842.0,244.0
FL-502,2018,54663.61934907999,1143.7903452955761,957875.0,244.0
FL-502,2019,57771.76650467623,1181.0584616851843,964666.0,244.0
FL-502,2020,60447.09787998785,1201.9259154363867,970985.0,273.0
FL-502,2021,64717.4385279998,1256.3294964764732,957989.0,273.0
FL-502,2022,71485.00596717636,1407.1989347006725,959918.0,273.0
FL-502,2023,75369.95318172117,1552.0100784434162,960565.0,273.0
FL-503,2007,46244.00383314467,870.823729571813,590116.0,154.0
FL-503,2008,46244.00383314467,870.823729571813,590116.0,154.0
FL-503,2009,46244.00383314467,870.823729571813,590116.0,154.0
FL-503,2010,46244.00383314467,870.823729571813,590116.0,154.0
FL-503,2011,46082.654053638515,910.4690010963006,598376.0,154.0
FL-503,2012,45387.36467558332,927.629695548182,604562.0,154.0
FL-503,2013,45120.58630170655,920.1651512792994,610295.0,154.0
FL-503,2014,45067.869160876886,929.4837192199221,617323.0,154.0
FL-503,2015,45608.15219347797,934.8156798728529,626676.0,154.0
FL-503,2016,46253.25988292135,936.9515078619582,637691.0,154.0
FL-503,2017,48217.76758511995,965.7101736128146,652256.0,154.0
FL-503,2018,50740.23372181536,1019.3196041102426,668671.0,154.0
FL-503,2019,52691.52634439785,1067.9123048360725,686218.0,154.0
FL-503,2020,53221.573080547234,1080.0947962053745,705735.0,174.0
FL-503,2021,56899.89406686971,1129.526994396675,713148.0,174.0
FL-503,2022,63215.33636273496,1256.0808810845538,736229.0,174.0
FL-503,2023,66017.64907005746,1348.4173591025033,760961.0,174.0
FL-504,2007,46722.944135679754,971.2366495059101,586027.0,132.0
FL-504,2008,46722.944135679754,971.2366495059101,586027.0,132.0
FL-504,2009,46722.944135679754,971.2366495059101,586027.0,132.0
FL-504,2010,46722.944135679754,971.2366495059101,586027.0,132.0
FL-504,2011,46709.25737571838,1007.9560428922734,588824.0,132.0
FL-504,2012,45862.17450745368,1017.487404275375,589843.0,132.0
FL-504,2013,44926.734444987,1003.055345010822,591851.0,132.0
FL-504,2014,44479.74777726883,1020.3787493645145,596001.0,132.0
FL-504,2015,43982.65790753289,1009.3215521490414,602571.0,132.0
FL-504,2016,45245.33794903817,1029.8397716721809,611752.0,132.0
FL-504,2017,47167.389760341226,1056.9066792760539,621759.0,132.0
FL-504,2018,49721.56189654464,1110.203252456488,632814.0,132.0
FL-504,2019,52116.609751707576,1159.2719144987757,644482.0,132.0
FL-504,2020,55124.522347133796,1162.21141825021,657176.0,151.0
FL-504,2021,59754.92944649737,1228.7032954727729,660846.0,151.0
FL-504,2022,65985.54354474612,1378.622813418646,674226.0,151.0
FL-504,2023,69661.22388213685,1493.7911951385377,688188.0,151.0
FL-505,2007,54394.100147807105,943.3211321684321,235442.0,52.0
FL-505,2008,54394.100147807105,943.3211321684321,235442.0,52.0
FL-505,2009,54394.100147807105,943.3211321684321,235442.0,52.0
FL-505,2010,54394.100147807105,943.3211321684321,235442.0,52.0
FL-505,2011,53791.147882614845,963.1039605217494,236282.0,52.0
FL-505,2012,53640.41424257274,984.1111292612744,238749.0,52.0
FL-505,2013,53541.81680566898,990.348289487795,242442.0,52.0
FL-505,2014,54495.767727558195,1008.646133587245,246805.0,52.0
FL-505,2015,54376.44556339483,1008.5361467321352,251724.0,52.0
FL-505,2016,56234.03518105438,1028.6099539106037,257326.0,52.0
FL-505,2017,59366.12017330146,1055.0067075786828,261048.0,52.0
FL-505,2018,62609.93823965191,1094.8335040042011,266595.0,52.0
FL-505,2019,64693.68715264504,1132.9965705590025,272056.0,52.0
FL-505,2020,68662.0886781409,1153.5723375909854,278479.0,67.0
FL-505,2021,72404.02687434114,1206.0995415407908,282686.0,67.0
FL-505,2022,78249.6529332488,1387.447714965753,288639.0,67.0
FL-505,2023,82749.31741050635,1500.2785089434155,294127.0,67.0
FL-506,2007,47575.21087541025,847.41411420747,421391.0,99.0
FL-506,2008,47575.21087541025,847.41411420747,421391.0,99.0
FL-506,2009,47575.21087541025,847.41411420747,421391.0,99.0
FL-506,2010,47575.21087541025,847.41411420747,421391.0,99.0
FL-506,2011,48197.93934666933,869.7902716925281,425665.0,99.0
FL-506,2012,47820.002763208395,878.7017316571109,429935.0,99.0
FL-506,2013,48538.40197608987,878.2218521679399,432369.0,99.0
FL-506,2014,48520.422093938236,904.7916047360259,434626.0,99.0
FL-506,2015,48279.05631761336,895.7239070057589,436027.0,99.0
FL-506,2016,48835.70687523002,901.1563402206785,437469.0,99.0
FL-506,2017,51186.52253034905,925.4896457529574,438564.0,99.0
FL-506,2018,52948.20789111881,955.675121490832,440774.0,99.0
FL-506,2019,53716.49163622728,968.1951170476391,442683.0,99.0
FL-506,2020,55650.522688279256,934.394652096583,445296.0,123.0
FL-506,2021,59272.704705959404,945.8319500247302,442779.0,123.0
FL-506,2022,62993.19639646111,998.2311657174414,445451.0,123.0
FL-506,2023,65349.50083612227,1034.6743119573298,447901.0,123.0
FL-507,2007,55838.94889603813,1100.3251750183458,1791955.0,334.0
FL-507,2008,55838.94889603813,1100.3251750183458,1791955.0,334.0
FL-507,2009,55838.94889603813,1100.3251750183458,1791955.0,334.0
FL-507,2010,55838.94889603813,1100.3251750183458,1791955.0,334.0
FL-507,2011,55555.6778685585,1113.2730966482882,1818056.0,334.0
FL-507,2012,54451.335531718985,1117.7469196378124,1849539.0,334.0
FL-507,2013,53700.47101762237,1127.8753110993887,1882437.0,334.0
FL-507,2014,53457.36385102702,1124.7034818466823,1921825.0,334.0
FL-507,2015,53443.62570180277,1133.9014271154476,1967255.0,334.0
FL-507,2016,55006.01431283759,1162.2537313729722,2010922.0,334.0
FL-507,2017,57647.08153221572,1211.3775880975122,2064644.0,334.0
FL-507,2018,60585.33314782408,1277.8400093810626,2114899.0,334.0
FL-507,2019,64659.22985359458,1324.0485265842635,2163103.0,334.0
FL-507,2020,67102.25553899584,1344.1773907796446,2204145.0,415.0
FL-507,2021,70924.31085033987,1445.6230046836063,2257662.0,415.0
FL-507,2022,77675.14066929586,1600.1862991386142,2292469.0,415.0
FL-507,2023,82248.63121198316,1732.0083920173138,2322326.0,415.0
FL-508,2007,41386.22120253946,766.0332896914601,404810.0,91.0
FL-508,2008,41386.22120253946,766.0332896914601,404810.0,91.0
FL-508,2009,41386.22120253946,766.0332896914601,404810.0,91.0
FL-508,2010,41386.22120253946,766.0332896914601,404810.0,91.0
FL-508,2011,42478.258612723585,809.0931019567557,406898.0,91.0
FL-508,2012,42223.67964227419,822.2738749381161,408022.0,91.0
FL-508,2013,41933.44780753478,823.5046707020489,408718.0,91.0
FL-508,2014,42516.21520999641,827.6911896499938,409507.0,91.0
FL-508,2015,43328.50521961309,829.6227983939652,410950.0,91.0
FL-508,2016,43930.19601060735,843.5458932865342,412544.0,91.0
FL-508,2017,44888.49625341664,874.0075172063974,415979.0,91.0
FL-508,2018,47214.675619367896,905.3408883889181,420469.0,91.0
FL-508,2019,47923.29387465596,926.3171539795649,424368.0,91.0
FL-508,2020,49257.66621972036,928.7503894262609,428836.0,98.0
FL-508,2021,53259.23432945356,989.6587150803504,437397.0,98.0
FL-508,2022,58687.34283945065,1081.5419006660084,442487.0,98.0
FL-508,2023,62353.79352459677,1172.140107109913,446644.0,98.0
FL-509,2007,51070.62504166041,1032.48157236459,546082.0,108.0
FL-509,2008,51070.62504166041,1032.48157236459,546082.0,108.0
FL-509,2009,51070.62504166041,1032.48157236459,546082.0,108.0
FL-509,2010,51070.62504166041,1032.48157236459,546082.0,108.0
FL-509,2011,50806.70882199459,1035.183259932576,553809.0,108.0
FL-509,2012,48854.55868062195,1031.2638916934866,559597.0,108.0
FL-509,2013,48479.23227073084,1027.0729352365408,564871.0,108.0
FL-509,2014,48416.3515794411,1023.2603220663209,571373.0,108.0
FL-509,2015,48692.62595732262,1043.4670922776982,579089.0,108.0
FL-509,2016,49817.3725051892,1047.7080795349927,588722.0,108.0
FL-509,2017,52533.14422991845,1104.3079241062112,598995.0,108.0
FL-509,2018,54972.16186343152,1148.1230419416147,610873.0,108.0
FL-509,2019,57983.00570369383,1218.8152009624482,622579.0,108.0
FL-509,2020,61652.23674586065,1151.949969022045,632708.0,151.0
FL-509,2021,66096.92076190177,1265.2561387221388,635515.0,151.0
FL-509,2022,72583.33530298602,1365.218688368229,650030.0,151.0
FL-509,2023,76000.91505616897,1513.7629649884836,665581.0,151.0
FL-510,2007,54233.1816104523,948.1398954877732,1112023.0,215.0
FL-510,2008,54233.1816104523,948.1398954877732,1112023.0,215.0
FL-510,2009,54233.1816104523,948.1398954877732,1112023.0,215.0
FL-510,2010,54233.1816104523,948.1398954877732,1112023.0,215.0
FL-510,2011,54437.213341142575,995.8026321419784,1121748.0,215.0
FL-510,2012,53869.362964731896,1009.6086491984522,1130625.0,215.0
FL-510,2013,53469.12316903423,1014.036157679393,1139426.0,215.0
FL-510,2014,53146.70064213549,1028.290248197362,1150536.0,215.0
FL-510,2015,53197.82109332715,1053.5708308633384,1163970.0,215.0
FL-510,2016,54718.2666690993,1054.9919001920364,1178423.0,215.0
FL-510,2017,57321.035631684186,1089.3410643097618,1193769.0,215.0
FL-510,2018,59357.60243396161,1129.0396081834967,1212098.0,215.0
FL-510,2019,62154.476922276874,1157.0191120583672,1230689.0,215.0
FL-510,2020,64745.94830388243,1168.2277749904579,1249707.0,286.0
FL-510,2021,67968.27856606568,1232.7329172726024,1287953.0,286.0
FL-510,2022,74835.67432144562,1382.7446369106647,1306896.0,286.0
FL-510,2023,78098.2215950163,1458.8801579744024,1325278.0,286.0
FL-511,2007,49088.974691438336,866.8990349456456,445778.0,96.0
FL-511,2008,49088.974691438336,866.8990349456456,445778.0,96.0
FL-511,2009,49088.974691438336,866.8990349456456,445778.0,96.0
FL-511,2010,49088.974691438336,866.8990349456456,445778.0,96.0
FL-511,2011,50249.84706560266,921.3616867787404,447741.0,96.0
FL-511,2012,50696.635207434454,933.9095784931961,451950.0,96.0
FL-511,2013,50691.14567876347,948.66058758825,456374.0,96.0
FL-511,2014,51859.3912194299,953.3562213008204,462339.0,96.0
FL-511,2015,51939.4832801253,954.8841890839375,467348.0,96.0
FL-511,2016,53054.62131212287,956.6932712676645,473477.0,96.0
FL-511,2017,54752.90136185709,987.2070266120134,476702.0,96.0
FL-511,2018,58098.177594177156,1035.3784950743209,481964.0,96.0
FL-511,2019,60303.4355898461,1070.7264985273816,488246.0,96.0
FL-511,2020,62515.38390846224,1072.4141762272818,491513.0,113.0
FL-511,2021,66909.97748414207,1151.6027778446044,498804.0,113.0
FL-511,2022,72410.5455316457,1276.6700228335326,505835.0,113.0
FL-511,2023,75957.3692921283,1325.9461164423387,512494.0,113.0
FL-512,2007,70786.28002369564,989.9809106209584,180624.0,40.0
FL-512,2008,70786.28002369564,989.9809106209584,180624.0,40.0
FL-512,2009,70786.28002369564,989.9809106209584,180624.0,40.0
FL-512,2010,70786.28002369564,989.9809106209584,180624.0,40.0
FL-512,2011,71527.1211380235,1031.8541947688323,186077.0,40.0
FL-512,2012,71465.6830204444,1205.3738478811458,191495.0,40.0
FL-512,2013,72262.82336706998,1068.430073814778,197115.0,40.0
FL-512,2014,72950.03697112123,1185.7355974867503,203402.0,40.0
FL-512,2015,74548.53474429321,1260.2025368773604,210495.0,40.0
FL-512,2016,78343.17148130169,1336.780524999771,218362.0,40.0
FL-512,2017,81605.65258321638,1376.5633733195632,226578.0,40.0
FL-512,2018,84682.86476180771,1500.6058479085193,235503.0,40.0
FL-512,2019,88009.79067248666,1517.3951339333153,244674.0,40.0
FL-512,2020,91899.56289495321,1524.0338788614386,255410.0,50.0
FL-512,2021,98443.12059505351,1646.8620071954358,265724.0,50.0
FL-512,2022,110128.24219114386,1646.479693027461,278722.0,50.0
FL-512,2023,116525.4493897202,1768.4702901352641,292243.0,50.0
FL-513,2007,52282.77502544834,962.6809002724469,534416.0,111.0
FL-513,2008,52282.77502544834,962.6809002724469,534416.0,111.0
FL-513,2009,52282.77502544834,962.6809002724469,534416.0,111.0
FL-513,2010,52282.77502544834,962.6809002724469,534416.0,111.0
FL-513,2011,52603.36956784983,992.0161965494308,536781.0,111.0
FL-513,2012,51800.38428558685,996.1540591571702,538092.0,111.0
FL-513,2013,50812.34620081801,990.6601835052808,539603.0,111.0
FL-513,2014,51164.74639802368,992.5706919515794,542827.0,111.0
FL-513,2015,51022.162820688456,1003.320400763533,547455.0,111.0
FL-513,2016,51975.969277261494,1030.5347313449781,554931.0,111.0
FL-513,2017,54031.637305690274,1060.4102815268868,562504.0,111.0
FL-513,2018,57216.80003430544,1115.079921167505,571338.0,111.0
FL-513,2019,59911.428466257246,1174.0596855894594,580006.0,111.0
FL-513,2020,63296.12669701616,1148.161618654626,591553.0,146.0
FL-513,2021,67673.12606088114,1256.6013306278014,599266.0,146.0
FL-513,2022,75487.46704337021,1352.4680360793905,608436.0,146.0
FL-513,2023,79968.64047600182,1491.9691413823716,618401.0,146.0
FL-514,2007,41088.854623003186,853.841934565971,326833.0,63.0
FL-514,2008,41088.854623003186,853.841934565971,326833.0,63.0
FL-514,2009,41088.854623003186,853.841934565971,326833.0,63.0
FL-514,2010,41088.854623003186,853.841934565971,326833.0,63.0
FL-514,2011,41039.10772796122,853.2659012420479,330100.0,63.0
FL-514,2012,40637.91440327483,857.4616024121426,331987.0,63.0
FL-514,2013,40293.556261862715,829.2937544789702,333503.0,63.0
FL-514,2014,40239.519967380686,820.734406504745,334771.0,63.0
FL-514,2015,40634.75898055586,824.5834013734706,336811.0,63.0
FL-514,2016,41466.7935834942,838.5821073570331,340341.0,63.0
FL-514,2017,43150.99778054442,850.437288017267,343778.0,63.0
FL-514,2018,44888.753753900295,871.5728548013468,348371.0,63.0
FL-514,2019,46490.63199312073,918.1301290428427,353526.0,63.0
FL-514,2020,47729.782018822356,856.9999028344577,360210.0,93.0
FL-514,2021,52029.76610002916,917.9008564362317,370372.0,93.0
FL-514,2022,58007.96986449864,1012.8614528389186,378225.0,93.0
FL-514,2023,60850.174713758424,1080.0719247247207,387697.0,93.0
FL-515,2007,44031.75120481928,779.1672013769363,290500.0,71.0
FL-515,2008,44031.75120481928,779.1672013769363,290500.0,71.0
FL-515,2009,44031.75120481928,779.1672013769363,290500.0,71.0
FL-515,2010,44031.75120481928,779.1672013769363,290500.0,71.0
FL-515,2011,44773.92478845469,802.7610667634252,292136.0,71.0
FL-515,2012,44454.468983669525,825.6066826929625,293684.0,71.0
FL-515,2013,43670.87046958714,826.3860767429487,295089.0,71.0
FL-515,2014,44085.86451780205,836.5073787937979,296932.0,71.0
FL-515,2015,44280.645777924976,828.5264471408451,298917.0,71.0
FL-515,2016,45077.29145548746,835.7033701384585,301679.0,71.0
FL-515,2017,46603.35438557134,868.7191301106167,303119.0,71.0
FL-515,2018,48585.906825689395,898.7137852800304,305449.0,71.0
FL-515,2019,50218.59510912438,912.6945865106495,304240.0,71.0
FL-515,2020,51855.64282634508,949.2308909275438,301506.0,85.0
FL-515,2021,55261.70404920689,1017.3936980072398,303047.0,85.0
FL-515,2022,60028.23676325991,1106.2100265843865,302057.0,85.0
FL-515,2023,62818.03399609621,1160.5933503159426,302270.0,85.0
FL-517,2007,37645.33416397599,751.1654259849851,252415.0,65.0
FL-517,2008,37645.33416397599,751.1654259849851,252415.0,65.0
FL-517,2009,37645.33416397599,751.1654259849851,252415.0,65.0
FL-517,2010,37645.33416397599,751.1654259849851,252415.0,65.0
FL-517,2011,37736.71472203564,752.2188351969655,253090.0,65.0
FL-517,2012,36124.57092368777,746.129697868779,252109.0,65.0
FL-517,2013,35843.96502208252,729.5275693311582,251330.0,65.0
FL-517,2014,36744.32530024688,735.679911585693,251543.0,65.0
FL-517,2015,35561.95375194224,705.4913309728464,251643.0,65.0
FL-517,2016,36313.77771133482,696.5464805911752,252514.0,65.0
FL-517,2017,37384.927710654876,729.3991011745748,255667.0,65.0
FL-517,2018,38492.41562030871,760.5378805958659,259790.0,65.0
FL-517,2019,40273.168019082186,787.8651883300427,262863.0,65.0
FL-517,2020,41476.319017274065,769.9943197207259,265832.0,79.0
FL-517,2021,44757.340741005115,801.419742952203,252171.0,79.0
FL-517,2022,51090.268321289695,907.8578771706103,254076.0,79.0
FL-517,2023,54654.0940926008,947.3725282238953,257406.0,79.0
FL-518,2007,38454.42928439862,634.1676538699643,130841.0,24.0
FL-518,2008,38454.42928439862,634.1676538699643,130841.0,24.0
FL-518,2009,38454.42928439862,634.1676538699643,130841.0,24.0
FL-518,2010,38454.42928439862,634.1676538699643,130841.0,24.0
FL-518,2011,38533.62904412601,715.923300992968,131827.0,24.0
FL-518,2012,37558.91765306352,692.9028739989042,133229.0,24.0
FL-518,2013,37495.69458205375,722.829130334073,133833.0,24.0
FL-518,2014,38376.80246068194,712.8260031409793,134353.0,24.0
FL-518,2015,39000.192195962765,728.1346761071941,134597.0,24.0
FL-518,2016,41113.31827646252,693.6423474491497,134955.0,24.0
FL-518,2017,42404.67370211507,731.9027214909037,135220.0,24.0
FL-518,2018,43116.760419576305,753.7742388380059,136042.0,24.0
FL-518,2019,46158.23940515561,747.4310723698139,136977.0,24.0
FL-518,2020,46603.50816800689,715.4817712668554,138161.0,33.0
FL-518,2021,48269.46731559273,732.6668862652208,135095.0,33.0
FL-518,2022,52580.72779206574,740.1046618186118,135312.0,33.0
FL-518,2023,53696.676438534516,836.9326940659308,136719.0,33.0
FL-519,2007,48272.19394366876,930.6382126287474,456514.0,133.0
FL-519,2008,48272.19394366876,930.6382126287474,456514.0,133.0
FL-519,2009,48272.19394366876,930.6382126287474,456514.0,133.0
FL-519,2010,48272.19394366876,930.6382126287474,456514.0,133.0
FL-519,2011,48418.46897583449,986.9426605008032,461898.0,133.0
FL-519,2012,48139.00840576346,1013.0132910358583,465276.0,133.0
FL-519,2013,48363.938440048354,1006.3694707749352,468194.0,133.0
FL-519,2014,48753.96536187585,1018.6911590815345,472745.0,133.0
FL-519,2015,49686.70388367745,1025.3561532940528,479288.0,133.0
FL-519,2016,51325.157156314635,1042.9107657021154,488310.0,133.0
FL-519,2017,53724.84066801034,1087.0413722356948,498136.0,133.0
FL-519,2018,56697.93036723966,1129.0370216591298,510593.0,133.0
FL-519,2019,59766.272711503196,1160.2963808754066,524602.0,133.0
FL-519,2020,61237.229867471775,1180.4799429508137,539885.0,130.0
FL-519,2021,67082.35276415071,1300.4644106758908,551598.0,130.0
FL-519,2022,72688.33469486711,1458.7544443097552,569211.0,130.0
FL-519,2023,78200.039630884,1569.2381827508077,588758.0,130.0
FL-520,2007,44423.401921331424,872.9039610215151,688585.0,146.0
FL-520,2008,44423.401921331424,872.9039610215151,688585.0,146.0
FL-520,2009,44423.401921331424,872.9039610215151,688585.0,146.0
FL-520,2010,44423.401921331424,872.9039610215151,688585.0,146.0
FL-520,2011,45199.88761102076,903.6545936736944,699081.0,146.0
FL-520,2012,44609.09028029651,936.480068685678,705824.0,146.0
FL-520,2013,44314.97065393704,940.5683782630903,712668.0,146.0
FL-520,2014,44623.91207854007,954.1733162024199,722281.0,146.0
FL-520,2015,45172.05344875771,939.8505395180805,733525.0,146.0
FL-520,2016,46367.201854561245,965.9580345391989,748425.0,146.0
FL-520,2017,48201.60210796269,978.3641206256565,763486.0,146.0
FL-520,2018,50155.03242369692,1045.6696068754602,782144.0,146.0
FL-520,2019,52574.06860977102,1081.248298527031,802393.0,146.0
FL-520,2020,54793.48674958257,952.1273082888015,824691.0,190.0
FL-520,2021,58831.30703323449,1033.8416819271984,846410.0,190.0
FL-520,2022,65462.38041139404,1131.8409877592753,870455.0,190.0
FL-520,2023,69370.28296243907,1206.6831690347453,896437.0,190.0
FL-600,2007,49620.563303245515,1089.076453484084,2440412.0,516.0
FL-600,2008,49620.563303245515,1089.076453484084,2440412.0,516.0
FL-600,2009,49620.563303245515,1089.076453484084,2440412.0,516.0
FL-600,2010,49620.563303245515,1089.076453484084,2440412.0,516.0
FL-600,2011,50030.95682509962,1108.881241084021,2469583.0,516.0
FL-600,2012,49215.00475495621,1122.61618607835,2506858.0,516.0
FL-600,2013,48790.57057448292,1132.9841972284019,2543731.0,516.0
FL-600,2014,48833.90742366794,1145.021549477185,2595469.0,516.0
FL-600,2015,49176.920619615725,1240.1518726894003,2633245.0,516.0
FL-600,2016,50550.07854344088,1290.0367705609826,2658567.0,516.0
FL-600,2017,52224.39131255363,1338.8762520736573,2696926.0,516.0
FL-600,2018,54842.84722446699,1389.527745735981,2710002.0,516.0
FL-600,2019,57662.2148377217,1454.049365643591,2693675.0,516.0
FL-600,2020,60915.916441280344,1462.4767111509711,2698330.0,704.0
FL-600,2021,64936.77650763144,1537.179814650664,2682718.0,704.0
FL-600,2022,70702.12255161826,1662.2010352565478,2680495.0,704.0
FL-600,2023,74573.69769545834,1743.1136866129643,2677105.0,704.0
FL-601,2007,58634.19692481399,1107.9458688144375,1734139.0,361.0
FL-601,2008,58634.19692481399,1107.9458688144375,1734139.0,361.0
FL-601,2009,58634.19692481399,1107.9458688144375,1734139.0,361.0
FL-601,2010,58634.19692481399,1107.9458688144375,1734139.0,361.0
FL-601,2011,58748.017100915495,1115.2565051216638,1742012.0,361.0
FL-601,2012,58568.87606023406,1126.8164073296546,1761993.0,361.0
FL-601,2013,58135.346998608875,1126.0738695795649,1784889.0,361.0
FL-601,2014,58849.53139947853,1138.8527562581635,1815269.0,361.0
FL-601,2015,59177.70762856238,1348.8661835811697,1843152.0,361.0
FL-601,2016,60246.787494768694,1398.8928816705834,1863780.0,361.0
FL-601,2017,62342.39432960787,1434.0775919162766,1890416.0,361.0
FL-601,2018,65193.37933196484,1503.5693886968606,1909151.0,361.0
FL-601,2019,67873.70361410131,1541.0995335387458,1926205.0,361.0
FL-601,2020,69818.68411289247,1515.6309077045296,1942273.0,416.0
FL-601,2021,73816.77348283917,1553.2655427538484,1934551.0,416.0
FL-601,2022,79680.1957636301,1744.9185648771424,1940907.0,416.0
FL-601,2023,84217.76552660746,1850.83756044698,1946127.0,416.0
FL-602,2007,46274.58051886941,958.4783888069768,159385.0,38.0
FL-602,2008,46274.58051886941,958.4783888069768,159385.0,38.0
FL-602,2009,46274.58051886941,958.4783888069768,159385.0,38.0
FL-602,2010,46274.58051886941,958.4783888069768,159385.0,38.0
FL-602,2011,46649.586289390674,953.071207720416,160095.0,38.0
FL-602,2012,45990.29135802469,943.1674647711685,160380.0,38.0
FL-602,2013,45451.40696073812,945.6104752101986,161276.0,38.0
FL-602,2014,45339.29509472819,956.8133017879143,163151.0,38.0
FL-602,2015,45580.8525844025,955.5165547734086,165783.0,38.0
FL-602,2016,45884.25513728912,984.9105704955141,169642.0,38.0
FL-602,2017,47961.37546468402,1033.1064212981134,173236.0,38.0
FL-602,2018,49859.714456864494,1071.5458085152075,176954.0,38.0
FL-602,2019,53038.19819735236,1162.712437937338,181067.0,38.0
FL-602,2020,53952.278185944946,1111.5366274754472,185926.0,46.0
FL-602,2021,59036.99407586143,1156.1753274506727,184837.0,46.0
FL-602,2022,64081.78521853607,1288.72588730911,189900.0,46.0
FL-602,2023,69772.37086778448,1334.5156881942557,195083.0,46.0
FL-603,2007,52805.03560443488,985.2625651275416,604391.0,165.0
FL-603,2008,52805.03560443488,985.2625651275416,604391.0,165.0
FL-603,2009,52805.03560443488,985.2625651275416,604391.0,165.0
FL-603,2010,52805.03560443488,985.2625651275416,604391.0,165.0
FL-603,2011,52144.676407347426,984.7629666403523,614365.0,165.0
FL-603,2012,51079.12262060016,987.7842334847327,622636.0,165.0
FL-603,2013,49910.40991129124,990.9323651032512,632632.0,165.0
FL-603,2014,50062.278732167426,971.5812570908511,646079.0,165.0
FL-603,2015,50629.78056611923,984.32472867538,662122.0,165.0
FL-603,2016,52585.06117900601,1039.7500463700358,679318.0,165.0
FL-603,2017,54342.25947519361,1094.4765094232914,698429.0,165.0
FL-603,2018,57123.906398547166,1164.833408188087,716944.0,165.0
FL-603,2019,60608.97530184669,1248.527962609608,735804.0,165.0
FL-603,2020,62936.10670736569,1256.8207692593912,752516.0,220.0
FL-603,2021,66830.95103420912,1313.6970808624221,748543.0,220.0
FL-603,2022,73325.2185723647,1457.7712876333321,769132.0,220.0
FL-603,2023,77201.77731776852,1600.9961464012586,788873.0,220.0
FL-604,2007,56590.78184004069,1239.0263721697313,64879.0,25.0
FL-604,2008,56590.78184004069,1239.0263721697313,64879.0,25.0
FL-604,2009,56590.78184004069,1239.0263721697313,64879.0,25.0
FL-604,2010,56590.78184004069,1239.0263721697313,64879.0,25.0
FL-604,2011,56131.98960687545,1221.0538566794276,65043.0,25.0
FL-604,2012,55233.82883819012,1326.19414434376,65441.0,25.0
FL-604,2013,56290.148866085794,1359.4060080755335,65878.0,25.0
FL-604,2014,56614.1859026655,1413.1468620674311,67417.0,25.0
FL-604,2015,58920.88944620439,1413.377141264813,68184.0,25.0
FL-604,2016,59684.9428559094,1511.4437696967952,69491.0,25.0
FL-604,2017,62004.490983499876,1513.4684964787205,69151.0,25.0
FL-604,2018,65854.85217820489,1659.038657511577,68887.0,25.0
FL-604,2019,69424.63223086046,1652.0149631776987,68301.0,25.0
FL-604,2020,70849.75802388643,1754.809041875352,67486.0,23.0
FL-604,2021,73771.48964583193,1787.2649014694928,73835.0,23.0
FL-604,2022,81283.01240772096,1930.2640162546563,73825.0,23.0
FL-604,2023,85507.32498920437,2012.1535679585447,74104.0,23.0
FL-605,2007,59374.46708466126,1131.1147269450744,1296827.0,336.0
FL-605,2008,59374.46708466126,1131.1147269450744,1296827.0,336.0
FL-605,2009,59374.46708466126,1131.1147269450744,1296827.0,336.0
FL-605,2010,59374.46708466126,1131.1147269450744,1296827.0,336.0
FL-605,2011,59465.52015136862,1109.6898121511115,1307008.0,336.0
FL-605,2012,58540.882976558394,1114.9316717040085,1321795.0,336.0
FL-605,2013,58257.443530246936,1112.0663114437098,1336813.0,336.0
FL-605,2014,59038.087573953155,1111.9845208837964,1356602.0,336.0
FL-605,2015,59696.57835060234,1349.8041808879918,1376454.0,336.0
FL-605,2016,61597.33912094397,1367.0572442054663,1396316.0,336.0
FL-605,2017,64283.486185917594,1412.0156190326422,1424416.0,336.0
FL-605,2018,67434.33827795765,1481.0832854892049,1443925.0,336.0
FL-605,2019,70360.1089077163,1499.6891228338854,1462642.0,336.0
FL-605,2020,71993.00401334092,1487.7704939823502,1482057.0,372.0
FL-605,2021,77440.7150191766,1554.0355676655868,1481233.0,372.0
FL-605,2022,84779.86045069424,1650.9097126381032,1494805.0,372.0
FL-605,2023,89928.99774852018,1710.2055639545645,1507453.0,372.0
FL-606,2007,57075.34277243299,1068.250581045633,280959.0,57.0
FL-606,2008,57075.34277243299,1068.250581045633,280959.0,57.0
FL-606,2009,57075.34277243299,1068.250581045633,280959.0,57.0
FL-606,2010,57075.34277243299,1068.250581045633,280959.0,57.0
FL-606,2011,55887.46331659704,1078.3826099483153,284611.0,57.0
FL-606,2012,54623.86871682797,1036.997738231519,288270.0,57.0
FL-606,2013,54549.72102060469,1074.3269363419681,292846.0,57.0
FL-606,2014,54765.450147780946,1086.164895415276,298753.0,57.0
FL-606,2015,56556.85968952576,1127.5937098128757,304824.0,57.0
FL-606,2016,59605.316374010035,1206.4906394804061,311628.0,57.0
FL-606,2017,63149.201791128755,1257.1757775624394,319910.0,57.0
FL-606,2018,66482.14858954333,1294.4959600600325,326490.0,57.0
FL-606,2019,69899.13143509954,1387.0003538199057,333503.0,57.0
FL-606,2020,73424.37739552403,1344.1609474289255,377527.0,107.0
FL-606,2021,78078.66772584798,1418.090218011827,371356.0,107.0
FL-606,2022,86961.09198384627,1552.93972179697,378860.0,107.0
FL-606,2023,90542.88042892943,1617.726438394466,386264.0,107.0
GA-500,2007,52345.99470120048,904.0554016485154,409338.0,127.0
GA-500,2008,52345.99470120048,904.0554016485154,409338.0,127.0
GA-500,2009,52345.99470120048,904.0554016485154,409338.0,127.0
GA-500,2010,52345.99470120048,904.0554016485154,409338.0,127.0
GA-500,2011,52697.84637935596,935.0259541617565,415810.0,127.0
GA-500,2012,53146.45414764484,958.3037433053834,422541.0,127.0
GA-500,2013,53033.259955024194,966.2696222637201,430009.0,127.0
GA-500,2014,53277.94591996127,990.0276463387899,437888.0,127.0
GA-500,2015,54800.07827632462,1012.0965906550414,447300.0,127.0
GA-500,2016,55949.734620672636,1046.7610409469082,453856.0,127.0
GA-500,2017,59295.12254760734,1093.8132791498156,461641.0,127.0
GA-500,2018,63006.25225440685,1156.8780815921248,468305.0,127.0
GA-500,2019,67983.12796611237,1207.274455871801,476634.0,127.0
GA-500,2020,65249.247232329486,1236.656541970394,490846.0,174.0
GA-500,2021,70602.04329023905,1320.5254722216514,486530.0,174.0
GA-500,2022,78923.77489923984,1423.502621294832,490025.0,174.0
GA-500,2023,84143.00851469664,1514.088153579749,494909.0,174.0
GA-501,2007,50841.943035687524,804.8846676930814,6458728.0,1293.0
GA-501,2008,50841.943035687524,804.8846676930814,6458728.0,1293.0
GA-501,2009,50841.943035687524,804.8846676930814,6458728.0,1293.0
GA-501,2010,50841.943035687524,804.8846676930814,6458728.0,1293.0
GA-501,2011,51325.180258524415,830.4154482573305,6549865.0,1293.0
GA-501,2012,51191.87296175682,846.7258730407623,6619794.0,1293.0
GA-501,2013,50805.8370101391,860.1160439912869,6672685.0,1293.0
GA-501,2014,50964.739732000235,872.5681243242512,6726797.0,1293.0
GA-501,2015,51095.42447523413,884.9339185575283,6782358.0,1293.0
GA-501,2016,52746.457905150906,909.40273710263,6840445.0,1293.0
GA-501,2017,55124.33425879396,934.9842621474675,6903229.0,1293.0
GA-501,2018,57816.05253140906,966.7357113093284,6973942.0,1293.0
GA-501,2019,60886.62229411321,999.0718421842355,7051108.0,1293.0
GA-501,2020,63790.34103426484,985.4334193742071,7134981.0,1838.0
GA-501,2021,67787.7096673079,1029.8177833669479,7213156.0,1838.0
GA-501,2022,74451.33620499478,1144.7971678071003,7293571.0,1838.0
GA-501,2023,77799.78230893337,1225.4667896708963,7380776.0,1838.0
GA-502,2007,79468.87617967563,1020.6371700341787,509674.0,89.0
GA-502,2008,79468.87617967563,1020.6371700341787,509674.0,89.0
GA-502,2009,79468.87617967563,1020.6371700341787,509674.0,89.0
GA-502,2010,79468.87617967563,1020.6371700341787,509674.0,89.0
GA-502,2011,80384.31598776819,1000.5290619926861,524207.0,89.0
GA-502,2012,78990.13869151038,1013.3156583656316,538728.0,89.0
GA-502,2013,77669.69369642377,1052.243129903971,551084.0,89.0
GA-502,2014,78477.1221121936,1093.8523332888474,561975.0,89.0
GA-502,2015,79087.26425564989,1145.4450152377242,569967.0,89.0
GA-502,2016,81291.95920015249,1265.1713590130132,577110.0,89.0
GA-502,2017,84673.21720802014,1294.0350975121141,584030.0,89.0
GA-502,2018,88874.3364718872,1377.5871003906914,588700.0,89.0
GA-502,2019,94128.12654105214,1345.6328598701282,595048.0,89.0
GA-502,2020,93326.22356163294,1240.2192149875646,603914.0,168.0
GA-502,2021,97381.1222877069,1312.2981795262185,610830.0,168.0
GA-502,2022,110799.35362408821,1247.227544890715,615272.0,168.0
GA-502,2023,108839.50285521794,1461.5653833571403,617466.0,168.0
GA-503,2007,34138.23000782132,752.3615625271574,115070.0,30.0
GA-503,2008,34138.23000782132,752.3615625271574,115070.0,30.0
GA-503,2009,34138.23000782132,752.3615625271574,115070.0,30.0
GA-503,2010,34138.23000782132,752.3615625271574,115070.0,30.0
GA-503,2011,33839.79360377505,764.7777337661779,116131.0,30.0
GA-503,2012,33244.410021908596,779.2834106078361,117762.0,30.0
GA-503,2013,32916.592685758515,802.446417754745,118864.0,30.0
GA-503,2014,33308.05716028442,821.7773664992773,119681.0,30.0
GA-503,2015,32325.08598486415,806.4690542161201,120905.0,30.0
GA-503,2016,33236.32214000672,811.7950949302261,122037.0,30.0
GA-503,2017,35320.80568820111,821.3234132444113,123554.0,30.0
GA-503,2018,38057.677814160284,847.6828140800308,124602.0,30.0
GA-503,2019,39474.04806777834,852.5939402104996,126176.0,30.0
GA-503,2020,41397.58085733191,856.207479992438,126952.0,34.0
GA-503,2021,44576.09682124888,922.8594016927337,128195.0,34.0
GA-503,2022,49818.5139061336,1032.3145486714675,128864.0,34.0
GA-503,2023,54370.820766320874,1127.1279676947713,129267.0,34.0
GA-504,2007,40169.87055558359,730.5978705152143,198170.0,47.0
GA-504,2008,40169.87055558359,730.5978705152143,198170.0,47.0
GA-504,2009,40169.87055558359,730.5978705152143,198170.0,47.0
GA-504,2010,40169.87055558359,730.5978705152143,198170.0,47.0
GA-504,2011,41127.734480160725,762.6214013058765,199100.0,47.0
GA-504,2012,41140.80528309798,793.706175094965,200337.0,47.0
GA-504,2013,40097.738443711736,802.4800503279773,201081.0,47.0
GA-504,2014,39504.04827473117,823.4469897239172,201244.0,47.0
GA-504,2015,39875.099169858564,822.3064468853551,201291.0,47.0
GA-504,2016,40270.254381435625,830.5389637470336,201418.0,47.0
GA-504,2017,41523.682841522466,853.6237101127163,201568.0,47.0
GA-504,2018,44136.88619250185,902.7017169405797,201463.0,47.0
GA-504,2019,45452.82830985078,927.4750857063591,201852.0,47.0
GA-504,2020,46166.1885665107,956.8030250571279,202178.0,56.0
GA-504,2021,48006.03918414556,991.6984623758334,205772.0,56.0
GA-504,2022,53060.46079368236,1074.7574956464373,206153.0,56.0
GA-504,2023,55883.766797709184,1133.9798097456805,206040.0,56.0
GA-505,2007,42139.444578172275,735.8818472828176,239292.0,66.0
GA-505,2008,42139.444578172275,735.8818472828176,239292.0,66.0
GA-505,2009,42139.444578172275,735.8818472828176,239292.0,66.0
GA-505,2010,42139.444578172275,735.8818472828176,239292.0,66.0
GA-505,2011,42246.698615985864,775.4997012919125,241038.0,66.0
GA-505,2012,42815.998907085996,805.2107611248858,245216.0,66.0
GA-505,2013,43513.270255057025,838.1768632257189,250493.0,66.0
GA-505,2014,43864.80293620973,850.4093963412962,255227.0,66.0
GA-505,2015,44105.60579224787,876.2583231175581,258587.0,66.0
GA-505,2016,44999.80335523038,889.9334978508451,258939.0,66.0
GA-505,2017,46254.28770996434,900.2535050772575,257127.0,66.0
GA-505,2018,48136.44230882405,923.2520842896545,254883.0,66.0
GA-505,2019,49126.73753503278,940.7734448600856,253691.0,66.0
GA-505,2020,51477.65678728745,955.8441757842719,253356.0,77.0
GA-505,2021,52022.32461292248,1003.6503586620594,263061.0,77.0
GA-505,2022,56299.03743816932,1096.9120609214906,263421.0,77.0
GA-505,2023,58984.310821642524,1132.6432470625775,263241.0,77.0
GA-506,2007,71821.97395785664,1008.3994038990141,677402.0,120.0
GA-506,2008,71821.97395785664,1008.3994038990141,677402.0,120.0
GA-506,2009,71821.97395785664,1008.3994038990141,677402.0,120.0
GA-506,2010,71821.97395785664,1008.3994038990141,677402.0,120.0
GA-506,2011,71805.85562217663,1051.2718081780301,684468.0,120.0
GA-506,2012,71782.84228556561,1112.5604506952675,691820.0,120.0
GA-506,2013,71015.15310303403,1108.2508641586878,699235.0,120.0
GA-506,2014,71901.84839897309,1107.380340517971,708920.0,120.0
GA-506,2015,72445.35527642314,1190.6399456011613,719133.0,120.0
GA-506,2016,74950.85517608747,1220.6629488679112,728388.0,120.0
GA-506,2017,77975.22882885564,1249.658360755109,739072.0,120.0
GA-506,2018,81883.82106738142,1305.6468203103923,745057.0,120.0
GA-506,2019,85693.23082513997,1381.0599226855586,751218.0,120.0
GA-506,2020,88880.71742132788,1279.0163113078254,756653.0,186.0
GA-506,2021,94898.65221245901,1351.4763685245903,762500.0,186.0
GA-506,2022,104545.46393440696,1506.1656657695808,765813.0,186.0
GA-506,2023,109731.92471969129,1576.0447570831252,769152.0,186.0
GA-507,2007,48084.86427379226,874.6797034645202,256428.0,71.0
GA-507,2008,48084.86427379226,874.6797034645202,256428.0,71.0
GA-507,2009,48084.86427379226,874.6797034645202,256428.0,71.0
GA-507,2010,48084.86427379226,874.6797034645202,256428.0,71.0
GA-507,2011,48642.544933071076,916.1124780921622,261322.0,71.0
GA-507,2012,47751.92078289731,929.8666386327457,266344.0,71.0
GA-507,2013,48232.94115867828,970.634465994349,271102.0,71.0
GA-507,2014,49370.81391049135,979.4639288347747,275303.0,71.0
GA-507,2015,49240.72812488811,985.6072433671095,279290.0,71.0
GA-507,2016,52323.07387133642,1000.3797525237693,282613.0,71.0
GA-507,2017,54902.2198622796,1047.5609374233816,285506.0,71.0
GA-507,2018,56746.919947465416,1065.609888903985,287049.0,71.0
GA-507,2019,59542.28485316954,1141.6165146137207,288496.0,71.0
GA-507,2020,61737.106456435205,1164.192270644815,289649.0,87.0
GA-507,2021,65136.314973797125,1203.8966640096332,294815.0,87.0
GA-507,2022,69624.17251388954,1327.935497154584,296266.0,87.0
GA-507,2023,72954.24701233972,1422.9831020684705,298143.0,87.0
GA-508,2007,55160.30184223677,995.9977817592355,656376.0,134.0
GA-508,2008,55160.30184223677,995.9977817592355,656376.0,134.0
GA-508,2009,55160.30184223677,995.9977817592355,656376.0,134.0
GA-508,2010,55160.30184223677,995.9977817592355,656376.0,134.0
GA-508,2011,55151.298517305164,1007.9920957225245,661161.0,134.0
GA-508,2012,54509.61441367039,989.7031405554346,665965.0,134.0
GA-508,2013,54627.01389021281,991.2422342301552,671408.0,134.0
GA-508,2014,54376.70092710502,988.5866259604162,677701.0,134.0
GA-508,2015,55499.70541736378,1044.7181009204796,686164.0,134.0
GA-508,2016,57729.027125441826,1072.247773209262,693150.0,134.0
GA-508,2017,60894.35602253304,1123.3026059501296,704388.0,134.0
GA-508,2018,64579.50946752546,1165.4644960769767,711696.0,134.0
GA-508,2019,67707.0528975328,1184.3264253542482,717576.0,134.0
GA-508,2020,72477.37618367905,1239.048023151226,715988.0,189.0
GA-508,2021,76309.71701616928,1306.6724099347975,719451.0,189.0
GA-508,2022,79732.27545169018,1453.932789222335,721789.0,189.0
GA-508,2023,85807.35652512133,1555.3371702558225,722454.0,189.0
HI-500,2007,60336.290848428755,1179.0672756113615,396533.0,82.0
HI-500,2008,60336.290848428755,1179.0672756113615,396533.0,82.0
HI-500,2009,60336.290848428755,1179.0672756113615,396533.0,82.0
HI-500,2010,60336.290848428755,1179.0672756113615,396533.0,82.0
HI-500,2011,60750.02869396584,1154.1683896471993,402210.0,82.0
HI-500,2012,60209.88703616894,1205.2583636234228,407449.0,82.0
HI-500,2013,58890.32150242134,1220.191228747974,411549.0,82.0
HI-500,2014,59256.39495516152,1213.2597058096949,416941.0,82.0
HI-500,2015,60559.48762901743,1206.5576443715702,422036.0,82.0
HI-500,2016,62045.61287018001,1225.827850617582,426583.0,82.0
HI-500,2017,66013.34483397912,1243.8480088618626,431512.0,82.0
HI-500,2018,70378.75862735888,1300.5840632166442,434316.0,82.0
HI-500,2019,73439.09189011155,1357.0293773887427,437207.0,82.0
HI-500,2020,76785.60842675177,1405.803605360536,439956.0,106.0
HI-500,2021,80080.47085102549,1514.4517925632524,438283.0,106.0
HI-500,2022,87569.38471388773,1601.2666339720142,440439.0,106.0
HI-500,2023,90372.28563379389,1689.3604608011296,441926.0,106.0
HI-501,2007,74535.30638730223,972.9087764572287,936984.0,242.0
HI-501,2008,74535.30638730223,972.9087764572287,936984.0,242.0
HI-501,2009,74535.30638730223,972.9087764572287,936984.0,242.0
HI-501,2010,74535.30638730223,972.9087764572287,936984.0,242.0
HI-501,2011,74949.09376810228,998.5802780298786,944287.0,242.0
HI-501,2012,75985.88564040557,989.9633360028894,955215.0,242.0
HI-501,2013,76781.77581534979,996.195952431796,964678.0,242.0
HI-501,2014,78267.33704660292,962.2493937623631,975690.0,242.0
HI-501,2015,79308.41649681257,1701.192181698839,984178.0,242.0
HI-501,2016,82323.83573336953,1766.070910912777,986999.0,242.0
HI-501,2017,85570.36300628245,1813.2463184049452,990060.0,242.0
HI-501,2018,88387.92801107289,1810.728464275372,987638.0,242.0
HI-501,2019,91795.82988482171,1817.8803843541111,984821.0,242.0
HI-501,2020,94562.99407664937,1900.9541585943193,979682.0,328.0
HI-501,2021,99111.83842067364,1950.1579405161908,1015167.0,328.0
HI-501,2022,106342.25674487675,1900.9928036828037,1010100.0,328.0
HI-501,2023,111185.42164823756,1905.1374590750308,1003666.0,328.0
IA-500,2007,46792.865642254146,628.6111443830964,121891.0,30.0
IA-500,2008,46792.865642254146,628.6111443830964,121891.0,30.0
IA-500,2009,46792.865642254146,628.6111443830964,121891.0,30.0
IA-500,2010,46792.865642254146,628.6111443830964,121891.0,30.0
IA-500,2011,47724.33711427824,643.9356612839958,122368.0,30.0
IA-500,2012,47910.46444710423,658.1879137252986,122817.0,30.0
IA-500,2013,48784.486435100545,662.9134267722933,123075.0,30.0
IA-500,2014,49062.65285461654,672.2750133848176,123274.0,30.0
IA-500,2015,50017.99612415672,692.3404822911261,123328.0,30.0
IA-500,2016,51193.66889208353,716.4094279704036,123123.0,30.0
IA-500,2017,53205.674137285845,727.8448660169532,122926.0,30.0
IA-500,2018,57250.313425416614,763.5231552784908,122715.0,30.0
IA-500,2019,61245.7210958056,808.9649638723026,122759.0,30.0
IA-500,2020,63289.69158300152,778.8606476618544,122811.0,34.0
IA-500,2021,66422.12469735571,846.66739195797,126386.0,34.0
IA-500,2022,70128.46335367489,951.6745904095117,126834.0,34.0
IA-500,2023,73030.59547096175,964.0579742074576,127091.0,34.0
IA-501,2007,49730.3052578023,590.1272401868237,2391988.0,668.0
IA-501,2008,49730.3052578023,590.1272401868237,2391988.0,668.0
IA-501,2009,49730.3052578023,590.1272401868237,2391988.0,668.0
IA-501,2010,49730.3052578023,590.1272401868237,2391988.0,668.0
IA-501,2011,51340.18318271028,612.4139107293355,2400363.0,668.0
IA-501,2012,52069.74357379527,629.6810531385722,2408420.0,668.0
IA-501,2013,52627.64508974301,645.5133998875083,2416177.0,668.0
IA-501,2014,53636.41075221095,665.5956868734824,2424413.0,668.0
IA-501,2015,54164.112217401474,668.8444699120136,2431851.0,668.0
IA-501,2016,55443.75871053392,689.7861196313982,2436016.0,668.0
IA-501,2017,57601.98754463868,717.4881396844248,2438468.0,668.0
IA-501,2018,59481.52610029911,735.1622505530539,2444608.0,668.0
IA-501,2019,61507.3577178524,752.7704570788792,2445486.0,668.0
IA-501,2020,63422.960624516265,763.069468148296,2444516.0,718.0
IA-501,2021,67093.89046574035,803.4303903082354,2466589.0,718.0
IA-501,2022,72636.35277873243,858.3838184259497,2470353.0,718.0
IA-501,2023,75665.73192188852,899.5776481375942,2472313.0,718.0
IA-502,2007,60676.79634174062,775.8822222325309,431134.0,101.0
IA-502,2008,60676.79634174062,775.8822222325309,431134.0,101.0
IA-502,2009,60676.79634174062,775.8822222325309,431134.0,101.0
IA-502,2010,60676.79634174062,775.8822222325309,431134.0,101.0
IA-502,2011,62361.44635316633,814.5300692209842,437873.0,101.0
IA-502,2012,63042.03473458047,834.1831265397033,444485.0,101.0
IA-502,2013,63431.66764984189,842.5961875552621,451259.0,101.0
IA-502,2014,63718.95445438236,843.0919882665689,458178.0,101.0
IA-502,2015,64121.48586274392,864.4945700230935,465932.0,101.0
IA-502,2016,65768.9490387389,890.3632853211608,474949.0,101.0
IA-502,2017,67685.51244550057,933.6160305816717,483950.0,101.0
IA-502,2018,70381.61217301164,963.7986341185797,491990.0,101.0
IA-502,2019,72397.78765287335,988.2235831042701,498043.0,101.0
IA-502,2020,74932.41455637799,950.1891367090099,509330.0,119.0
IA-502,2021,78823.55731684533,997.5831250924434,513828.0,119.0
IA-502,2022,85415.10213625355,1070.393724466418,519414.0,119.0
IA-502,2023,89183.26574723952,1118.0342468495987,524457.0,119.0
ID-500,2007,59839.327152905826,888.1222505896753,380718.0,59.0
ID-500,2008,59839.327152905826,888.1222505896753,380718.0,59.0
ID-500,2009,59839.327152905826,888.1222505896753,380718.0,59.0
ID-500,2010,59839.327152905826,888.1222505896753,380718.0,59.0
ID-500,2011,59076.33982183248,929.6947451400661,388174.0,59.0
ID-500,2012,59102.89114621444,941.4740290813523,394961.0,59.0
ID-500,2013,59316.11144637554,942.9069964871924,401673.0,59.0
ID-500,2014,60338.52613020753,963.1373427263775,409239.0,59.0
ID-500,2015,60972.339354875796,988.7835813566913,417501.0,59.0
ID-500,2016,62282.627201161114,1002.3750252467132,425798.0,59.0
ID-500,2017,64443.87281122089,1037.4004991760837,435117.0,59.0
ID-500,2018,67411.20834117995,1080.7455767488993,446052.0,59.0
ID-500,2019,70297.21859301432,1120.3754041269653,456849.0,59.0
ID-500,2020,76207.80898369022,1060.0277587848502,469473.0,129.0
ID-500,2021,81747.76279248051,1198.9885831104223,485246.0,129.0
ID-500,2022,91538.85695706883,1422.070826984848,497494.0,129.0
ID-500,2023,95920.63655688788,1630.20604780613,508052.0,129.0
ID-501,2007,44931.53433314806,673.453793324893,1146079.0,239.0
ID-501,2008,44931.53433314806,673.453793324893,1146079.0,239.0
ID-501,2009,44931.53433314806,673.453793324893,1146079.0,239.0
ID-501,2010,44931.53433314806,673.453793324893,1146079.0,239.0
ID-501,2011,45655.41983434511,695.4972375072408,1161813.0,239.0
ID-501,2012,45866.44220278606,710.5365684380334,1172842.0,239.0
ID-501,2013,45622.62616707752,718.3917919320702,1181691.0,239.0
ID-501,2014,46054.843846331576,733.2587695603772,1190225.0,239.0
ID-501,2015,46022.770133089136,740.8938873070758,1199046.0,239.0
ID-501,2016,47710.928373088864,753.9709428487581,1209685.0,239.0
ID-501,2017,49624.11929641696,780.2998728582672,1222258.0,239.0
ID-501,2018,51764.8502814963,805.5178348098702,1241757.0,239.0
ID-501,2019,54406.315073903505,830.2205169160783,1260901.0,239.0
ID-501,2020,57494.499501904436,824.9201350461594,1284894.0,327.0
ID-501,2021,61601.969024503705,889.7623214017798,1326371.0,327.0
ID-501,2022,67684.50511161973,994.8520435053423,1356615.0,327.0
ID-501,2023,72013.41943224442,1070.91013135592,1385244.0,327.0
IL-500,2007,77731.91555004579,1082.5234874660002,299266.0,51.0
IL-500,2008,77731.91555004579,1082.5234874660002,299266.0,51.0
IL-500,2009,77731.91555004579,1082.5234874660002,299266.0,51.0
IL-500,2010,77731.91555004579,1082.5234874660002,299266.0,51.0
IL-500,2011,78265.14712758962,1145.9976054944107,301106.0,51.0
IL-500,2012,78274.50133622462,1139.8389036989881,301596.0,51.0
IL-500,2013,78476.14408528768,1145.361760350374,301849.0,51.0
IL-500,2014,79207.96327004394,1151.361615123124,301525.0,51.0
IL-500,2015,79481.18070553878,1233.109086383699,301330.0,51.0
IL-500,2016,81103.70837389326,1118.6619910629745,300995.0,51.0
IL-500,2017,83414.505716196,1198.3245091419417,302124.0,51.0
IL-500,2018,86025.43638218721,1229.8225843318216,301873.0,51.0
IL-500,2019,87826.50627398903,1291.6439440854945,301961.0,51.0
IL-500,2020,92285.11316262573,1174.4614612182756,308715.0,64.0
IL-500,2021,96596.0979305876,1223.2532471906868,311731.0,64.0
IL-500,2022,103706.31656618981,1290.6754960311105,312178.0,64.0
IL-500,2023,106767.32009080953,1352.628033121786,312302.0,64.0
IL-501,2007,52866.17114922547,767.483551648157,451565.0,105.0
IL-501,2008,52866.17114922547,767.483551648157,451565.0,105.0
IL-501,2009,52866.17114922547,767.483551648157,451565.0,105.0
IL-501,2010,52866.17114922547,767.483551648157,451565.0,105.0
IL-501,2011,53427.88682959302,798.3596782619621,453661.0,105.0
IL-501,2012,53421.229956726376,805.3558450266214,453394.0,105.0
IL-501,2013,52463.37717125977,803.6682438886334,452272.0,105.0
IL-501,2014,52422.355895332075,822.5524514912961,450950.0,105.0
IL-501,2015,53203.44502769512,822.2492538477827,448635.0,105.0
IL-501,2016,54823.46263394555,836.3787566273685,447010.0,105.0
IL-501,2017,56720.67332700511,857.9690590476704,445623.0,105.0
IL-501,2018,59077.43289112122,902.6739087346277,443980.0,105.0
IL-501,2019,61515.322184124576,917.3201376936316,442722.0,105.0
IL-501,2020,62995.62318239883,907.0698389186349,441516.0,113.0
IL-501,2021,65867.34548905076,975.2034069343273,439985.0,113.0
IL-501,2022,70486.97947057,1000.6701752306626,438736.0,113.0
IL-501,2023,72978.52985585095,1035.5010649322721,437117.0,113.0
IL-502,2007,87911.97274875022,943.9701922766108,711527.0,155.0
IL-502,2008,87911.97274875022,943.9701922766108,711527.0,155.0
IL-502,2009,87911.97274875022,943.9701922766108,711527.0,155.0
IL-502,2010,87911.97274875022,943.9701922766108,711527.0,155.0
IL-502,2011,88299.03618909836,1007.8122308378969,714718.0,155.0
IL-502,2012,87763.54390081647,1052.2810773113895,715522.0,155.0
IL-502,2013,87725.67321156582,1030.5875638539517,716283.0,155.0
IL-502,2014,87982.9098968394,1081.3632836345087,717522.0,155.0
IL-502,2015,87689.4270647077,1264.1245812284337,716978.0,155.0
IL-502,2016,89866.49729640041,1269.8919773226696,717192.0,155.0
IL-502,2017,93674.96740454745,1281.3785987682825,718996.0,155.0
IL-502,2018,96920.03851213737,1319.8100314762662,718319.0,155.0
IL-502,2019,100101.56114720051,1418.3750679149516,715969.0,155.0
IL-502,2020,103257.38722462952,1331.888630625405,703416.0,160.0
IL-502,2021,106777.61636613224,1371.8820648330168,718276.0,160.0
IL-502,2022,114009.97248110716,1394.7809143027678,717071.0,160.0
IL-502,2023,118455.3637891437,1424.6115008717227,715824.0,160.0
IL-503,2007,47724.48915685789,759.9705812490208,197867.0,43.0
IL-503,2008,47724.48915685789,759.9705812490208,197867.0,43.0
IL-503,2009,47724.48915685789,759.9705812490208,197867.0,43.0
IL-503,2010,47724.48915685789,759.9705812490208,197867.0,43.0
IL-503,2011,48103.23673931901,791.010383919215,199443.0,43.0
IL-503,2012,48811.16638547561,814.2930010799728,200931.0,43.0
IL-503,2013,48867.20988697216,831.9752306993104,202428.0,43.0
IL-503,2014,49874.37301066528,832.4869989324924,204214.0,43.0
IL-503,2015,49447.14652566508,844.451439985226,205766.0,43.0
IL-503,2016,51571.43280205406,849.2682249781998,206420.0,43.0
IL-503,2017,52446.25401306108,866.1812153155146,207946.0,43.0
IL-503,2018,54174.39647072304,872.0763101103854,209448.0,43.0
IL-503,2019,56489.01795905146,893.0786673145263,209922.0,43.0
IL-503,2020,57266.85969448492,894.2353218479471,210006.0,48.0
IL-503,2021,61006.40042985144,936.6935807883514,206583.0,48.0
IL-503,2022,66766.49717467619,1008.6157365936327,206525.0,48.0
IL-503,2023,68262.6351881144,1044.2755000048521,206098.0,48.0
IL-504,2007,54375.92919161956,712.6646517788847,268005.0,61.0
IL-504,2008,54375.92919161956,712.6646517788847,268005.0,61.0
IL-504,2009,54375.92919161956,712.6646517788847,268005.0,61.0
IL-504,2010,54375.92919161956,712.6646517788847,268005.0,61.0
IL-504,2011,56206.40366815285,744.4712540925904,268473.0,61.0
IL-504,2012,56246.36895072714,765.3079460582458,268586.0,61.0
IL-504,2013,56798.66310694444,787.7123294817288,268373.0,61.0
IL-504,2014,57121.4748765568,792.7209232020961,267937.0,61.0
IL-504,2015,57013.50659794432,795.994505453403,267356.0,61.0
IL-504,2016,58659.82573034087,807.9610584835001,266759.0,61.0
IL-504,2017,60297.62140949003,831.2945411098128,266153.0,61.0
IL-504,2018,61217.157974178495,852.2027590619942,265670.0,61.0
IL-504,2019,64483.78349623833,871.6093263739916,264776.0,61.0
IL-504,2020,66765.01382737714,866.541669345658,264403.0,63.0
IL-504,2021,69637.42347958754,870.1604737854738,266112.0,63.0
IL-504,2022,75803.0329100003,977.0506756756756,265512.0,63.0
IL-504,2023,79275.24217495305,1023.6999104413316,264631.0,63.0
IL-506,2007,76497.08987345261,1027.2212695691667,761849.0,162.0
IL-506,2008,76497.08987345261,1027.2212695691667,761849.0,162.0
IL-506,2009,76497.08987345261,1027.2212695691667,761849.0,162.0
IL-506,2010,76497.08987345261,1027.2212695691667,761849.0,162.0
IL-506,2011,78194.94834162756,953.1569404235868,774434.0,162.0
IL-506,2012,78632.54190852666,965.8063301691451,780927.0,162.0
IL-506,2013,78155.39663831082,1005.6445733950972,785141.0,162.0
IL-506,2014,78760.77968586414,1059.7926784342073,789913.0,162.0
IL-506,2015,77972.22244029271,1166.3176091636633,793831.0,162.0
IL-506,2016,80141.09997965596,1217.0576075408576,796302.0,162.0
IL-506,2017,83365.8619554078,1277.0255692753767,800140.0,162.0
IL-506,2018,87281.42819405886,1303.3249115834694,802169.0,162.0
IL-506,2019,90454.27170997908,1314.9068363602905,804273.0,162.0
IL-506,2020,93291.03496689432,1196.7915678383592,804847.0,190.0
IL-506,2021,97411.06741545442,1252.4461540728225,814472.0,190.0
IL-506,2022,105945.07533900287,1295.1016941268067,816881.0,190.0
IL-506,2023,109838.45023675331,1382.0308114143227,821319.0,190.0
IL-507,2007,54376.11159172621,688.4195643024123,394402.0,99.0
IL-507,2008,54376.11159172621,688.4195643024123,394402.0,99.0
IL-507,2009,54376.11159172621,688.4195643024123,394402.0,99.0
IL-507,2010,54376.11159172621,688.4195643024123,394402.0,99.0
IL-507,2011,55089.409358659395,707.7165007410474,396061.0,99.0
IL-507,2012,56138.23432706223,706.2442333102624,397325.0,99.0
IL-507,2013,55932.6159996588,713.7751934289356,398596.0,99.0
IL-507,2014,56830.90530791421,730.0236372758059,398650.0,99.0
IL-507,2015,57186.42275473461,732.0044571336738,398238.0,99.0
IL-507,2016,58532.47407823085,744.1450370922122,397388.0,99.0
IL-507,2017,60418.51638496644,762.0314096810488,395515.0,99.0
IL-507,2018,62227.9046720163,791.6874742071074,392550.0,99.0
IL-507,2019,63579.344558276054,809.785289295638,389757.0,99.0
IL-507,2020,65030.564838466154,809.34511830648,386792.0,100.0
IL-507,2021,68408.80482624435,841.9778118855118,387009.0,100.0
IL-507,2022,73039.59655924715,923.054151812298,384567.0,100.0
IL-507,2023,75793.30112593686,926.1440837921114,381993.0,100.0
IL-508,2007,53054.716344993525,732.4534347962818,273466.0,61.0
IL-508,2008,53054.716344993525,732.4534347962818,273466.0,61.0
IL-508,2009,53054.716344993525,732.4534347962818,273466.0,61.0
IL-508,2010,53054.716344993525,732.4534347962818,273466.0,61.0
IL-508,2011,54543.08908813152,772.1663077874368,274930.0,61.0
IL-508,2012,54487.48934041435,795.6314005546392,275855.0,61.0
IL-508,2013,54768.93293874163,842.9249973722077,275897.0,61.0
IL-508,2014,55437.99293400235,863.5329843235639,275828.0,61.0
IL-508,2015,55277.94890550814,883.8074881302613,274648.0,61.0
IL-508,2016,56015.392422662495,898.8337961692553,273315.0,61.0
IL-508,2017,57420.38882051923,899.9825871651979,272213.0,61.0
IL-508,2018,60002.99223549268,935.0914457755847,271363.0,61.0
IL-508,2019,61843.35724488059,921.9645989209831,270246.0,61.0
IL-508,2020,64574.27864433775,957.1108060922102,261186.0,68.0
IL-508,2021,69288.98963251701,992.9711481571712,258597.0,68.0
IL-508,2022,76009.96624881713,1023.0308967214584,256791.0,68.0
IL-508,2023,79405.79706566919,1071.6558519803593,254777.0,68.0
IL-510,2007,48773.03548959826,917.4556029480262,2702961.0,796.0
IL-510,2008,48773.03548959826,917.4556029480262,2702961.0,796.0
IL-510,2009,48773.03548959826,917.4556029480262,2702961.0,796.0
IL-510,2010,48773.03548959826,917.4556029480262,2702961.0,796.0
IL-510,2011,49433.37166496817,947.0292431855146,2700424.0,796.0
IL-510,2012,49520.90328499637,970.8814284440132,2702073.0,796.0
IL-510,2013,49783.38414835161,981.4778582061862,2705788.0,796.0
IL-510,2014,50634.614548141384,996.2188872612693,2712209.0,796.0
IL-510,2015,51331.15957380637,1004.7233856254423,2716981.0,796.0
IL-510,2016,53420.49495027667,1032.3675877966402,2713515.0,796.0
IL-510,2017,56161.367427256475,1073.586882250382,2722098.0,796.0
IL-510,2018,59646.00569937149,1122.785816802605,2718019.0,796.0
IL-510,2019,63288.78680998524,1155.6244148319001,2708837.0,796.0
IL-510,2020,66861.19745479988,1205.0885272171643,2698334.0,792.0
IL-510,2021,70441.39217883698,1253.6966074439529,2741178.0,792.0
IL-510,2022,76863.74779133292,1356.9675830627511,2720985.0,792.0
IL-510,2023,79932.31704649783,1410.5886085746956,2706685.0,792.0
IL-511,2007,67483.77084975442,982.0609447469905,2456192.0,520.0
IL-511,2008,67483.77084975442,982.0609447469905,2456192.0,520.0
IL-511,2009,67483.77084975442,982.0609447469905,2456192.0,520.0
IL-511,2010,67483.77084975442,982.0609447469905,2456192.0,520.0
IL-511,2011,68660.90917138524,1004.6162999581892,2468264.0,520.0
IL-511,2012,68469.01012838043,1017.8818644507794,2480752.0,520.0
IL-511,2013,68076.33769322427,1015.1170159355211,2491729.0,520.0
IL-511,2014,68041.66333431026,1033.6336953570785,2501033.0,520.0
IL-511,2015,68756.25323432167,1121.9716583866382,2504621.0,520.0
IL-511,2016,70493.46691025254,1146.9064174952907,2499324.0,520.0
IL-511,2017,72331.32496140059,1175.0272162773945,2501334.0,520.0
IL-511,2018,75475.98232991074,1222.254064353434,2490310.0,520.0
IL-511,2019,78801.90337556496,1251.2350399812424,2473660.0,520.0
IL-511,2020,81120.54113156436,1257.9802242418489,2464482.0,538.0
IL-511,2021,85755.10855766753,1297.6896005331043,2518081.0,538.0
IL-511,2022,91536.4470894114,1404.0001036465994,2498876.0,538.0
IL-511,2023,94426.4766527393,1454.59188492629,2473545.0,538.0
IL-512,2007,52200.85445017769,663.5476728051648,535473.0,144.0
IL-512,2008,52200.85445017769,663.5476728051648,535473.0,144.0
IL-512,2009,52200.85445017769,663.5476728051648,535473.0,144.0
IL-512,2010,52200.85445017769,663.5476728051648,535473.0,144.0
IL-512,2011,53058.141475184595,704.1265643443065,537126.0,144.0
IL-512,2012,53839.95400507956,712.5633885044307,537842.0,144.0
IL-512,2013,54516.57169357162,726.8861943662233,538005.0,144.0
IL-512,2014,55025.21151348958,738.5526169896898,537526.0,144.0
IL-512,2015,56151.73269684393,745.6419560478935,535856.0,144.0
IL-512,2016,57311.48690674407,756.9840154651547,533328.0,144.0
IL-512,2017,58638.308585111095,775.2715523336382,530395.0,144.0
IL-512,2018,59917.98214796016,791.9486051260506,528399.0,144.0
IL-512,2019,61187.141180928586,813.7440299487969,525163.0,144.0
IL-512,2020,62482.30704450431,805.6441168693306,521882.0,151.0
IL-512,2021,65735.82758827257,841.8637205113935,517488.0,151.0
IL-512,2022,70831.7950164551,893.3733170919348,514734.0,151.0
IL-512,2023,73766.5423477114,926.333119046456,511775.0,151.0
IL-513,2007,56921.140208307734,710.7770933185859,195288.0,53.0
IL-513,2008,56921.140208307734,710.7770933185859,195288.0,53.0
IL-513,2009,56921.140208307734,710.7770933185859,195288.0,53.0
IL-513,2010,56921.140208307734,710.7770933185859,195288.0,53.0
IL-513,2011,58591.668119535825,746.4460698701074,196393.0,53.0
IL-513,2012,59648.74567284807,771.65133637846,197474.0,53.0
IL-513,2013,59712.98192354831,774.6320453525261,198269.0,53.0
IL-513,2014,60210.72166110016,787.7009224980886,198808.0,53.0
IL-513,2015,59949.09594203481,762.003889134542,199016.0,53.0
IL-513,2016,60671.450319423675,772.7183634633682,198639.0,53.0
IL-513,2017,62693.909990208645,801.1989714031918,198134.0,53.0
IL-513,2018,64981.147439302644,860.9100581298284,197661.0,53.0
IL-513,2019,66635.40418874231,874.6926816383133,196861.0,53.0
IL-513,2020,67494.17907462124,871.9022825737512,195963.0,54.0
IL-513,2021,72520.8715484425,905.772894759579,196759.0,54.0
IL-513,2022,78929.97571409633,975.5395774059004,196122.0,54.0
IL-513,2023,81424.49102281051,1023.3363385360906,195217.0,54.0
IL-514,2007,84148.1751842633,1001.9941818533633,909568.0,213.0
IL-514,2008,84148.1751842633,1001.9941818533633,909568.0,213.0
IL-514,2009,84148.1751842633,1001.9941818533633,909568.0,213.0
IL-514,2010,84148.1751842633,1001.9941818533633,909568.0,213.0
IL-514,2011,84357.35376150698,1043.3449237553143,910752.0,213.0
IL-514,2012,85200.38134399087,1035.2122251943904,914783.0,213.0
IL-514,2013,85031.08019522767,1076.089248334298,919132.0,213.0
IL-514,2014,85633.38284118523,1082.6870580625134,921369.0,213.0
IL-514,2015,86314.8756416842,1156.927357077586,924715.0,213.0
IL-514,2016,89188.16948731034,1210.8391605972008,924848.0,213.0
IL-514,2017,92086.61485821253,1266.7664889735252,926316.0,213.0
IL-514,2018,95946.91490679343,1359.105703521329,926866.0,213.0
IL-514,2019,99507.97470009136,1410.8444032372292,924865.0,213.0
IL-514,2020,102123.92564361176,1407.9328969667492,921091.0,217.0
IL-514,2021,106614.886937331,1445.8204710209254,929343.0,217.0
IL-514,2022,113739.97237993141,1464.392879929784,926283.0,217.0
IL-514,2023,116606.77853605678,1566.3347933033538,922850.0,217.0
IL-515,2007,43761.881646522015,566.2407771467405,412020.0,111.0
IL-515,2008,43761.881646522015,566.2407771467405,412020.0,111.0
IL-515,2009,43761.881646522015,566.2407771467405,412020.0,111.0
IL-515,2010,43761.881646522015,566.2407771467405,412020.0,111.0
IL-515,2011,45558.01114154008,589.8236040269924,411523.0,111.0
IL-515,2012,46023.03721029907,598.1102501223703,410639.0,111.0
IL-515,2013,46168.173032928775,608.9820938959571,409581.0,111.0
IL-515,2014,47153.859504557484,611.4400764481035,408120.0,111.0
IL-515,2015,47925.36662616484,607.3464927306201,405743.0,111.0
IL-515,2016,48414.902100587395,615.5948435398082,403649.0,111.0
IL-515,2017,50394.99655765921,623.5874254783107,400890.0,111.0
IL-515,2018,51885.96731709399,647.4514539825386,398251.0,111.0
IL-515,2019,53980.49696835013,661.7044715888572,395989.0,111.0
IL-515,2020,55877.61135593005,667.2699389152052,393715.0,112.0
IL-515,2021,59695.68890354637,685.1923580348939,389638.0,112.0
IL-515,2022,64669.15368717102,742.2809139230054,387560.0,112.0
IL-515,2023,67650.47814156533,745.101320029103,384840.0,112.0
IL-516,2007,47457.549526278235,625.6208961424868,110719.0,34.0
IL-516,2008,47457.549526278235,625.6208961424868,110719.0,34.0
IL-516,2009,47457.549526278235,625.6208961424868,110719.0,34.0
IL-516,2010,47457.549526278235,625.6208961424868,110719.0,34.0
IL-516,2011,48937.27967158032,657.1372660596863,110712.0,34.0
IL-516,2012,49027.83061379547,699.5354293673909,110558.0,34.0
IL-516,2013,49233.19425550054,697.3065970143839,110262.0,34.0
IL-516,2014,49801.69100361458,713.6838472954395,109833.0,34.0
IL-516,2015,50238.819530555986,697.4025349610323,109193.0,34.0
IL-516,2016,49954.39921958599,689.3743865540017,108404.0,34.0
IL-516,2017,51335.94273471702,698.0412689265431,107587.0,34.0
IL-516,2018,52851.11605265134,723.0761041009464,106512.0,34.0
IL-516,2019,53459.377653324234,732.4166192858768,105528.0,34.0
IL-516,2020,57796.75502445362,739.5173945437873,104688.0,37.0
IL-516,2021,59564.25910803117,774.0902224650391,104331.0,37.0
IL-516,2022,64578.72922099245,832.5201657298487,103542.0,37.0
IL-516,2023,68592.3268415358,775.5766782661248,102591.0,37.0
IL-517,2007,74510.93811214645,1031.7727568782764,571146.0,96.0
IL-517,2008,74510.93811214645,1031.7727568782764,571146.0,96.0
IL-517,2009,74510.93811214645,1031.7727568782764,571146.0,96.0
IL-517,2010,74510.93811214645,1031.7727568782764,571146.0,96.0
IL-517,2011,75825.54201033374,1079.9216827250693,579655.0,96.0
IL-517,2012,75270.09841444064,1093.831212834458,586733.0,96.0
IL-517,2013,75591.95898696412,1102.4796714753097,589910.0,96.0
IL-517,2014,76220.8808243064,1153.7482176158128,594148.0,96.0
IL-517,2015,76281.17388482398,1186.3649945299248,597798.0,96.0
IL-517,2016,77667.44580927145,1251.506320987078,599669.0,96.0
IL-517,2017,80507.15361306252,1293.206794925225,602273.0,96.0
IL-517,2018,83652.02360323518,1357.6435490947622,603985.0,96.0
IL-517,2019,86232.47484810579,1337.1475309745056,604368.0,96.0
IL-517,2020,88941.41229792619,1226.1828045842472,601451.0,119.0
IL-517,2021,94752.6754665862,1303.0998124838932,589816.0,119.0
IL-517,2022,103332.62590676398,1368.4479214015878,587391.0,119.0
IL-517,2023,106846.41317981106,1450.8734754511606,586321.0,119.0
IL-518,2007,48537.48428040589,621.0894725704367,675749.0,183.0
IL-518,2008,48537.48428040589,621.0894725704367,675749.0,183.0
IL-518,2009,48537.48428040589,621.0894725704367,675749.0,183.0
IL-518,2010,48537.48428040589,621.0894725704367,675749.0,183.0
IL-518,2011,49918.35634172754,636.4557004217596,675029.0,183.0
IL-518,2012,50347.798421914325,655.5150261330513,673094.0,183.0
IL-518,2013,50382.38719450375,662.9016000906499,670712.0,183.0
IL-518,2014,50491.447718522875,675.0949830890643,667024.0,183.0
IL-518,2015,50453.12419739194,661.582910089844,664708.0,183.0
IL-518,2016,51575.00646165399,674.2690064677099,660512.0,183.0
IL-518,2017,53630.02520175412,694.9093811858575,656740.0,183.0
IL-518,2018,55111.266955680614,717.185639849586,652333.0,183.0
IL-518,2019,56808.115845070424,729.7986687669879,647520.0,183.0
IL-518,2020,58352.85812148441,745.880632133232,643029.0,191.0
IL-518,2021,61407.35342921289,778.4580827879345,650747.0,191.0
IL-518,2022,66138.6383604177,826.6068771626298,647360.0,191.0
IL-518,2023,69082.71927887468,847.4786889421031,643938.0,191.0
IL-519,2007,42212.650305467985,551.6813566692032,229975.0,70.0
IL-519,2008,42212.650305467985,551.6813566692032,229975.0,70.0
IL-519,2009,42212.650305467985,551.6813566692032,229975.0,70.0
IL-519,2010,42212.650305467985,551.6813566692032,229975.0,70.0
IL-519,2011,43262.45026937332,571.9755930786082,229607.0,70.0
IL-519,2012,44175.46750592766,590.0327538851845,229011.0,70.0
IL-519,2013,44267.82030528807,596.6543437268945,228571.0,70.0
IL-519,2014,45129.22681861098,603.0232044441517,227715.0,70.0
IL-519,2015,45776.65177995814,595.8514876405288,226466.0,70.0
IL-519,2016,47032.15910656434,623.7784898164155,225019.0,70.0
IL-519,2017,48091.38922346051,640.4755951767957,223337.0,70.0
IL-519,2018,50159.02237116244,654.7515173975333,221267.0,70.0
IL-519,2019,51689.70311161731,675.9060045558086,219500.0,70.0
IL-519,2020,53419.791336701885,688.096936150666,217700.0,72.0
IL-519,2021,57275.00385766793,665.9033668193855,214119.0,72.0
IL-519,2022,61770.65205231786,752.3102865429344,212394.0,72.0
IL-519,2023,63962.20292270222,787.5590973616868,210627.0,72.0
IL-520,2007,42047.89719047935,556.59948565494,588321.0,164.0
IL-520,2008,42047.89719047935,556.59948565494,588321.0,164.0
IL-520,2009,42047.89719047935,556.59948565494,588321.0,164.0
IL-520,2010,42047.89719047935,556.59948565494,588321.0,164.0
IL-520,2011,43317.879148656764,591.2840623197947,587871.0,164.0
IL-520,2012,44333.5645053812,607.569512496485,586765.0,164.0
IL-520,2013,44546.12411481914,618.8836921858248,585756.0,164.0
IL-520,2014,45062.84701491899,617.3485129777575,584423.0,164.0
IL-520,2015,45920.47080851444,626.884797948725,581882.0,164.0
IL-520,2016,46900.32114823023,628.6450010010425,579396.0,164.0
IL-520,2017,48170.89531516597,642.1562582363467,576712.0,164.0
IL-520,2018,50140.604914745636,660.2146572533458,572522.0,164.0
IL-520,2019,51576.439885425716,671.6308390509114,568714.0,164.0
IL-520,2020,54278.59914861384,668.7737194300355,572948.0,174.0
IL-520,2021,57308.069807311454,697.703699070387,567548.0,174.0
IL-520,2022,62309.89661352251,750.5408933465219,564126.0,174.0
IL-520,2023,65046.43507978358,781.1872392686223,560203.0,174.0
IN-502,2007,51503.83824760396,705.5241740496836,5526422.0,1284.0
IN-502,2008,51503.83824760396,705.5241740496836,5526422.0,1284.0
IN-502,2009,51503.83824760396,705.5241740496836,5526422.0,1284.0
IN-502,2010,51503.83824760396,705.5241740496836,5526422.0,1284.0
IN-502,2011,52520.7069153329,730.9409178656763,5556739.0,1284.0
IN-502,2012,52575.72125848527,748.1323946715595,5580995.0,1284.0
IN-502,2013,52488.455789872554,758.309064564269,5602619.0,1284.0
IN-502,2014,53094.524770343625,770.7121100109815,5623075.0,1284.0
IN-502,2015,53662.05610698455,774.5963461773636,5642310.0,1284.0
IN-502,2016,54950.08190459423,788.9832531910215,5657436.0,1284.0
IN-502,2017,57198.44833793701,805.0408400526288,5674454.0,1284.0
IN-502,2018,59655.77629093628,832.3450828162714,5692903.0,1284.0
IN-502,2019,62104.56776903214,850.1814835712763,5713834.0,1284.0
IN-502,2020,64125.769748565916,819.9394155227338,5739556.0,1440.0
IN-502,2021,68060.25052068577,869.2455372878817,5781798.0,1440.0
IN-502,2022,73573.75126611438,944.9356469131376,5812666.0,1440.0
IN-502,2023,76435.84209228535,1003.7224172207543,5839930.0,1440.0
IN-503,2007,47919.546681392094,796.3772121807995,890976.0,224.0
IN-503,2008,47919.546681392094,796.3772121807995,890976.0,224.0
IN-503,2009,47919.546681392094,796.3772121807995,890976.0,224.0
IN-503,2010,47919.546681392094,796.3772121807995,890976.0,224.0
IN-503,2011,47900.8871573177,811.3485824749447,897515.0,224.0
IN-503,2012,47098.200172464305,810.8631119857164,904535.0,224.0
IN-503,2013,46575.97229134374,821.642662802195,912242.0,224.0
IN-503,2014,46157.172353742266,842.1943685442537,919336.0,224.0
IN-503,2015,46758.96642467358,867.662093087274,926335.0,224.0
IN-503,2016,48212.13542142721,874.1840009354798,932142.0,224.0
IN-503,2017,50767.00968122183,916.7259001408564,939964.0,224.0
IN-503,2018,52409.02594748884,924.0467505820399,944523.0,224.0
IN-503,2019,54492.82942190574,962.1783879924653,951869.0,224.0
IN-503,2020,57246.086263248995,956.9636888577377,957337.0,253.0
IN-503,2021,60758.54305434937,975.379824700735,969542.0,253.0
IN-503,2022,65750.76513809807,1080.3673123489175,971737.0,253.0
IN-503,2023,69289.70976166417,1125.1627417366556,971822.0,253.0
KS-502,2007,53809.712021443134,738.5657703914442,486123.0,124.0
KS-502,2008,53809.712021443134,738.5657703914442,486123.0,124.0
KS-502,2009,53809.712021443134,738.5657703914442,486123.0,124.0
KS-502,2010,53809.712021443134,738.5657703914442,486123.0,124.0
KS-502,2011,54888.769809426245,762.9183232111352,491988.0,124.0
KS-502,2012,54754.17352362482,790.7974618860424,497062.0,124.0
KS-502,2013,54937.27864200588,778.3450819541184,500768.0,124.0
KS-502,2014,55548.48129570375,811.635094523887,503788.0,124.0
KS-502,2015,55947.1986559506,834.505862448152,506529.0,124.0
KS-502,2016,57025.239470624,867.5520688834189,508221.0,124.0
KS-502,2017,58969.029266343314,891.4084202443172,510484.0,124.0
KS-502,2018,61260.92027949631,917.163895528684,512064.0,124.0
KS-502,2019,62629.59113123935,943.2504894083272,513375.0,124.0
KS-502,2020,64510.447295000544,927.5492534185978,515416.0,135.0
KS-502,2021,66667.57001500575,952.9827731633321,520467.0,135.0
KS-502,2022,71943.0370614119,1052.6503864549454,522700.0,135.0
KS-502,2023,73934.80577351803,1081.588902650483,524810.0,135.0
KS-503,2007,50896.45459931524,724.3353993744909,175537.0,43.0
KS-503,2008,50896.45459931524,724.3353993744909,175537.0,43.0
KS-503,2009,50896.45459931524,724.3353993744909,175537.0,43.0
KS-503,2010,50896.45459931524,724.3353993744909,175537.0,43.0
KS-503,2011,52125.84889912462,762.8885034771931,176723.0,43.0
KS-503,2012,52307.24011750934,785.8396515240196,177688.0,43.0
KS-503,2013,52554.90222448957,797.4773514671092,178378.0,43.0
KS-503,2014,53525.25156774916,809.989882418813,178600.0,43.0
KS-503,2015,53281.75704170209,816.20287261175,178792.0,43.0
KS-503,2016,54639.9549636831,819.2757172377875,178567.0,43.0
KS-503,2017,57126.48193865196,836.9439380689716,178392.0,43.0
KS-503,2018,58592.870061250585,874.9324841264499,178284.0,43.0
KS-503,2019,60306.32542226121,898.1755504576839,177852.0,43.0
KS-503,2020,62279.838239524404,889.8338231063832,177293.0,46.0
KS-503,2021,63818.65282905062,949.1399194651863,179053.0,46.0
KS-503,2022,67822.1217746676,1043.9441903428972,178625.0,46.0
KS-503,2023,71713.82678406191,1071.2131957490958,178315.0,46.0
KS-505,2007,80961.45071984158,902.0793651690046,531228.0,130.0
KS-505,2008,80961.45071984158,902.0793651690046,531228.0,130.0
KS-505,2009,80961.45071984158,902.0793651690046,531228.0,130.0
KS-505,2010,80961.45071984158,902.0793651690046,531228.0,130.0
KS-505,2011,82534.1311382313,878.1535402237415,538836.0,130.0
KS-505,2012,82998.6976023998,915.8527138739227,546046.0,130.0
KS-505,2013,82455.58299077488,980.2718850088706,552947.0,130.0
KS-505,2014,83394.76985134592,958.9594696665328,560025.0,130.0
KS-505,2015,85203.55420649455,1098.74774617423,566814.0,130.0
KS-505,2016,87366.86269190186,1100.308091148581,572428.0,130.0
KS-505,2017,90448.11675423334,1144.5355521884185,578797.0,130.0
KS-505,2018,93130.00426984024,1177.2946514273222,585502.0,130.0
KS-505,2019,97498.74695438423,1247.2677673599253,591506.0,130.0
KS-505,2020,100546.37669978949,1124.1989795406091,597574.0,154.0
KS-505,2021,105304.48260608043,1115.8277033614584,605154.0,154.0
KS-505,2022,111086.2052274119,1284.3197389405018,610742.0,154.0
KS-505,2023,115423.59487868515,1251.739820483958,614764.0,154.0
KS-507,2007,46307.657152498425,619.0173924471194,1460979.0,403.0
KS-507,2008,46307.657152498425,619.0173924471194,1460979.0,403.0
KS-507,2009,46307.657152498425,619.0173924471194,1460979.0,403.0
KS-507,2010,46307.657152498425,619.0173924471194,1460979.0,403.0
KS-507,2011,47674.95842478508,648.8311341743713,1467076.0,403.0
KS-507,2012,48439.41710445838,667.0899421836614,1473113.0,403.0
KS-507,2013,48792.83861643971,687.7184749463005,1477666.0,403.0
KS-507,2014,49458.36171557398,701.0247483739763,1481067.0,403.0
KS-507,2015,49611.30433513553,704.6146829220173,1480046.0,403.0
KS-507,2016,50897.643789781214,721.8521734598074,1477299.0,403.0
KS-507,2017,52556.98517163186,741.4871540884773,1472920.0,403.0
KS-507,2018,54249.20868852314,760.3965855475456,1468581.0,403.0
KS-507,2019,55888.75622770936,770.6055604084048,1463058.0,403.0
KS-507,2020,57398.50917674579,777.5202022940663,1456889.0,430.0
KS-507,2021,60752.7334746541,814.651185805967,1459092.0,430.0
KS-507,2022,65735.62457465178,882.1092820355719,1455866.0,430.0
KS-507,2023,68691.87139588667,906.8919590499331,1452403.0,430.0
KY-500,2007,42332.60732434995,582.2173849588673,3268331.0,842.0
KY-500,2008,42332.60732434995,582.2173849588673,3268331.0,842.0
KY-500,2009,42332.60732434995,582.2173849588673,3268331.0,842.0
KY-500,2010,42332.60732434995,582.2173849588673,3268331.0,842.0
KY-500,2011,43196.24350414524,607.4698555233091,3287866.0,842.0
KY-500,2012,43532.418303294005,623.7823934713377,3302116.0,842.0
KY-500,2013,43888.539122366026,642.2285614274376,3313910.0,842.0
KY-500,2014,44312.26478715264,658.6553562423023,3327314.0,842.0
KY-500,2015,44695.91994031029,665.7404316763459,3333238.0,842.0
KY-500,2016,45873.971546689114,677.4399087506465,3340736.0,842.0
KY-500,2017,47624.7576565321,697.1145885558534,3344889.0,842.0
KY-500,2018,49432.672833448014,714.4321107492556,3354316.0,842.0
KY-500,2019,51423.687552513635,726.0836412744657,3361032.0,842.0
KY-500,2020,53600.35924276836,715.9673817448469,3371333.0,1008.0
KY-500,2021,56637.78405276833,745.8352572768398,3392338.0,1008.0
KY-500,2022,61733.0317734958,809.8591913948485,3402427.0,1008.0
KY-500,2023,64339.80843300722,844.244595952595,3412211.0,1008.0
KY-501,2007,50552.60389031766,715.9323588118203,729452.0,191.0
KY-501,2008,50552.60389031766,715.9323588118203,729452.0,191.0
KY-501,2009,50552.60389031766,715.9323588118203,729452.0,191.0
KY-501,2010,50552.60389031766,715.9323588118203,729452.0,191.0
KY-501,2011,51783.99165946366,736.0388907915695,735804.0,191.0
KY-501,2012,52339.032907721055,762.0711278388204,741285.0,191.0
KY-501,2013,52510.54072035147,788.7246309839535,746580.0,191.0
KY-501,2014,53303.98712416083,800.03197801686,751485.0,191.0
KY-501,2015,54235.97543294668,822.667476836079,755809.0,191.0
KY-501,2016,55491.54974832966,855.670593531335,759724.0,191.0
KY-501,2017,58058.0923456719,884.447299634474,764378.0,191.0
KY-501,2018,60215.635191891066,924.2839403822439,767154.0,191.0
KY-501,2019,62685.600750046586,923.551207358692,767419.0,191.0
KY-501,2020,64287.4080130762,944.695262610633,768419.0,216.0
KY-501,2021,67662.70090037915,1010.326494107879,780449.0,216.0
KY-501,2022,72774.05504009075,1102.7169045932405,779232.0,216.0
KY-501,2023,74646.84289907794,1155.2137029966864,777392.0,216.0
KY-502,2007,54223.59366418442,769.8646982242358,288045.0,82.0
KY-502,2008,54223.59366418442,769.8646982242358,288045.0,82.0
KY-502,2009,54223.59366418442,769.8646982242358,288045.0,82.0
KY-502,2010,54223.59366418442,769.8646982242358,288045.0,82.0
KY-502,2011,54652.59015630879,810.019776310839,292370.0,82.0
KY-502,2012,54605.42557772791,817.7814001603957,296766.0,82.0
KY-502,2013,54638.51621277544,844.886661813637,300843.0,82.0
KY-502,2014,54620.68591960535,849.920928949365,304473.0,82.0
KY-502,2015,55697.84490408879,856.2590964820665,308306.0,82.0
KY-502,2016,56388.77751348991,887.4831107216343,311529.0,82.0
KY-502,2017,58243.67020618262,924.0338041756979,315109.0,82.0
KY-502,2018,61039.67557587205,951.1269553922707,318734.0,82.0
KY-502,2019,63372.281324761934,977.3876344740036,320601.0,82.0
KY-502,2020,65272.298029174424,993.5394289261328,322200.0,82.0
KY-502,2021,68327.7074503507,1029.0442004767328,321354.0,82.0
KY-502,2022,74185.84065102902,1147.4237633685677,321276.0,82.0
KY-502,2023,76063.91020546708,1171.7750917096928,321122.0,82.0
LA-500,2007,43302.34193093237,600.71904105082,632192.0,136.0
LA-500,2008,43302.34193093237,600.71904105082,632192.0,136.0
LA-500,2009,43302.34193093237,600.71904105082,632192.0,136.0
LA-500,2010,43302.34193093237,600.71904105082,632192.0,136.0
LA-500,2011,44764.265140362135,636.647982648195,635784.0,136.0
LA-500,2012,45663.57368595621,655.4536541024951,639172.0,136.0
LA-500,2013,46584.827316237985,666.0517592124207,642475.0,136.0
LA-500,2014,46334.420913265596,689.6228831451255,646537.0,136.0
LA-500,2015,46418.02227906048,693.8268921762908,650970.0,136.0
LA-500,2016,47009.17434918113,709.8951509410902,654560.0,136.0
LA-500,2017,47905.08837927977,745.4808992899302,657541.0,136.0
LA-500,2018,49038.60205719776,777.215189392327,657788.0,136.0
LA-500,2019,50552.20658168642,792.0108964894328,657643.0,136.0
LA-500,2020,51662.110906495946,737.4640808996568,656517.0,189.0
LA-500,2021,54543.898563796894,766.9882633364484,645243.0,189.0
LA-500,2022,58792.65923887384,793.3324258256094,643888.0,189.0
LA-500,2023,61305.06153647511,845.5392597017526,642822.0,189.0
LA-502,2007,43365.7027078185,663.9891876544508,475475.0,116.0
LA-502,2008,43365.7027078185,663.9891876544508,475475.0,116.0
LA-502,2009,43365.7027078185,663.9891876544508,475475.0,116.0
LA-502,2010,43365.7027078185,663.9891876544508,475475.0,116.0
LA-502,2011,44398.00755067423,724.12419081244,478103.0,116.0
LA-502,2012,45462.5581057875,733.4919688483624,481002.0,116.0
LA-502,2013,46105.26981146512,751.4586379249376,483571.0,116.0
LA-502,2014,46235.34922431011,782.0806894746497,485181.0,116.0
LA-502,2015,46140.502115705276,792.9495507862015,485181.0,116.0
LA-502,2016,45684.95467214468,790.4365761004211,484360.0,116.0
LA-502,2017,45383.995215400195,806.6590092357275,482799.0,116.0
LA-502,2018,46315.28003368225,837.4449495391618,479778.0,116.0
LA-502,2019,47371.31848210074,864.4895036427486,476975.0,116.0
LA-502,2020,48347.41933095695,840.4837084220961,474110.0,142.0
LA-502,2021,51325.571082586066,864.5870589869927,467815.0,142.0
LA-502,2022,55836.56876442795,908.0729412526159,463510.0,142.0
LA-502,2023,58288.03628647907,948.9534221235664,459510.0,142.0
LA-503,2007,47928.29997769529,919.2861281226594,726304.0,301.0
LA-503,2008,47928.29997769529,919.2861281226594,726304.0,301.0
LA-503,2009,47928.29997769529,919.2861281226594,726304.0,301.0
LA-503,2010,47928.29997769529,919.2861281226594,726304.0,301.0
LA-503,2011,47393.820471555046,939.7803624427671,753719.0,301.0
LA-503,2012,47288.64710190889,948.7699508986415,774113.0,301.0
LA-503,2013,47377.25941251629,948.1153019013524,790490.0,301.0
LA-503,2014,47696.64708424294,961.2595370604447,802999.0,301.0
LA-503,2015,47859.55050318417,956.7500597415715,811830.0,301.0
LA-503,2016,49190.90099691245,972.3077178820866,818126.0,301.0
LA-503,2017,50686.73164610649,991.9792103923802,825220.0,301.0
LA-503,2018,52165.99001997702,1008.7379895460077,824948.0,301.0
LA-503,2019,53903.837220765534,1029.7021394098306,825695.0,301.0
LA-503,2020,54812.321416640036,1035.2738805934016,826152.0,309.0
LA-503,2021,57974.4039806844,1076.231699733779,823376.0,309.0
LA-503,2022,63694.147686874145,1153.607868926338,816579.0,309.0
LA-503,2023,67154.92741667172,1214.0088260139835,808519.0,309.0
LA-505,2007,38117.69090560029,592.9823007600312,354196.0,98.0
LA-505,2008,38117.69090560029,592.9823007600312,354196.0,98.0
LA-505,2009,38117.69090560029,592.9823007600312,354196.0,98.0
LA-505,2010,38117.69090560029,592.9823007600312,354196.0,98.0
LA-505,2011,38227.200652275635,600.9543125172653,354758.0,98.0
LA-505,2012,38475.34616564633,605.6730870452467,355275.0,98.0
LA-505,2013,38561.99761750237,614.6460558145023,355929.0,98.0
LA-505,2014,38266.55392681031,624.1110867875175,356307.0,98.0
LA-505,2015,37584.518464911045,618.400340069138,355810.0,98.0
LA-505,2016,38196.29147333907,624.074386835164,355614.0,98.0
LA-505,2017,39056.867698049806,648.3240822700953,354734.0,98.0
LA-505,2018,40224.44948026243,665.3775240047684,353159.0,98.0
LA-505,2019,40805.524062694,671.3107020611335,351166.0,98.0
LA-505,2020,43180.913421241225,694.1303998853375,348850.0,107.0
LA-505,2021,45013.97535347007,741.0495169903738,352788.0,107.0
LA-505,2022,49722.630086337835,803.5363652455947,350252.0,107.0
LA-505,2023,50558.92231881055,823.8317463880088,347523.0,107.0
LA-506,2007,52554.78749016746,770.1118284257514,527585.0,92.0
LA-506,2008,52554.78749016746,770.1118284257514,527585.0,92.0
LA-506,2009,52554.78749016746,770.1118284257514,527585.0,92.0
LA-506,2010,52554.78749016746,770.1118284257514,527585.0,92.0
LA-506,2011,53716.95186599367,804.1852711846043,535318.0,92.0
LA-506,2012,53951.60187702445,835.0213615348413,541815.0,92.0
LA-506,2013,54058.47638245272,838.4854989902974,547686.0,92.0
LA-506,2014,54671.586229749766,823.6862985522583,553759.0,92.0
LA-506,2015,55210.957775439514,863.7219603086273,559769.0,92.0
LA-506,2016,56523.75772171119,860.5453662670598,566390.0,92.0
LA-506,2017,58533.40128123334,858.1596822261648,572105.0,92.0
LA-506,2018,60266.491171724585,913.0533713312187,577576.0,92.0
LA-506,2019,61223.88149027574,969.1309635734775,582872.0,92.0
LA-506,2020,62316.1726678161,949.1706534798634,589276.0,139.0
LA-506,2021,64934.07017940282,960.4187190041533,593023.0,139.0
LA-506,2022,71203.46634785275,1029.6454948227465,599932.0,139.0
LA-506,2023,73479.63288679504,1050.0628452753872,606219.0,139.0
LA-507,2007,39982.225816253514,599.5076079107896,306063.0,74.0
LA-507,2008,39982.225816253514,599.5076079107896,306063.0,74.0
LA-507,2009,39982.225816253514,599.5076079107896,306063.0,74.0
LA-507,2010,39982.225816253514,599.5076079107896,306063.0,74.0
LA-507,2011,40250.76720007556,625.5061966848957,307019.0,74.0
LA-507,2012,40950.668489702446,626.8595613685095,308277.0,74.0
LA-507,2013,39986.780423947406,643.5741875634337,309378.0,74.0
LA-507,2014,40657.7600156247,684.7736452677182,309766.0,74.0
LA-507,2015,39936.43472039676,704.244527390564,308902.0,74.0
LA-507,2016,40970.28987548393,709.5921084655998,308153.0,74.0
LA-507,2017,41806.737247804376,734.7750340167056,307202.0,74.0
LA-507,2018,44162.024169233795,733.7224913154618,305140.0,74.0
LA-507,2019,44834.79584879207,722.7597993505677,302418.0,74.0
LA-507,2020,48633.17593248406,692.4166708232328,300729.0,91.0
LA-507,2021,49458.518318308255,750.0347297161433,298390.0,91.0
LA-507,2022,54300.33759887455,798.552236534631,295703.0,91.0
LA-507,2023,54991.88247424088,831.5784961728336,292906.0,91.0
LA-509,2007,48991.825691611186,700.1282414558367,1408125.0,319.0
LA-509,2008,48991.825691611186,700.1282414558367,1408125.0,319.0
LA-509,2009,48991.825691611186,700.1282414558367,1408125.0,319.0
LA-509,2010,48991.825691611186,700.1282414558367,1408125.0,319.0
LA-509,2011,50315.46167146162,751.698342483071,1419895.0,319.0
LA-509,2012,51018.942922519724,765.003277035367,1429951.0,319.0
LA-509,2013,51529.27998684685,780.6890657163773,1438439.0,319.0
LA-509,2014,51786.59465537504,805.588577946768,1446500.0,319.0
LA-509,2015,51943.03323946803,804.6733852288457,1452791.0,319.0
LA-509,2016,52971.034943540035,817.2226776471459,1458467.0,319.0
LA-509,2017,54558.86291585261,850.6345661470359,1463860.0,319.0
LA-509,2018,55884.4314676156,871.6729080203954,1465227.0,319.0
LA-509,2019,57847.63546841665,890.7010151997182,1467593.0,319.0
LA-509,2020,59789.45977214153,855.2995067332344,1468982.0,399.0
LA-509,2021,63313.49939322936,890.4987553075501,1476670.0,399.0
LA-509,2022,67952.33838858435,937.89215887595,1470682.0,399.0
LA-509,2023,70149.60639305349,976.6835136512778,1463526.0,399.0
MA-500,2007,52163.0963705961,1145.2869196980894,602165.0,179.0
MA-500,2008,52163.0963705961,1145.2869196980894,602165.0,179.0
MA-500,2009,52163.0963705961,1145.2869196980894,602165.0,179.0
MA-500,2010,52163.0963705961,1145.2869196980894,602165.0,179.0
MA-500,2011,53383.04489771159,1162.7150171655665,609942.0,179.0
MA-500,2012,55225.10962105147,1190.9222802108245,619662.0,179.0
MA-500,2013,55746.788995870826,1215.3065456418017,629182.0,179.0
MA-500,2014,57051.27938504739,1198.8325015556743,639594.0,179.0
MA-500,2015,57922.67611078903,1310.5045680252076,650281.0,179.0
MA-500,2016,60525.06851805997,1354.8222395063492,658279.0,179.0
MA-500,2017,64257.381724648665,1421.9109547786761,669087.0,179.0
MA-500,2018,68007.1360484937,1501.2361948108917,679346.0,179.0
MA-500,2019,72514.24046195303,1574.0147096645974,684312.0,179.0
MA-500,2020,76795.6716473773,1611.8342482366834,689326.0,206.0
MA-500,2021,82828.2492858353,1728.8807783429002,672814.0,206.0
MA-500,2022,91316.41221722515,1850.0469167874223,665945.0,206.0
MA-500,2023,96495.49220750273,1963.835919285753,663972.0,206.0
MA-502,2007,46056.547090655506,955.6344658298466,89625.0,22.0
MA-502,2008,46056.547090655506,955.6344658298466,89625.0,22.0
MA-502,2009,46056.547090655506,955.6344658298466,89625.0,22.0
MA-502,2010,46056.547090655506,955.6344658298466,89625.0,22.0
MA-502,2011,47062.33933293336,994.3675421638558,90006.0,22.0
MA-502,2012,47575.64736923621,1008.1069342419684,90392.0,22.0
MA-502,2013,50470.86520244966,1048.7436555491915,90788.0,22.0
MA-502,2014,50598.68508801718,1062.1124341377383,91289.0,22.0
MA-502,2015,51855.23363455787,1080.5503787134655,91626.0,22.0
MA-502,2016,54158.73501748594,1107.0192996937246,92074.0,22.0
MA-502,2017,56084.24590357691,1150.9586328422997,93069.0,22.0
MA-502,2018,57176.73138425713,1170.6629458324876,93617.0,22.0
MA-502,2019,58734.84316695647,1215.2763833032866,93743.0,22.0
MA-502,2020,62788.83622254541,1257.0628124966827,94201.0,22.0
MA-502,2021,66437.1796314587,1344.1458501691059,100233.0,22.0
MA-502,2022,74307.41242685265,1506.5140731026397,100653.0,22.0
MA-502,2023,78870.41468708191,1688.1074674198503,100905.0,22.0
MA-503,2007,62750.7527522804,1155.7369176921468,243707.0,65.0
MA-503,2008,62750.7527522804,1155.7369176921468,243707.0,65.0
MA-503,2009,62750.7527522804,1155.7369176921468,243707.0,65.0
MA-503,2010,62750.7527522804,1155.7369176921468,243707.0,65.0
MA-503,2011,63899.32629448806,1158.7991255598927,243127.0,65.0
MA-503,2012,63174.20702153248,1221.493632514539,242796.0,65.0
MA-503,2013,63070.49480223751,1211.6728751051928,242412.0,65.0
MA-503,2014,64892.32515175508,1229.426440023753,242496.0,65.0
MA-503,2015,66728.79948425961,1227.4484878491562,242370.0,65.0
MA-503,2016,68484.91036308311,1266.1082446172495,242534.0,65.0
MA-503,2017,71373.63315667507,1290.737168869043,242087.0,65.0
MA-503,2018,74752.09044047186,1303.1097173115686,242104.0,65.0
MA-503,2019,78309.13452987073,1407.6394849075941,241976.0,65.0
MA-503,2020,81137.41060182451,1306.9382606433282,242147.0,66.0
MA-503,2021,86578.1635408795,1389.912558107582,262014.0,66.0
MA-503,2022,95521.98351032403,1471.0203147960187,264044.0,66.0
MA-503,2023,100393.6599578309,1521.0955103857455,265123.0,66.0
MA-504,2007,51822.09604343782,760.9151426655418,462270.0,103.0
MA-504,2008,51822.09604343782,760.9151426655418,462270.0,103.0
MA-504,2009,51822.09604343782,760.9151426655418,462270.0,103.0
MA-504,2010,51822.09604343782,760.9151426655418,462270.0,103.0
MA-504,2011,52998.270788672984,788.5907030115483,462752.0,103.0
MA-504,2012,54053.020854522576,835.5157475564137,464072.0,103.0
MA-504,2013,53929.01119868256,815.1958941747072,465144.0,103.0
MA-504,2014,54487.89148391993,840.4805690678684,466447.0,103.0
MA-504,2015,54365.17422405302,860.0436713877631,468041.0,103.0
MA-504,2016,55138.339505460695,831.3146738108667,468072.0,103.0
MA-504,2017,56213.65312412082,866.1184386642454,469188.0,103.0
MA-504,2018,58891.66421951074,878.3494530137535,469116.0,103.0
MA-504,2019,61049.93115837485,919.815224709375,467871.0,103.0
MA-504,2020,63993.15719805335,925.3589801284483,466647.0,104.0
MA-504,2021,66295.85811716513,1016.7845045199618,466265.0,104.0
MA-504,2022,72124.89475326912,1090.7951999138998,464575.0,104.0
MA-504,2023,75115.47825119422,1098.8078439590972,462853.0,104.0
MA-505,2007,38556.295876560114,742.9165938174733,94945.0,31.0
MA-505,2008,38556.295876560114,742.9165938174733,94945.0,31.0
MA-505,2009,38556.295876560114,742.9165938174733,94945.0,31.0
MA-505,2010,38556.295876560114,742.9165938174733,94945.0,31.0
MA-505,2011,39672.801528324526,759.870187146075,95006.0,31.0
MA-505,2012,40044.10129328503,766.0066349313337,94952.0,31.0
MA-505,2013,38108.27782401213,765.2884532324839,94927.0,31.0
MA-505,2014,38983.85132756422,778.7488748115902,94873.0,31.0
MA-505,2015,39818.82721343603,776.9994415703463,94909.0,31.0
MA-505,2016,41130.01300164231,793.9684802290816,94988.0,31.0
MA-505,2017,43543.29995269382,818.7298712220762,95125.0,31.0
MA-505,2018,47227.39464028512,840.0373014287667,95117.0,31.0
MA-505,2019,49361.05276199876,871.979997690022,95239.0,31.0
MA-505,2020,51718.53195951969,886.7324733889151,95355.0,31.0
MA-505,2021,53345.795541775915,959.925101436561,100309.0,31.0
MA-505,2022,58028.97557145697,1041.7562114887696,100620.0,31.0
MA-505,2023,60519.907913154835,1062.1827937774865,100731.0,31.0
MA-506,2007,68534.91930340782,878.8308705507953,791855.0,172.0
MA-506,2008,68534.91930340782,878.8308705507953,791855.0,172.0
MA-506,2009,68534.91930340782,878.8308705507953,791855.0,172.0
MA-506,2010,68534.91930340782,878.8308705507953,791855.0,172.0
MA-506,2011,70361.13988636207,909.6250866372907,794981.0,172.0
MA-506,2012,70531.32750223014,930.0904092073212,799277.0,172.0
MA-506,2013,70092.14652268378,931.3199113478712,802688.0,172.0
MA-506,2014,70703.96629292864,960.6849718147158,806804.0,172.0
MA-506,2015,70933.64916053691,984.5587278881785,810935.0,172.0
MA-506,2016,72591.09831376777,996.4691041791372,813589.0,172.0
MA-506,2017,75365.87902582221,1038.2921262354125,818249.0,172.0
MA-506,2018,78183.57431775064,1086.2390536070438,822280.0,172.0
MA-506,2019,80781.53714238602,1102.0424286954456,824772.0,172.0
MA-506,2020,84465.02558866759,1126.333961568006,826655.0,191.0
MA-506,2021,89448.2631416174,1205.5831619708283,856858.0,191.0
MA-506,2022,96924.84235147829,1329.237994499929,858898.0,191.0
MA-506,2023,101633.65921867457,1385.3292176532848,861664.0,191.0
MA-507,2007,54360.938999991675,792.9478573826854,360377.0,93.0
MA-507,2008,54360.938999991675,792.9478573826854,360377.0,93.0
MA-507,2009,54360.938999991675,792.9478573826854,360377.0,93.0
MA-507,2010,54360.938999991675,792.9478573826854,360377.0,93.0
MA-507,2011,54702.29100919671,851.0702796756451,360346.0,93.0
MA-507,2012,55452.67775916723,852.6225356791849,361205.0,93.0
MA-507,2013,55272.53269752506,863.740036542827,361220.0,93.0
MA-507,2014,55913.2648302976,873.4073769947911,361692.0,93.0
MA-507,2015,56066.95798898644,891.1736117455862,361191.0,93.0
MA-507,2016,58528.34841365384,918.9789494998807,360514.0,93.0
MA-507,2017,60627.04298171026,945.5904872260846,359874.0,93.0
MA-507,2018,62293.28747544669,992.5527430151743,359422.0,93.0
MA-507,2019,64849.982300563635,1012.6379924811611,358034.0,93.0
MA-507,2020,67121.46860546034,940.7114614453757,357817.0,94.0
MA-507,2021,70016.59446273868,1011.6518464904526,361984.0,94.0
MA-507,2022,75587.58060813065,1104.0978980643192,353674.0,94.0
MA-507,2023,78791.7835832649,1254.8910463376494,355564.0,94.0
MA-508,2007,51336.35980930449,918.7090941963479,105089.0,25.0
MA-508,2008,51336.35980930449,918.7090941963479,105089.0,25.0
MA-508,2009,51336.35980930449,918.7090941963479,105089.0,25.0
MA-508,2010,51336.35980930449,918.7090941963479,105089.0,25.0
MA-508,2011,52381.68550916304,939.9421972416399,105860.0,25.0
MA-508,2012,51894.886227152216,927.0185592894818,106739.0,25.0
MA-508,2013,48919.408222135375,951.6817877282117,107466.0,25.0
MA-508,2014,49407.87711423067,974.9529822750275,108491.0,25.0
MA-508,2015,48536.081034120114,982.4619246632342,109349.0,25.0
MA-508,2016,47533.08031236632,1032.4701422577386,109871.0,25.0
MA-508,2017,50054.861270321904,1079.8394884827512,110964.0,25.0
MA-508,2018,53159.85941446665,1095.3795180181394,111249.0,25.0
MA-508,2019,57398.34484214687,1152.265277702909,111306.0,25.0
MA-509,2007,65809.33625103859,1407.9694896914189,103506.0,32.0
MA-509,2008,65809.33625103859,1407.9694896914189,103506.0,32.0
MA-509,2009,65809.33625103859,1407.9694896914189,103506.0,32.0
MA-509,2010,65809.33625103859,1407.9694896914189,103506.0,32.0
MA-509,2011,70078.42318015375,1315.8881443990722,104322.0,32.0
MA-509,2012,72998.84275322301,1404.630919962676,105026.0,32.0
MA-509,2013,72824.39891428733,1367.6463584175833,105737.0,32.0
MA-509,2014,75790.88307251694,1415.3814158960727,106844.0,32.0
MA-509,2015,78493.15532451165,1714.638144482746,107916.0,32.0
MA-509,2016,82712.54521548038,1775.3468650293773,108757.0,32.0
MA-509,2017,87877.88983073774,1904.34734383595,110893.0,32.0
MA-509,2018,94718.80714131327,2050.764596031643,115665.0,32.0
MA-509,2019,102639.7787571164,2244.6480468482064,116632.0,32.0
MA-509,2020,105962.53850723973,2301.165181375295,117822.0,33.0
MA-509,2021,109508.8418454642,2393.718398179516,116892.0,33.0
MA-509,2022,119714.08578186196,2443.6784642511993,117962.0,33.0
MA-509,2023,125720.1207277111,2578.533032242729,117794.0,33.0
MA-510,2007,78817.82093756569,1008.7886518113658,570840.0,122.0
MA-510,2008,78817.82093756569,1008.7886518113658,570840.0,122.0
MA-510,2009,78817.82093756569,1008.7886518113658,570840.0,122.0
MA-510,2010,78817.82093756569,1008.7886518113658,570840.0,122.0
MA-510,2011,81135.3020089309,1014.464814950378,573738.0,122.0
MA-510,2012,82338.14261082807,1061.329575365161,578238.0,122.0
MA-510,2013,81539.90971193416,1094.5024074074074,583200.0,122.0
MA-510,2014,82986.60105105462,1119.6901766818062,588742.0,122.0
MA-510,2015,83757.31352551907,1110.2670507685127,593419.0,122.0
MA-510,2016,86410.16969450674,1145.273251487162,597951.0,122.0
MA-510,2017,89448.16462288702,1186.3210822584015,603294.0,122.0
MA-510,2018,93616.63807388827,1215.0114176896009,607566.0,122.0
MA-510,2019,97675.1789829686,1281.7816853035536,609991.0,122.0
MA-510 and MA-516 Shared Jurisdiction,2007,94759.00045248814,1061.8755307685904,828751.0,167.0
MA-510 and MA-516 Shared Jurisdiction,2008,94759.00045248814,1061.8755307685904,828751.0,167.0
MA-510 and MA-516 Shared Jurisdiction,2009,94759.00045248814,1061.8755307685904,828751.0,167.0
MA-510 and MA-516 Shared Jurisdiction,2010,94759.00045248814,1061.8755307685904,828751.0,167.0
MA-510 and MA-516 Shared Jurisdiction,2011,97052.12591611015,1095.4707933083296,836144.0,167.0
MA-510 and MA-516 Shared Jurisdiction,2012,98199.00787339255,1123.8607065144201,846522.0,167.0
MA-510 and MA-516 Shared Jurisdiction,2013,99827.66351918693,1159.0980174499923,855817.0,167.0
MA-510 and MA-516 Shared Jurisdiction,2014,101471.16317060402,1215.6156629757163,867166.0,167.0
MA-510 and MA-516 Shared Jurisdiction,2015,103700.39558840952,1295.1101667304608,877824.0,167.0
MA-510 and MA-516 Shared Jurisdiction,2016,106893.09672395176,1346.2209406864274,885396.0,167.0
MA-510 and MA-516 Shared Jurisdiction,2017,111093.85810501134,1412.928355522765,894570.0,167.0
MA-510 and MA-516 Shared Jurisdiction,2018,114955.35271791273,1484.2853652903134,900544.0,167.0
MA-510 and MA-516 Shared Jurisdiction,2019,120770.18149702287,1555.0662166420645,904395.0,167.0
MA-511,2007,73436.1806779623,1046.794205212461,625079.0,127.0
MA-511,2008,73436.1806779623,1046.794205212461,625079.0,127.0
MA-511,2009,73436.1806779623,1046.794205212461,625079.0,127.0
MA-511,2010,73436.1806779623,1046.794205212461,625079.0,127.0
MA-511,2011,75113.77821402425,1122.736211286883,628340.0,127.0
MA-511,2012,75005.56653738067,1138.4188375038239,630901.0,127.0
MA-511,2013,75677.11329912502,1123.4923094395695,633959.0,127.0
MA-511,2014,76190.3321475159,1120.129278663439,637816.0,127.0
MA-511,2015,76582.08863352236,1187.3619228143248,641518.0,127.0
MA-511,2016,78639.91220101669,1167.4478277123928,644643.0,127.0
MA-511,2017,82777.17690537802,1220.3741329377258,648454.0,127.0
MA-511,2018,86731.11171351449,1284.0876146514458,651649.0,127.0
MA-511,2019,90532.83058047977,1275.1655496551302,655320.0,127.0
MA-511,2020,94366.38097556315,1340.465285961057,659373.0,143.0
MA-511,2021,100786.02621177203,1403.7872305423612,674735.0,143.0
MA-511,2022,108535.98550925912,1503.712764794355,676846.0,143.0
MA-511,2023,113323.6335932057,1575.5809323067788,680334.0,143.0
MA-515,2007,37588.61112849512,679.257537828837,89482.0,25.0
MA-515,2008,37588.61112849512,679.257537828837,89482.0,25.0
MA-515,2009,37588.61112849512,679.257537828837,89482.0,25.0
MA-515,2010,37588.61112849512,679.257537828837,89482.0,25.0
MA-515,2011,37769.063192109395,707.5227863707689,89220.0,25.0
MA-515,2012,37529.55707531808,725.7672068187178,89049.0,25.0
MA-515,2013,36184.24204208938,741.676278839333,88811.0,25.0
MA-515,2014,36503.88640767948,753.9956847987742,88756.0,25.0
MA-515,2015,37922.78933131967,757.7084314808345,88727.0,25.0
MA-515,2016,38899.28409934535,760.7776090526647,88902.0,25.0
MA-515,2017,41492.454816375,787.0194156266105,89258.0,25.0
MA-515,2018,44321.159370487694,821.6983064507102,89339.0,25.0
MA-515,2019,45813.91626392805,844.1222535463373,89388.0,25.0
MA-515,2020,49444.04113013011,872.5414983597045,89618.0,26.0
MA-515,2021,52578.998296531994,943.8174503690848,93339.0,26.0
MA-515,2022,55751.14069074521,1057.338345543476,93638.0,26.0
MA-515,2023,58168.40450492726,1126.3179471865535,93764.0,26.0
MA-516,2007,81203.4405973127,1152.6581556460196,1016486.0,209.0
MA-516,2008,81203.4405973127,1152.6581556460196,1016486.0,209.0
MA-516,2009,81203.4405973127,1152.6581556460196,1016486.0,209.0
MA-516,2010,81203.4405973127,1152.6581556460196,1016486.0,209.0
MA-516,2011,82962.56042112909,1153.012232815969,1024294.0,209.0
MA-516,2012,84747.74426007646,1179.9171523444486,1034465.0,209.0
MA-516,2013,86201.8458050321,1191.0227370909513,1043977.0,209.0
MA-516,2014,87036.6547264437,1153.625175435683,1053805.0,209.0
MA-516,2015,88241.15441208312,1316.7974030399853,1062242.0,209.0
MA-516,2016,90978.88440053258,1345.177117372879,1067998.0,209.0
MA-516,2017,95821.99145743795,1410.3764218214578,1074502.0,209.0
MA-516,2018,98676.55222524304,1465.7158451014084,1079545.0,209.0
MA-516,2019,101972.53743343939,1527.9468920504505,1081533.0,209.0
MA-516,2020,109357.36449921368,1499.8571654037075,2844906.0,621.0
MA-516,2021,114426.42836252914,1581.0823530834884,2893395.0,621.0
MA-516,2022,119708.51635698175,1748.0980437552241,2893963.0,621.0
MA-516,2023,124317.45435560313,1800.1444219120185,2895087.0,621.0
MA-517,2007,69497.81121280491,1296.2506406708953,117455.0,26.0
MA-517,2008,69497.81121280491,1296.2506406708953,117455.0,26.0
MA-517,2009,69497.81121280491,1296.2506406708953,117455.0,26.0
MA-517,2010,69497.81121280491,1296.2506406708953,117455.0,26.0
MA-517,2011,72414.79940069072,1351.287008193946,118136.0,26.0
MA-517,2012,73830.37921060155,1374.4903889813834,118926.0,26.0
MA-517,2013,77035.68477293706,1407.6773801900993,120253.0,26.0
MA-517,2014,78051.45382065827,1449.9331508475693,121288.0,26.0
MA-517,2015,82419.48750437978,1470.7680630362686,122723.0,26.0
MA-517,2016,88475.48473550417,1530.5277892103459,123915.0,26.0
MA-517,2017,95276.82062812563,1626.9716023204642,124975.0,26.0
MA-517,2018,100426.2832275583,1689.1526664065425,125581.0,26.0
MA-517,2019,102763.15429046827,1815.2203866571588,126210.0,26.0
MA-519,2007,73445.61745937912,942.0865455268697,362006.0,69.0
MA-519,2008,73445.61745937912,942.0865455268697,362006.0,69.0
MA-519,2009,73445.61745937912,942.0865455268697,362006.0,69.0
MA-519,2010,73445.61745937912,942.0865455268697,362006.0,69.0
MA-519,2011,75147.8361899201,1002.444525846992,363079.0,69.0
MA-519,2012,75205.10851625002,985.8515537180112,364738.0,69.0
MA-519,2013,74857.76133744114,1007.2510051019851,366132.0,69.0
MA-519,2014,76373.50786531532,1000.2882325085185,367436.0,69.0
MA-519,2015,77195.81200508226,1030.8127013196001,369127.0,69.0
MA-519,2016,79533.94205047199,1008.6966909088949,370978.0,69.0
MA-519,2017,82952.05606320428,1046.388671964104,372633.0,69.0
MA-519,2018,86965.56609311281,1061.0043824392642,374449.0,69.0
MA-519,2019,90473.8844212428,1097.6328019978216,376410.0,69.0
MA-519,2020,91659.99558055445,1128.414301875621,378328.0,73.0
MA-519,2021,96457.96578910209,1192.100083154212,382422.0,73.0
MA-519,2022,103630.03500670692,1317.7179904874215,382441.0,73.0
MA-519,2023,109781.46043011817,1401.8289346540223,383941.0,73.0
MD-500,2007,39059.88777834347,565.9758434041642,74638.0,23.0
MD-500,2008,39059.88777834347,565.9758434041642,74638.0,23.0
MD-500,2009,39059.88777834347,565.9758434041642,74638.0,23.0
MD-500,2010,39059.88777834347,565.9758434041642,74638.0,23.0
MD-500,2011,41191.72228164946,603.1360913515538,74788.0,23.0
MD-500,2012,41472.46710429365,631.6280393864291,74645.0,23.0
MD-500,2013,40839.69524424012,634.8523671263812,74394.0,23.0
MD-500,2014,41565.62743322158,636.710352006056,73976.0,23.0
MD-500,2015,42125.301554066,639.0159757440617,73549.0,23.0
MD-500,2016,42997.20870517383,659.748781823159,73060.0,23.0
MD-500,2017,44871.17784573845,683.2112658594041,72591.0,23.0
MD-500,2018,45758.421329035664,716.1133695486058,71977.0,23.0
MD-500,2019,47409.32923227658,724.6861921757995,71445.0,23.0
MD-501,2007,42506.2625963277,877.675080333517,620538.0,200.0
MD-501,2008,42506.2625963277,877.675080333517,620538.0,200.0
MD-501,2009,42506.2625963277,877.675080333517,620538.0,200.0
MD-501,2010,42506.2625963277,877.675080333517,620538.0,200.0
MD-501,2011,43804.00990793441,917.3390625755792,620210.0,200.0
MD-501,2012,44100.6065087232,941.3463676439311,620644.0,200.0
MD-501,2013,45139.93336337085,956.9069652181608,621445.0,200.0
MD-501,2014,45753.089901345236,958.5386961629258,622271.0,200.0
MD-501,2015,45861.639862544056,975.0889591841325,622454.0,200.0
MD-501,2016,47900.27085990338,1005.0213880837359,621000.0,200.0
MD-501,2017,50692.81345958993,1041.3588293567561,619796.0,200.0
MD-501,2018,52967.68993004718,1078.4118919798275,614700.0,200.0
MD-501,2019,55366.448894310975,1097.614762442696,609032.0,200.0
MD-501,2020,57905.699656634686,1110.405885029073,602274.0,199.0
MD-501,2021,60559.8040191756,1167.970064723553,592211.0,199.0
MD-501,2022,64840.36625734756,1274.0292037608544,584548.0,199.0
MD-501,2023,64291.954561126004,1321.1873290216618,577193.0,199.0
MD-502,2007,78768.31972761107,966.3091918909126,242888.0,57.0
MD-502,2008,78768.31972761107,966.3091918909126,242888.0,57.0
MD-502,2009,78768.31972761107,966.3091918909126,242888.0,57.0
MD-502,2010,78768.31972761107,966.3091918909126,242888.0,57.0
MD-502,2011,82017.2395113853,1014.3723268635609,243955.0,57.0
MD-502,2012,81749.0465574011,1088.0140507587735,245396.0,57.0
MD-502,2013,82152.98808906043,1126.4089733402523,246664.0,57.0
MD-502,2014,82725.73882892726,1167.319732773184,248029.0,57.0
MD-502,2015,82155.77757203794,1140.7365423391145,248966.0,57.0
MD-502,2016,82958.08490407404,1133.6011546345526,249776.0,57.0
MD-502,2017,86577.59957942207,1193.3592982905027,250132.0,57.0
MD-502,2018,89591.75713574345,1238.7659356637785,251025.0,57.0
MD-502,2019,93726.32417473495,1174.4387642632284,252222.0,57.0
MD-503,2007,86516.36419490722,1279.7640450077795,527020.0,104.0
MD-503,2008,86516.36419490722,1279.7640450077795,527020.0,104.0
MD-503,2009,86516.36419490722,1279.7640450077795,527020.0,104.0
MD-503,2010,86516.36419490722,1279.7640450077795,527020.0,104.0
MD-503,2011,89658.35619091269,1330.0058399343313,532369.0,104.0
MD-503,2012,90310.53998250609,1389.773249540831,538473.0,104.0
MD-503,2013,90604.95848287921,1298.1979332361057,544426.0,104.0
MD-503,2014,91744.68724387526,1307.8787883744133,550269.0,104.0
MD-503,2015,92492.5265739807,1550.1934537530615,555280.0,104.0
MD-503,2016,94388.14983822759,1537.5048442393481,559737.0,104.0
MD-503,2017,97516.50546404535,1614.3146829613886,564600.0,104.0
MD-503,2018,100659.16591450354,1598.107332093233,567696.0,104.0
MD-503,2019,103930.6660189926,1656.699577261389,571275.0,104.0
MD-503,2020,107050.27378215255,1598.8362399008727,575421.0,129.0
MD-503,2021,112240.44777969537,1688.996570581306,584064.0,129.0
MD-503,2022,121378.36740298141,1826.052196106504,588109.0,129.0
MD-503,2023,125715.83125414596,1795.0817144326966,590936.0,129.0
MD-504,2007,109929.76939928267,1188.1198320482808,279366.0,55.0
MD-504,2008,109929.76939928267,1188.1198320482808,279366.0,55.0
MD-504,2009,109929.76939928267,1188.1198320482808,279366.0,55.0
MD-504,2010,109929.76939928267,1188.1198320482808,279366.0,55.0
MD-504,2011,113208.78827801379,1149.4420581340007,283655.0,55.0
MD-504,2012,116713.46121949868,1137.7329705275117,288676.0,55.0
MD-504,2013,117816.43861058263,1182.818522161452,293821.0,55.0
MD-504,2014,118840.5646090975,1206.1383270569288,299269.0,55.0
MD-504,2015,118325.15660523158,1562.6732913535998,304115.0,55.0
MD-504,2016,121013.94581240861,1593.3677552383392,308447.0,55.0
MD-504,2017,124542.0851693627,1657.612509000144,312495.0,55.0
MD-504,2018,127402.81520770502,1600.9533595283626,315327.0,55.0
MD-504,2019,131993.9539194932,1629.537623684747,318855.0,55.0
MD-504,2020,136409.94175994938,1536.2451125440825,322407.0,59.0
MD-504,2021,140372.56551900087,1691.1567632908932,329248.0,59.0
MD-504,2022,140050.241127553,1858.0815424790142,332011.0,59.0
MD-504,2023,142042.1346326621,1734.273335210053,333916.0,59.0
MD-505,2007,68830.2088327347,996.4989937692787,796537.0,213.0
MD-505,2008,68830.2088327347,996.4989937692787,796537.0,213.0
MD-505,2009,68830.2088327347,996.4989937692787,796537.0,213.0
MD-505,2010,68830.2088327347,996.4989937692787,796537.0,213.0
MD-505,2011,70286.49695210741,1073.5236263234929,800061.0,213.0
MD-505,2012,70748.69910628088,1112.5656535033715,804839.0,213.0
MD-505,2013,71305.12239913266,1107.9910709214078,809826.0,213.0
MD-505,2014,72114.39921893015,1123.0907785186166,815292.0,213.0
MD-505,2015,72153.16219599145,1228.9172804221841,820495.0,213.0
MD-505,2016,73969.00116135553,1251.2000556381624,823176.0,213.0
MD-505,2017,76530.15398658408,1322.8089434683602,826033.0,213.0
MD-505,2018,79356.43966525473,1356.754179165076,825105.0,213.0
MD-505,2019,82284.49699367721,1345.0702908918656,825427.0,213.0
MD-505,2020,84420.21505897286,1345.7984300549638,825634.0,218.0
MD-505,2021,87555.38783598616,1396.1681245622185,848026.0,218.0
MD-505,2022,94994.0136285277,1428.9693717765194,848074.0,218.0
MD-505,2023,97916.2064098416,1528.7151232680014,846854.0,218.0
MD-506,2007,83319.23870269365,980.001560930099,167208.0,38.0
MD-506,2008,83319.23870269365,980.001560930099,167208.0,38.0
MD-506,2009,83319.23870269365,980.001560930099,167208.0,38.0
MD-506,2010,83319.23870269365,980.001560930099,167208.0,38.0
MD-506,2011,85574.03993376256,926.05383884216,167277.0,38.0
MD-506,2012,85728.67688895001,993.9795992801153,167249.0,38.0
MD-506,2013,87655.99519314127,1006.6741559598472,167261.0,38.0
MD-506,2014,89021.67650941762,1107.396890065054,167399.0,38.0
MD-506,2015,88490.03475788921,955.5242469124006,167444.0,38.0
MD-506,2016,90130.31984958367,1074.511660250097,167535.0,38.0
MD-506,2017,92779.65866996575,1160.2138370418184,167319.0,38.0
MD-506,2018,95729.40759422643,1127.79257052805,167522.0,38.0
MD-506,2019,99360.55169082702,1142.5530802211103,167699.0,38.0
MD-506,2020,101024.36542176624,1039.2822335689193,168233.0,37.0
MD-506,2021,105356.62309175826,1077.0762948160884,172148.0,37.0
MD-506,2022,114521.14649155723,1135.0152980228027,173225.0,37.0
MD-506,2023,120360.26379375624,1184.0238128018907,174318.0,37.0
MD-507,2007,65670.07648368768,980.3499835229031,100139.0,19.0
MD-507,2008,65670.07648368768,980.3499835229031,100139.0,19.0
MD-507,2009,65670.07648368768,980.3499835229031,100139.0,19.0
MD-507,2010,65670.07648368768,980.3499835229031,100139.0,19.0
MD-507,2011,67699.66839429684,990.0275725803249,100716.0,19.0
MD-507,2012,66173.47386483893,1028.5623238287392,101109.0,19.0
MD-507,2013,66939.80072953123,998.6831468428057,101435.0,19.0
MD-507,2014,65516.87648694046,1035.966847735332,101803.0,19.0
MD-507,2015,66571.47702040015,1015.4478520988623,101960.0,19.0
MD-507,2016,68353.13648152679,1028.622569121605,102175.0,19.0
MD-507,2017,70777.28361779409,1113.7492579284487,102416.0,19.0
MD-507,2018,72565.6170976521,1065.4146336705132,102517.0,19.0
MD-507,2019,77567.60623878617,1134.5068940634994,102552.0,19.0
MD-508,2007,89001.35327608876,1134.2554082344732,333889.0,65.0
MD-508,2008,89001.35327608876,1134.2554082344732,333889.0,65.0
MD-508,2009,89001.35327608876,1134.2554082344732,333889.0,65.0
MD-508,2010,89001.35327608876,1134.2554082344732,333889.0,65.0
MD-508,2011,91368.0916562513,1066.974159020501,337642.0,65.0
MD-508,2012,92104.56124179503,1170.6453461976691,341409.0,65.0
MD-508,2013,94113.51427752427,1207.3511240184382,345368.0,65.0
MD-508,2014,93958.50972582147,1199.1195561600687,349225.0,65.0
MD-508,2015,93058.96604933018,1496.3893617262725,352482.0,65.0
MD-508,2016,93817.88918576101,1457.2058280060412,355559.0,65.0
MD-508,2017,95743.10182659632,1520.5659905428367,357824.0,65.0
MD-508,2018,98891.78607709473,1545.1738628415362,360284.0,65.0
MD-508,2019,101423.51722191785,1566.5210927541577,363229.0,65.0
MD-509,2007,84998.16979123492,1114.2594664165267,229205.0,61.0
MD-509,2008,84998.16979123492,1114.2594664165267,229205.0,61.0
MD-509,2009,84998.16979123492,1114.2594664165267,229205.0,61.0
MD-509,2010,84998.16979123492,1114.2594664165267,229205.0,61.0
MD-509,2011,86915.20083719927,1136.9456079404467,231725.0,61.0
MD-509,2012,88109.64251199481,1119.1452012225316,234268.0,61.0
MD-509,2013,88708.04999830987,1136.720684672199,236668.0,61.0
MD-509,2014,88121.64511625769,1237.6756529698687,239253.0,61.0
MD-509,2015,87783.77552998885,1296.1967660011683,241373.0,61.0
MD-509,2016,89496.50933809788,1391.2464789600149,243465.0,61.0
MD-509,2017,93268.6729363483,1391.478145506999,246105.0,61.0
MD-509,2018,95946.46710695773,1463.3890096268392,248472.0,61.0
MD-509,2019,102243.68923960513,1483.6546125637374,251422.0,61.0
MD-509,2020,104769.61533863374,1390.4550878084037,255955.0,65.0
MD-509,2021,110638.5552490112,1524.6216009091656,267498.0,65.0
MD-509,2022,121894.58086250909,1618.1216343046208,273829.0,65.0
MD-509,2023,126865.9248593677,1689.4538829496935,280341.0,65.0
MD-510,2007,45551.600796151935,537.8135677558467,30145.0,7.0
MD-510,2008,45551.600796151935,537.8135677558467,30145.0,7.0
MD-510,2009,45551.600796151935,537.8135677558467,30145.0,7.0
MD-510,2010,45551.600796151935,537.8135677558467,30145.0,7.0
MD-510,2011,44958.69586431227,586.2459174190122,30128.0,7.0
MD-510,2012,44985.082848498954,631.6778815785099,30079.0,7.0
MD-510,2013,45113.74275338175,680.0461451322716,30014.0,7.0
MD-510,2014,46200.69447320087,690.9575555184505,29945.0,7.0
MD-510,2015,45096.9752792406,682.0300540032872,29813.0,7.0
MD-510,2016,47395.37032045018,642.8031472183847,29677.0,7.0
MD-510,2017,48693.48522835073,651.2561322672449,29516.0,7.0
MD-510,2018,49713.48478349673,666.0824822984749,29376.0,7.0
MD-510,2019,53824.09146570891,670.2644775098341,29235.0,7.0
MD-511,2007,62930.19309274213,923.1656868300515,169416.0,44.0
MD-511,2008,62930.19309274213,923.1656868300515,169416.0,44.0
MD-511,2009,62930.19309274213,923.1656868300515,169416.0,44.0
MD-511,2010,62930.19309274213,923.1656868300515,169416.0,44.0
MD-511,2011,65537.77925968483,974.7760411781259,170576.0,44.0
MD-511,2012,65250.27444686327,1009.1745758458279,171341.0,44.0
MD-511,2013,65064.025634602054,1003.5247636081867,171643.0,44.0
MD-511,2014,64952.972408893445,1038.9724205401753,171722.0,44.0
MD-511,2015,65217.07727513891,1058.3254254680294,171517.0,44.0
MD-511,2016,65462.9411393846,1062.8850457960457,171303.0,44.0
MD-511,2017,68354.37000857799,1122.4659127380098,171369.0,44.0
MD-511,2018,70619.58082255757,1150.3923874018506,171295.0,44.0
MD-511,2019,73507.83019670946,1142.0302818297362,171522.0,44.0
MD-511,2020,73430.79553384508,1181.2377704117237,171960.0,44.0
MD-511,2021,77830.41283588848,1212.3150458300197,172267.0,44.0
MD-511,2022,82297.05029310693,1287.2855005919894,173145.0,44.0
MD-511,2023,85061.69435613226,1315.6458051868162,173941.0,44.0
MD-512,2007,54918.71517607583,750.256422171955,146329.0,32.0
MD-512,2008,54918.71517607583,750.256422171955,146329.0,32.0
MD-512,2009,54918.71517607583,750.256422171955,146329.0,32.0
MD-512,2010,54918.71517607583,750.256422171955,146329.0,32.0
MD-512,2011,54784.55193110293,808.1917168531382,147118.0,32.0
MD-512,2012,54910.30201106287,828.1323149538146,147882.0,32.0
MD-512,2013,55099.98958466669,856.7108431299896,148435.0,32.0
MD-512,2014,55531.6845809298,858.8811923740708,148913.0,32.0
MD-512,2015,55355.11669458029,871.890332953708,149270.0,32.0
MD-512,2016,56095.65511362497,866.2761899031229,149571.0,32.0
MD-512,2017,57659.27786767951,889.8360705067337,149546.0,32.0
MD-512,2018,58962.80893258839,933.3406425429374,149811.0,32.0
MD-512,2019,60767.15511395053,965.5037006441986,150109.0,32.0
MD-513,2007,51687.441118656694,874.1328175592424,174495.0,42.0
MD-513,2008,51687.441118656694,874.1328175592424,174495.0,42.0
MD-513,2009,51687.441118656694,874.1328175592424,174495.0,42.0
MD-513,2010,51687.441118656694,874.1328175592424,174495.0,42.0
MD-513,2011,53013.1410586373,898.6368222660032,175622.0,42.0
MD-513,2012,52752.72612877673,926.2918920448116,176740.0,42.0
MD-513,2013,50053.99777476072,949.0667233774062,177509.0,42.0
MD-513,2014,50899.041458252635,957.0626280658616,178131.0,42.0
MD-513,2015,51900.46419037279,945.9427639200586,178681.0,42.0
MD-513,2016,52734.921696008765,951.2153219990272,178867.0,42.0
MD-513,2017,54455.81727006144,988.8181732023593,179374.0,42.0
MD-513,2018,56145.06440523087,1005.7670513113393,179473.0,42.0
MD-513,2019,59580.29538473502,1023.4719801369749,180033.0,42.0
MD-513,2020,60207.96427623723,1036.7645891380303,180888.0,44.0
MD-513,2021,64598.9519123623,1092.6995936334051,180379.0,44.0
MD-513,2022,70905.64574164157,1178.8686312143575,181314.0,44.0
MD-513,2023,74430.1755207847,1216.401595992992,182081.0,44.0
MD-514,2020,89105.62039399188,1257.8743328326905,974081.0,221.0
MD-514,2021,94321.8190962987,1309.9813940267597,985060.0,221.0
MD-514,2022,102314.93749810738,1352.0828715339815,990690.0,221.0
MD-514,2023,105730.34054554808,1387.8466896959173,995256.0,221.0
MD-600,2007,75776.56430394913,1069.946462124527,854722.0,218.0
MD-600,2008,75776.56430394913,1069.946462124527,854722.0,218.0
MD-600,2009,75776.56430394913,1069.946462124527,854722.0,218.0
MD-600,2010,75776.56430394913,1069.946462124527,854722.0,218.0
MD-600,2011,77335.38387889194,1080.163962266129,858539.0,218.0
MD-600,2012,77999.84716844436,1087.981006259222,865443.0,218.0
MD-600,2013,78148.031603435,1085.707636456889,873481.0,218.0
MD-600,2014,78517.5784875967,1110.762892703591,884764.0,218.0
MD-600,2015,78819.255555456,1512.994264215695,892816.0,218.0
MD-600,2016,80195.49342481227,1554.376324645508,897693.0,218.0
MD-600,2017,82716.17668238026,1572.3235590132583,905161.0,218.0
MD-600,2018,85727.10320436282,1635.981814209194,906202.0,218.0
MD-600,2019,89067.5277889663,1643.6747796229654,908670.0,218.0
MD-600,2020,91805.37208020198,1635.3218556676122,910551.0,214.0
MD-600,2021,95929.06637522487,1747.8240459318395,957767.0,214.0
MD-600,2022,103664.65265376013,1784.8005545404303,957189.0,214.0
MD-600,2023,106524.08722414775,1789.7131419111245,955584.0,214.0
MD-601,2007,102586.57575245717,1117.1503151293773,947230.0,215.0
MD-601,2008,102586.57575245717,1117.1503151293773,947230.0,215.0
MD-601,2009,102586.57575245717,1117.1503151293773,947230.0,215.0
MD-601,2010,102586.57575245717,1117.1503151293773,947230.0,215.0
MD-601,2011,106448.4802623216,1073.4311895538158,959738.0,215.0
MD-601,2012,105576.29775426128,1042.575617752538,974824.0,215.0
MD-601,2013,105892.5416999335,1048.9073113593688,989474.0,215.0
MD-601,2014,106727.46883901593,1065.7570936645286,1005087.0,215.0
MD-601,2015,108369.38127972538,1747.8131322707761,1017859.0,215.0
MD-601,2016,109681.56325441775,1751.0194276728396,1026371.0,215.0
MD-601,2017,111141.18645339964,1791.4738230828004,1039198.0,215.0
MD-601,2018,115724.79140167651,1825.10049772481,1040133.0,215.0
MD-601,2019,113234.53520837925,1854.2292516746045,1043530.0,215.0
MD-601,2020,114586.69605435347,1774.8193547340218,1047661.0,232.0
MD-601,2021,121819.90495468695,1779.2257120452969,1057201.0,232.0
MD-601,2022,122691.08774635494,1879.450306080934,1056910.0,232.0
MD-601,2023,126287.77625271137,1945.266784923401,1057586.0,232.0
ME-500,2007,49087.42168694663,744.072702074695,1327665.0,351.0
ME-500,2008,49087.42168694663,744.072702074695,1327665.0,351.0
ME-500,2009,49087.42168694663,744.072702074695,1327665.0,351.0
ME-500,2010,49087.42168694663,744.072702074695,1327665.0,351.0
ME-500,2011,50126.37728323434,773.368130350316,1328543.0,351.0
ME-500,2012,50415.78097020203,793.2329341110118,1329084.0,351.0
ME-500,2013,50760.619075222836,807.6595489038785,1328320.0,351.0
ME-500,2014,51084.708131136926,815.8957310119794,1328535.0,351.0
ME-500,2015,51405.567273342866,813.4089135505229,1329100.0,351.0
ME-500,2016,53218.30753359405,827.9607225380718,1329923.0,351.0
ME-500,2017,55625.962145850346,842.0063406001392,1330158.0,351.0
ME-500,2018,58322.24037505637,866.0471273914645,1332813.0,351.0
ME-500,2019,60641.65754493475,887.2464664707838,1335492.0,351.0
ME-500,2020,62924.8526071635,897.0394182686033,1340825.0,400.0
ME-500,2021,67093.14135040375,948.4915787674109,1357046.0,400.0
ME-500,2022,72996.03419220468,1054.005782220112,1366949.0,400.0
ME-500,2023,76872.19909539713,1104.0255474081603,1377400.0,400.0
MI-500,2007,44237.26303774294,639.7924522427189,2408795.0,661.0
MI-500,2008,44237.26303774294,639.7924522427189,2408795.0,661.0
MI-500,2009,44237.26303774294,639.7924522427189,2408795.0,661.0
MI-500,2010,44237.26303774294,639.7924522427189,2408795.0,661.0
MI-500,2011,44778.942694892874,661.0141889549034,2399472.0,661.0
MI-500,2012,44746.286093258524,674.8888193155349,2389165.0,661.0
MI-500,2013,44741.02354174193,684.5063639953289,2380580.0,661.0
MI-500,2014,45367.18550183651,695.1785125018002,2374618.0,661.0
MI-500,2015,46003.63237187709,695.7023867786336,2370224.0,661.0
MI-500,2016,46987.1051917356,701.0402241244979,2365471.0,661.0
MI-500,2017,49021.01887766686,717.4594075309044,2360832.0,661.0
MI-500,2018,51142.88302796884,733.9214798794891,2360949.0,661.0
MI-500,2019,53088.126248966306,748.4144535702221,2359251.0,661.0
MI-500,2020,54816.76903648365,731.8074357008204,2432185.0,747.0
MI-500,2021,58385.25497380376,771.2087934991575,2442145.0,747.0
MI-500,2022,63442.670741175876,825.652904340598,2444548.0,747.0
MI-500,2023,66139.61080256035,870.236372636664,2446383.0,747.0
MI-501,2007,30169.29075776332,797.2875102062317,759340.0,297.0
MI-501,2008,30169.29075776332,797.2875102062317,759340.0,297.0
MI-501,2009,30169.29075776332,797.2875102062317,759340.0,297.0
MI-501,2010,30169.29075776332,797.2875102062317,759340.0,297.0
MI-501,2011,29665.385044898358,815.114530433216,738223.0,297.0
MI-501,2012,28691.30617401682,812.888798947688,721459.0,297.0
MI-501,2013,28090.593381852454,801.1004792949398,706663.0,297.0
MI-501,2014,27902.972099557544,796.8108124819358,695437.0,297.0
MI-501,2015,27394.296566745015,784.3802287870576,690074.0,297.0
MI-501,2016,27955.015730646155,783.186095987522,683443.0,297.0
MI-501,2017,29457.305656269993,800.4175255381583,679865.0,297.0
MI-501,2018,30961.636978239843,828.1304147499465,677155.0,297.0
MI-501,2019,32491.25445845762,851.8926487868995,674841.0,297.0
MI-501,2020,34247.9495030406,871.4508717595097,672892.0,274.0
MI-501,2021,36069.90823065458,919.4649138148517,646109.0,274.0
MI-501,2022,39374.6495107156,1004.510951024476,637155.0,274.0
MI-501,2023,41227.29714791762,1058.121819592129,636868.0,274.0
MI-502,2007,58661.913509363454,821.807887692593,1111022.0,312.0
MI-502,2008,58661.913509363454,821.807887692593,1111022.0,312.0
MI-502,2009,58661.913509363454,821.807887692593,1111022.0,312.0
MI-502,2010,58661.913509363454,821.807887692593,1111022.0,312.0
MI-502,2011,58840.16574514699,846.1527528497788,1105963.0,312.0
MI-502,2012,58299.233099608544,867.589486925641,1101010.0,312.0
MI-502,2013,58063.465432247205,885.3558228673655,1097844.0,312.0
MI-502,2014,58963.49876626218,904.7435177377789,1094641.0,312.0
MI-502,2015,59240.407334958836,918.7669279407105,1088895.0,312.0
MI-502,2016,60505.847253608816,983.578120186321,1084150.0,312.0
MI-502,2017,62747.17580863448,973.7925305155094,1083957.0,312.0
MI-502,2018,64896.95034988061,967.0594054566064,1084227.0,312.0
MI-502,2019,66912.2218256967,990.0867562528985,1082458.0,312.0
MI-502,2020,70053.810711677,1008.4662066143476,1080167.0,351.0
MI-502,2021,73033.37370767143,1012.3727012639988,1143672.0,351.0
MI-502,2022,78581.05205218762,1094.0419017794889,1144486.0,351.0
MI-502,2023,81733.46475544441,1156.636483100082,1136899.0,351.0
MI-503,2007,57862.34481725155,802.7665548245352,837490.0,216.0
MI-503,2008,57862.34481725155,802.7665548245352,837490.0,216.0
MI-503,2009,57862.34481725155,802.7665548245352,837490.0,216.0
MI-503,2010,57862.34481725155,802.7665548245352,837490.0,216.0
MI-503,2011,57772.73657587966,860.8460600774293,839217.0,216.0
MI-503,2012,57267.059209830724,909.3442048828123,841769.0,216.0
MI-503,2013,57028.046009391895,862.10927274943,845197.0,216.0
MI-503,2014,57910.91393475435,906.8841906224097,849344.0,216.0
MI-503,2015,58259.415814407344,938.6351187390969,854689.0,216.0
MI-503,2016,59865.55569190755,940.4095984310861,859703.0,216.0
MI-503,2017,62492.55357578942,933.6548305071994,864019.0,216.0
MI-503,2018,65320.65527958891,972.1033919493867,868704.0,216.0
MI-503,2019,67558.33679832246,972.9610731623244,870325.0,216.0
MI-503,2020,69802.500218741,963.5674129887368,870893.0,243.0
MI-503,2021,73392.77369150847,960.0185366552803,879123.0,243.0
MI-503,2022,80001.13748828907,1028.2132032106442,878453.0,243.0
MI-503,2023,82326.94729861536,1094.4780384310366,877624.0,243.0
MI-504,2007,74332.75808853954,927.9659565752764,1201113.0,338.0
MI-504,2008,74332.75808853954,927.9659565752764,1201113.0,338.0
MI-504,2009,74332.75808853954,927.9659565752764,1201113.0,338.0
MI-504,2010,74332.75808853954,927.9659565752764,1201113.0,338.0
MI-504,2011,73858.97802390603,951.4655524373766,1202625.0,338.0
MI-504,2012,72968.5592872818,941.2428230705569,1207097.0,338.0
MI-504,2013,73087.11721221091,937.3651053316038,1213406.0,338.0
MI-504,2014,74248.81247348046,972.2054434886034,1220798.0,338.0
MI-504,2015,75869.98215783125,1107.829836120774,1229503.0,338.0
MI-504,2016,77916.27168873436,1067.6534303744693,1235215.0,338.0
MI-504,2017,81559.2780240929,1115.2295492245503,1241860.0,338.0
MI-504,2018,85316.32082523547,1147.284644036062,1250843.0,338.0
MI-504,2019,88739.4032644821,1202.177115110698,1253185.0,338.0
MI-504,2020,91639.11565711281,1193.0925765131358,1255340.0,350.0
MI-504,2021,96918.44425043417,1218.727019150413,1271983.0,350.0
MI-504,2022,103759.23040186628,1303.525594530695,1272264.0,350.0
MI-504,2023,106841.04388922686,1340.8352094720246,1272294.0,350.0
MI-505,2007,46408.69833554245,712.5045375403529,433054.0,131.0
MI-505,2008,46408.69833554245,712.5045375403529,433054.0,131.0
MI-505,2009,46408.69833554245,712.5045375403529,433054.0,131.0
MI-505,2010,46408.69833554245,712.5045375403529,433054.0,131.0
MI-505,2011,46586.81164389944,733.143598930282,429272.0,131.0
MI-505,2012,45949.00925383872,764.4741252230584,425337.0,131.0
MI-505,2013,45502.78493269288,779.1789076676748,421575.0,131.0
MI-505,2014,45138.40745579882,786.4486401658648,418654.0,131.0
MI-505,2015,45708.634499872554,783.8914070127009,415874.0,131.0
MI-505,2016,46514.461311094434,769.5693529255126,413090.0,131.0
MI-505,2017,48647.65638226153,774.689435627347,410881.0,131.0
MI-505,2018,50531.894240047295,788.3449937829935,409361.0,131.0
MI-505,2019,52562.71348084585,802.043319644499,407875.0,131.0
MI-505,2020,55318.716773606706,814.4375347247831,406770.0,134.0
MI-505,2021,59497.84040600394,860.0916412401575,406400.0,134.0
MI-505,2022,64720.50128306356,930.8020825108567,405280.0,134.0
MI-505,2023,67180.48551673278,992.8826490335002,404087.0,134.0
MI-506,2007,53788.921045256175,762.7423527606134,599432.0,128.0
MI-506,2008,53788.921045256175,762.7423527606134,599432.0,128.0
MI-506,2009,53788.921045256175,762.7423527606134,599432.0,128.0
MI-506,2010,53788.921045256175,762.7423527606134,599432.0,128.0
MI-506,2011,54694.11860389406,794.8725695378758,602046.0,128.0
MI-506,2012,54886.659160603,823.6954914051192,605244.0,128.0
MI-506,2013,55501.026838095364,829.6446917695852,609544.0,128.0
MI-506,2014,56760.85773203918,848.3276734250813,615381.0,128.0
MI-506,2015,57325.58230135402,823.9252413305707,622590.0,128.0
MI-506,2016,59307.02916174097,820.1218189502854,629352.0,128.0
MI-506,2017,62050.11317365834,865.287568984374,636376.0,128.0
MI-506,2018,65007.76208135087,879.5295114594023,643140.0,128.0
MI-506,2019,68161.09340385515,927.4475044011843,648121.0,128.0
MI-506,2020,71273.72977106021,917.8146723116315,652617.0,145.0
MI-506,2021,75657.19508731857,996.0793455458213,654958.0,145.0
MI-506,2022,82674.9685298355,1100.333243575057,657321.0,145.0
MI-506,2023,87210.54369167815,1131.0976149133937,658844.0,145.0
MI-507,2007,47821.84341910486,698.7512801015993,247246.0,57.0
MI-507,2008,47821.84341910486,698.7512801015993,247246.0,57.0
MI-507,2009,47821.84341910486,698.7512801015993,247246.0,57.0
MI-507,2010,47821.84341910486,698.7512801015993,247246.0,57.0
MI-507,2011,48676.715501788516,734.7969012499498,248810.0,57.0
MI-507,2012,48843.195198321526,743.1300777011934,250704.0,57.0
MI-507,2013,49154.658213425224,753.693736820658,252763.0,57.0
MI-507,2014,49985.44620787068,776.5712166987091,254870.0,57.0
MI-507,2015,50875.96091948651,773.6660123387549,256752.0,57.0
MI-507,2016,52876.60803542082,767.7119545252413,258605.0,57.0
MI-507,2017,56010.12743717046,781.5274641111496,259830.0,57.0
MI-507,2018,58140.76398940258,795.955859358573,261573.0,57.0
MI-507,2019,60671.64690479362,825.2421397172163,262745.0,57.0
MI-507,2020,63692.46486482397,811.8535649699987,264322.0,68.0
MI-507,2021,66901.96447489284,833.8990010716473,261280.0,68.0
MI-507,2022,72763.37487855072,974.7360629776687,261426.0,68.0
MI-507,2023,76247.58747614147,1031.451091467543,261437.0,68.0
MI-508,2007,46436.99732782109,725.6714199273196,285909.0,83.0
MI-508,2008,46436.99732782109,725.6714199273196,285909.0,83.0
MI-508,2009,46436.99732782109,725.6714199273196,285909.0,83.0
MI-508,2010,46436.99732782109,725.6714199273196,285909.0,83.0
MI-508,2011,46515.52933829225,764.3678887175444,286622.0,83.0
MI-508,2012,46249.75327473675,767.3671151335828,287275.0,83.0
MI-508,2013,46121.26409741104,792.4708385777766,287606.0,83.0
MI-508,2014,46187.27863915342,813.8510275928676,288879.0,83.0
MI-508,2015,46554.61785415962,803.7226609690937,289714.0,83.0
MI-508,2016,47439.76751475117,810.2467461423337,290655.0,83.0
MI-508,2017,50270.59527380561,840.3105755533641,292032.0,83.0
MI-508,2018,52445.147190722,850.8577849584739,295236.0,83.0
MI-508,2019,54113.84155602206,864.8552113778882,296294.0,83.0
MI-508,2020,57631.56136145252,896.15523920169,298681.0,87.0
MI-508,2021,61549.26518671309,940.1822814022117,293793.0,87.0
MI-508,2022,65261.22799946397,1023.4369732017991,291027.0,87.0
MI-508,2023,68426.2004847443,1054.7278831113022,290875.0,87.0
MI-509,2007,63463.51304125345,967.7616057125081,343947.0,100.0
MI-509,2008,63463.51304125345,967.7616057125081,343947.0,100.0
MI-509,2009,63463.51304125345,967.7616057125081,343947.0,100.0
MI-509,2010,63463.51304125345,967.7616057125081,343947.0,100.0
MI-509,2011,65124.719224197695,1009.8289371009523,344727.0,100.0
MI-509,2012,65008.87983295281,949.896797780411,346010.0,100.0
MI-509,2013,66748.37026910718,994.1087847142529,348560.0,100.0
MI-509,2014,66890.48145987811,1013.3976537470053,351454.0,100.0
MI-509,2015,67002.30785784485,1114.4295380861472,354092.0,100.0
MI-509,2016,69581.55845867706,1118.2711501834776,358082.0,100.0
MI-509,2017,72453.05730977652,1147.6121313715564,361509.0,100.0
MI-509,2018,76480.37033727637,1109.8307442596342,365961.0,100.0
MI-509,2019,79859.88160490463,1179.9098528610355,367000.0,100.0
MI-509,2020,82068.49216987663,1196.33380837982,368385.0,107.0
MI-509,2021,85727.91297109777,1222.247857303962,372428.0,107.0
MI-509,2022,92619.47879837183,1346.5345743603318,370231.0,107.0
MI-509,2023,95322.56614385685,1447.526876116332,368394.0,107.0
MI-510,2007,45068.172485370866,686.0896232010122,202336.0,56.0
MI-510,2008,45068.172485370866,686.0896232010122,202336.0,56.0
MI-510,2009,45068.172485370866,686.0896232010122,202336.0,56.0
MI-510,2010,45068.172485370866,686.0896232010122,202336.0,56.0
MI-510,2011,45278.29704275665,715.4979850545776,200998.0,56.0
MI-510,2012,45108.65193458556,724.2047625951794,200017.0,56.0
MI-510,2013,44374.59675821385,714.7487137964504,198841.0,56.0
MI-510,2014,45668.31891952035,732.4002994027118,197727.0,56.0
MI-510,2015,45203.29179199813,734.3941388138172,196479.0,56.0
MI-510,2016,46297.16061905421,733.2819913832409,195201.0,56.0
MI-510,2017,47373.934521137446,740.6898087232912,193803.0,56.0
MI-510,2018,49648.76190229176,786.6197180176162,192778.0,56.0
MI-510,2019,51134.24680822225,800.1358871030804,191821.0,56.0
MI-510,2020,52598.261369699634,801.8301476203927,191166.0,61.0
MI-510,2021,56241.37989398551,824.1496851054897,190540.0,61.0
MI-510,2022,60842.710964540274,900.7525616238456,189821.0,61.0
MI-510,2023,62717.310068178216,860.8503356059405,189210.0,61.0
MI-511,2007,50038.771699814686,689.3078950758589,100911.0,23.0
MI-511,2008,50038.771699814686,689.3078950758589,100911.0,23.0
MI-511,2009,50038.771699814686,689.3078950758589,100911.0,23.0
MI-511,2010,50038.771699814686,689.3078950758589,100911.0,23.0
MI-511,2011,50299.04262562714,704.1965039420244,100456.0,23.0
MI-511,2012,49993.41081118965,714.6791886101043,99878.0,23.0
MI-511,2013,49139.72195367067,748.6107431787348,99505.0,23.0
MI-511,2014,49256.55135657939,773.5436291646937,99257.0,23.0
MI-511,2015,49468.554548947446,769.9795757416432,98902.0,23.0
MI-511,2016,50624.33475216118,792.260618406251,98673.0,23.0
MI-511,2017,52263.16090683167,799.1605112339605,98585.0,23.0
MI-511,2018,54819.572323659035,802.057284156224,98474.0,23.0
MI-511,2019,56141.75166952969,810.342972728474,98381.0,23.0
MI-511,2020,58026.65618960431,736.5744685179534,98310.0,25.0
MI-511,2021,61023.505475811806,815.9426247659694,99346.0,25.0
MI-511,2022,65905.0075556854,923.7899015746049,99263.0,25.0
MI-511,2023,67712.88328627951,907.701759711808,98823.0,25.0
MI-512,2007,49703.2851142614,785.999790291076,166898.0,39.0
MI-512,2008,49703.2851142614,785.999790291076,166898.0,39.0
MI-512,2009,49703.2851142614,785.999790291076,166898.0,39.0
MI-512,2010,49703.2851142614,785.999790291076,166898.0,39.0
MI-512,2011,49693.97406178045,816.2914805179271,167205.0,39.0
MI-512,2012,50408.00860489679,822.5646888929997,167579.0,39.0
MI-512,2013,50701.69098842747,835.6727724068959,167984.0,39.0
MI-512,2014,51532.19821976746,837.6953159260884,168742.0,39.0
MI-512,2015,51848.46931544162,837.2254308337215,169613.0,39.0
MI-512,2016,53892.59675498049,846.9877827656017,170415.0,39.0
MI-512,2017,56344.90076081036,860.0333725745144,170739.0,39.0
MI-512,2018,59962.16969640453,878.1001940819574,171577.0,39.0
MI-512,2019,61972.469011083434,883.9734380715169,172239.0,39.0
MI-512,2020,65122.90323550151,885.5016992451652,173018.0,54.0
MI-512,2021,67916.5781314816,928.8151199859074,175979.0,54.0
MI-512,2022,75332.66656895628,1032.8951548803518,177395.0,54.0
MI-512,2023,79272.278424717,1088.8432782734844,178533.0,54.0
MI-513,2007,45026.69923014267,550.2095824903439,76118.0,27.0
MI-513,2008,45026.69923014267,550.2095824903439,76118.0,27.0
MI-513,2009,45026.69923014267,550.2095824903439,76118.0,27.0
MI-513,2010,45026.69923014267,550.2095824903439,76118.0,27.0
MI-513,2011,44952.041044092635,563.7600811199791,76430.0,27.0
MI-513,2012,44224.93204187253,599.761110169602,76709.0,27.0
MI-513,2013,43955.308190748816,600.0934617136165,76855.0,27.0
MI-513,2014,43807.545080531076,609.3359463212678,77051.0,27.0
MI-513,2015,44166.29050844818,625.835630304446,77058.0,27.0
MI-513,2016,45810.6547894915,633.2206759184523,76814.0,27.0
MI-513,2017,47837.07141454731,635.6177829552743,76399.0,27.0
MI-513,2018,50207.12286393548,678.0887788475432,76133.0,27.0
MI-513,2019,53152.23876208183,667.9632633147409,75837.0,27.0
MI-514,2007,44449.38669846549,660.706553766264,137112.0,39.0
MI-514,2008,44449.38669846549,660.706553766264,137112.0,39.0
MI-514,2009,44449.38669846549,660.706553766264,137112.0,39.0
MI-514,2010,44449.38669846549,660.706553766264,137112.0,39.0
MI-514,2011,44261.15406359389,682.2766158442814,136554.0,39.0
MI-514,2012,44189.81353490662,690.5787980567825,136063.0,39.0
MI-514,2013,43539.102468753226,697.0779582982868,135534.0,39.0
MI-514,2014,43965.35476877543,719.4301220865705,135150.0,39.0
MI-514,2015,44373.81186289784,724.2333407522814,134790.0,39.0
MI-514,2016,46049.35819765241,730.9694485897351,134691.0,39.0
MI-514,2017,47671.65649497123,763.5435243845243,134327.0,39.0
MI-514,2018,49685.84113539521,775.0549255240829,134473.0,39.0
MI-514,2019,51371.73117157929,831.5337227669658,134212.0,39.0
MI-514,2020,53133.808754470185,758.5266344639138,133943.0,40.0
MI-514,2021,56905.41472501434,821.4821060004322,134207.0,40.0
MI-514,2022,62137.58702643813,880.6299184395311,134011.0,40.0
MI-514,2023,64418.83926303364,874.608931159691,133846.0,40.0
MI-515,2007,56764.269655199496,804.2857105456069,152784.0,38.0
MI-515,2008,56764.269655199496,804.2857105456069,152784.0,38.0
MI-515,2009,56764.269655199496,804.2857105456069,152784.0,38.0
MI-515,2010,56764.269655199496,804.2857105456069,152784.0,38.0
MI-515,2011,57665.24188701529,808.2075126304048,152410.0,38.0
MI-515,2012,56884.26774996051,825.129205496762,151944.0,38.0
MI-515,2013,55522.20127073867,830.843429673465,151408.0,38.0
MI-515,2014,56500.57070221609,818.4217605451737,150851.0,38.0
MI-515,2015,57094.04105400303,848.7364460634423,150436.0,38.0
MI-515,2016,57683.25682750342,818.2263896762146,149945.0,38.0
MI-515,2017,60644.89553465803,839.7129107934153,149619.0,38.0
MI-515,2018,62584.937908736865,876.3906238518628,149699.0,38.0
MI-515,2019,63853.275661704305,883.8655820259539,149727.0,38.0
MI-515,2020,67100.50736666667,885.2330333333333,150000.0,40.0
MI-515,2021,68922.60379832282,939.7937534075862,154068.0,40.0
MI-515,2022,74679.37075240759,1008.6294671980261,154823.0,40.0
MI-515,2023,77120.71628570138,1013.8824459197037,155001.0,40.0
MI-516,2007,41819.00055419892,667.2600232070799,173223.0,42.0
MI-516,2008,41819.00055419892,667.2600232070799,173223.0,42.0
MI-516,2009,41819.00055419892,667.2600232070799,173223.0,42.0
MI-516,2010,41819.00055419892,667.2600232070799,173223.0,42.0
MI-516,2011,41610.53341630728,699.814246432603,172745.0,42.0
MI-516,2012,41935.22884923292,697.9349014584728,171755.0,42.0
MI-516,2013,42483.6579493202,709.422277143842,171153.0,42.0
MI-516,2014,42953.86649000747,679.4334084329473,171328.0,42.0
MI-516,2015,43578.63819154085,736.9365301516768,171483.0,42.0
MI-516,2016,44671.296192810834,734.5837418965076,172148.0,42.0
MI-516,2017,47092.40471434279,752.9329442350339,172707.0,42.0
MI-516,2018,49781.161595672755,764.1203920412845,173043.0,42.0
MI-516,2019,52592.77288123857,799.9841947639025,173297.0,42.0
MI-516,2020,55449.98956120199,769.2974855912344,173679.0,45.0
MI-516,2021,59457.72473851725,831.2026441500174,175633.0,45.0
MI-516,2022,63129.66909353385,852.7273326626769,175947.0,45.0
MI-516,2023,65593.49630512379,990.7859309605537,175378.0,45.0
MI-517,2007,46837.69356745415,702.7589017695226,161569.0,38.0
MI-517,2008,46837.69356745415,702.7589017695226,161569.0,38.0
MI-517,2009,46837.69356745415,702.7589017695226,161569.0,38.0
MI-517,2010,46837.69356745415,702.7589017695226,161569.0,38.0
MI-517,2011,47981.58980688163,740.4458883071987,160834.0,38.0
MI-517,2012,47374.05441259976,738.3985223734377,160257.0,38.0
MI-517,2013,46765.965808176064,746.9887838327318,160126.0,38.0
MI-517,2014,46367.56366967429,745.2075384394129,159927.0,38.0
MI-517,2015,46140.89666935822,730.4471798145958,159759.0,38.0
MI-517,2016,47770.98375375432,729.7738943962679,159483.0,38.0
MI-517,2017,49683.054513205316,735.6612155557932,158989.0,38.0
MI-517,2018,51378.47878398872,755.7690623171169,158913.0,38.0
MI-517,2019,54026.51307395547,776.0782987468166,158636.0,38.0
MI-517,2020,56096.61556260827,753.6234020761946,158174.0,46.0
MI-517,2021,59108.44178148229,792.7216247317513,160765.0,46.0
MI-517,2022,62827.035695387734,843.9838704657084,160637.0,46.0
MI-517,2023,66173.41754948904,870.8767190845699,160187.0,46.0
MI-518,2007,75051.9653046595,797.0445988420182,181350.0,61.0
MI-518,2008,75051.9653046595,797.0445988420182,181350.0,61.0
MI-518,2009,75051.9653046595,797.0445988420182,181350.0,61.0
MI-518,2010,75051.9653046595,797.0445988420182,181350.0,61.0
MI-518,2011,74215.02011998103,808.1217178901865,181362.0,61.0
MI-518,2012,74816.86798621737,900.979942535695,181678.0,61.0
MI-518,2013,74846.0823675179,895.8913279459655,182402.0,61.0
MI-518,2014,75686.80608848437,944.982609786974,183264.0,61.0
MI-518,2015,77058.11438260804,1030.3062933729163,184591.0,61.0
MI-518,2016,79969.27539132915,948.9585290651686,185841.0,61.0
MI-518,2017,82068.779540616,920.7456217303393,186946.0,61.0
MI-518,2018,84923.86849672647,939.6226430110037,188482.0,61.0
MI-518,2019,87646.83211948101,967.3801290091382,189754.0,61.0
MI-518,2020,88904.35817892177,993.2077272155614,190832.0,60.0
MI-518,2021,93141.6110104847,992.3027572787398,193234.0,60.0
MI-518,2022,99941.01156961842,1100.2822616339513,194302.0,60.0
MI-518,2023,105020.60878432739,932.9859538902241,195143.0,60.0
MI-519,2007,55849.67690621902,708.3730777545042,268306.0,55.0
MI-519,2008,55849.67690621902,708.3730777545042,268306.0,55.0
MI-519,2009,55849.67690621902,708.3730777545042,268306.0,55.0
MI-519,2010,55849.67690621902,708.3730777545042,268306.0,55.0
MI-519,2011,56500.0185101463,745.44674488238,269852.0,55.0
MI-519,2012,56677.855444349145,748.2955750974538,271667.0,55.0
MI-519,2013,57671.15720642064,735.2119440933434,273742.0,55.0
MI-519,2014,59100.19489724369,771.1817662664363,276674.0,55.0
MI-519,2015,59834.73700829026,787.275525329771,279967.0,55.0
MI-519,2016,61434.33856784584,771.631531236001,283503.0,55.0
MI-519,2017,64638.17264328027,818.2498058485724,287147.0,55.0
MI-519,2018,68189.31192553371,814.7632073559174,291031.0,55.0
MI-519,2019,70662.50470176683,846.8908467271748,293294.0,55.0
MI-519,2020,74087.6516881651,842.0326987999852,295913.0,66.0
MI-519,2021,79093.80365318042,912.8492548123244,300998.0,66.0
MI-519,2022,85905.19592525014,963.443604961367,303626.0,66.0
MI-519,2023,89402.99924862875,1102.135844655627,306107.0,66.0
MI-523,2007,57495.33348928694,777.8186609632204,104732.0,27.0
MI-523,2008,57495.33348928694,777.8186609632204,104732.0,27.0
MI-523,2009,57495.33348928694,777.8186609632204,104732.0,27.0
MI-523,2010,57495.33348928694,777.8186609632204,104732.0,27.0
MI-523,2011,56264.68452642226,781.1093055210978,104798.0,27.0
MI-523,2012,56674.19807543456,799.9268779802575,104647.0,27.0
MI-523,2013,55888.10648143731,810.272710792218,104807.0,27.0
MI-523,2014,56031.1763433895,813.6444554521466,104977.0,27.0
MI-523,2015,56763.88093561464,766.0954551510191,105086.0,27.0
MI-523,2016,57677.713584474885,774.0266742770167,105120.0,27.0
MI-523,2017,59554.54779069104,791.4760238145055,105146.0,27.0
MI-523,2018,63309.32897026557,781.4615173640009,105736.0,27.0
MI-523,2019,66329.45051523043,813.5691975238742,105972.0,27.0
MI-523,2020,68880.52160007504,853.460645282311,106620.0,28.0
MI-523,2021,73447.46738339742,860.1780805093953,105851.0,28.0
MI-523,2022,77963.3115716916,1025.325149898494,105905.0,28.0
MI-523,2023,80955.20750127766,1045.9620677253886,105662.0,28.0
MN-500,2007,67173.72236083551,931.4440529337994,1139461.0,300.0
MN-500,2008,67173.72236083551,931.4440529337994,1139461.0,300.0
MN-500,2009,67173.72236083551,931.4440529337994,1139461.0,300.0
MN-500,2010,67173.72236083551,931.4440529337994,1139461.0,300.0
MN-500,2011,68492.74256645162,954.2186894678127,1149182.0,300.0
MN-500,2012,69319.34896942199,976.0945417088682,1161096.0,300.0
MN-500,2013,70146.20687410649,1012.2685914573781,1173738.0,300.0
MN-500,2014,71219.04342486833,1035.5220383923104,1187269.0,300.0
MN-500,2015,72116.43279196558,1082.2694549354221,1201032.0,300.0
MN-500,2016,74049.89931410315,1117.8181255891398,1212573.0,300.0
MN-500,2017,77362.20628059014,1156.5698772038534,1228133.0,300.0
MN-500,2018,80552.00140124756,1224.6748338843615,1238896.0,300.0
MN-500,2019,84665.44519217299,1238.958780562971,1249265.0,300.0
MN-500,2020,88319.05788102199,1228.7470104550655,1258720.0,330.0
MN-500,2021,93407.96183926995,1292.803589049161,1273875.0,330.0
MN-500,2022,101856.30587015848,1427.3797524571462,1274446.0,330.0
MN-500,2023,105260.12996308478,1475.9966903600844,1272646.0,330.0
MN-501,2007,55039.75187434773,818.3199586543883,500174.0,136.0
MN-501,2008,55039.75187434773,818.3199586543883,500174.0,136.0
MN-501,2009,55039.75187434773,818.3199586543883,500174.0,136.0
MN-501,2010,55039.75187434773,818.3199586543883,500174.0,136.0
MN-501,2011,55630.53234873049,845.5129492217362,503621.0,136.0
MN-501,2012,55234.90911883551,833.3136947943004,507828.0,136.0
MN-501,2013,56375.103950902914,852.5070374177992,512617.0,136.0
MN-501,2014,57644.072254273895,876.9489294269109,518087.0,136.0
MN-501,2015,58369.37723574133,900.5083095649188,524155.0,136.0
MN-501,2016,59879.77012987013,939.9609821665215,528220.0,136.0
MN-501,2017,62221.509328878274,992.4828772569188,534523.0,136.0
MN-501,2018,64586.50990661153,1012.1963090647215,538075.0,136.0
MN-501,2019,67429.88060382911,1053.1090951435638,541014.0,136.0
MN-501,2020,71703.18821040771,1112.4761973143045,543174.0,142.0
MN-501,2021,76078.15999523622,1153.395074983739,545785.0,142.0
MN-501,2022,83308.342335381,1240.483330665651,543543.0,142.0
MN-501,2023,86208.56707200917,1319.705706544355,540695.0,142.0
MN-502,2007,54916.75313136387,673.3050976620196,700733.0,173.0
MN-502,2008,54916.75313136387,673.3050976620196,700733.0,173.0
MN-502,2009,54916.75313136387,673.3050976620196,700733.0,173.0
MN-502,2010,54916.75313136387,673.3050976620196,700733.0,173.0
MN-502,2011,56163.60830312078,696.5531740954005,703350.0,173.0
MN-502,2012,57067.09131471935,720.5299414480239,705527.0,173.0
MN-502,2013,57315.25277428818,719.0387107349726,707659.0,173.0
MN-502,2014,58450.02471084405,743.8107142857143,708960.0,173.0
MN-502,2015,59146.82870270628,754.8486699532361,710163.0,173.0
MN-502,2016,60790.9973005597,775.9976602977113,711629.0,173.0
MN-502,2017,63133.74046058444,806.2635416929605,713094.0,173.0
MN-502,2018,65109.80487341525,821.2850866900224,715884.0,173.0
MN-502,2019,67165.08451595849,831.6352004897459,718740.0,173.0
MN-502,2020,69825.41766486771,867.9892090368081,721715.0,184.0
MN-502,2021,74187.17128167422,915.590879956048,731707.0,184.0
MN-502,2022,80255.16628925542,991.8297932022402,734389.0,184.0
MN-502,2023,83441.1328547318,1028.84434443004,735894.0,184.0
MN-503,2007,77745.89653688658,970.5126851149361,1187573.0,273.0
MN-503,2008,77745.89653688658,970.5126851149361,1187573.0,273.0
MN-503,2009,77745.89653688658,970.5126851149361,1187573.0,273.0
MN-503,2010,77745.89653688658,970.5126851149361,1187573.0,273.0
MN-503,2011,78596.07566644669,999.6993248873423,1200096.0,273.0
MN-503,2012,79109.92803546616,1042.7100807609418,1211972.0,273.0
MN-503,2013,79652.08866403943,1052.299630437075,1223337.0,273.0
MN-503,2014,80752.76230847614,1060.2538365474188,1235551.0,273.0
MN-503,2015,81588.47293921598,1103.6864992393678,1246989.0,273.0
MN-503,2016,83990.00923985225,1137.8640799849302,1258137.0,273.0
MN-503,2017,87202.92376255385,1154.7780929465491,1270924.0,273.0
MN-503,2018,90770.98645635317,1158.845887530913,1283037.0,273.0
MN-503,2019,94169.3484026373,1243.4833832589595,1295260.0,273.0
MN-503,2020,96901.39672036494,1185.0227677333767,1309353.0,317.0
MN-503,2021,102361.93443497161,1251.5805933858323,1337039.0,317.0
MN-503,2022,110308.09717362883,1352.232808796116,1350778.0,317.0
MN-503,2023,113824.75842807439,1405.2830624612757,1363805.0,317.0
MN-504,2007,46425.04715570054,649.3623836422945,125690.0,33.0
MN-504,2008,46425.04715570054,649.3623836422945,125690.0,33.0
MN-504,2009,46425.04715570054,649.3623836422945,125690.0,33.0
MN-504,2010,46425.04715570054,649.3623836422945,125690.0,33.0
MN-504,2011,47796.820689052394,640.1781031989448,125854.0,33.0
MN-504,2012,47686.544291729566,664.1076189719552,125870.0,33.0
MN-504,2013,48531.17982052096,698.4378017789072,125920.0,33.0
MN-504,2014,48863.93645835817,693.8701429786287,125823.0,33.0
MN-504,2015,49340.8000620851,703.6942229014438,125634.0,33.0
MN-504,2016,50896.234751965305,694.6143303621259,125426.0,33.0
MN-504,2017,53103.075589481254,705.8775957157701,125110.0,33.0
MN-504,2018,54582.13397175082,729.8017521842352,125101.0,33.0
MN-504,2019,57266.1900942755,760.831527519011,125059.0,33.0
MN-504,2020,59232.59780235599,762.2957622577833,125043.0,50.0
MN-504,2021,61927.359511608076,807.2748160958931,125473.0,50.0
MN-504,2022,67864.07103985763,865.2377872935419,125873.0,50.0
MN-504,2023,71330.72378632303,905.1752947897986,126022.0,50.0
MN-505,2007,56618.31673707761,736.1196176799596,704436.0,145.0
MN-505,2008,56618.31673707761,736.1196176799596,704436.0,145.0
MN-505,2009,56618.31673707761,736.1196176799596,704436.0,145.0
MN-505,2010,56618.31673707761,736.1196176799596,704436.0,145.0
MN-505,2011,57526.23744057091,761.6754521113066,710721.0,145.0
MN-505,2012,58104.950832107555,795.5820890091265,714511.0,145.0
MN-505,2013,58645.83570320417,804.8248321389891,717409.0,145.0
MN-505,2014,60079.9547537888,830.6419749658088,720215.0,145.0
MN-505,2015,61004.022791928226,840.6867243933101,723063.0,145.0
MN-505,2016,62752.41321448526,851.8471778399817,726642.0,145.0
MN-505,2017,65445.677745354355,872.3465530615512,730953.0,145.0
MN-505,2018,67816.67836268412,893.4802916184117,737402.0,145.0
MN-505,2019,70932.63341245246,911.9196074401535,744447.0,145.0
MN-505,2020,73102.21316008219,897.6099229280684,751895.0,183.0
MN-505,2021,76749.11179592446,961.0904459304542,758033.0,183.0
MN-505,2022,83730.51825107954,1039.2439408764171,766530.0,183.0
MN-505,2023,87412.17134465174,1090.9219972887483,774550.0,183.0
MN-506,2007,45044.54801967844,543.1831960833244,168306.0,55.0
MN-506,2008,45044.54801967844,543.1831960833244,168306.0,55.0
MN-506,2009,45044.54801967844,543.1831960833244,168306.0,55.0
MN-506,2010,45044.54801967844,543.1831960833244,168306.0,55.0
MN-506,2011,46252.753065649325,576.0293354501617,168806.0,55.0
MN-506,2012,47101.26684443288,618.112838189386,169136.0,55.0
MN-506,2013,47614.56613875164,618.1625137088881,169598.0,55.0
MN-506,2014,48400.03086321663,629.8155504940822,169911.0,55.0
MN-506,2015,49359.87169361142,646.5508365508366,170163.0,55.0
MN-506,2016,49959.432276555504,652.4675683929851,170266.0,55.0
MN-506,2017,52083.94917859657,648.2699542360948,170440.0,55.0
MN-506,2018,54137.14667221444,686.9301039035624,170639.0,55.0
MN-506,2019,55688.50844857668,700.5309664047588,170798.0,55.0
MN-506,2020,56864.39262892655,684.5638567177442,171047.0,60.0
MN-506,2021,61172.80168983149,722.1509393857091,169366.0,60.0
MN-506,2022,67215.15808760615,807.2865994346848,169463.0,60.0
MN-506,2023,70223.1416200837,876.1836657596024,169411.0,60.0
MN-508,2007,46267.8515207255,576.3000556102152,233770.0,65.0
MN-508,2008,46267.8515207255,576.3000556102152,233770.0,65.0
MN-508,2009,46267.8515207255,576.3000556102152,233770.0,65.0
MN-508,2010,46267.8515207255,576.3000556102152,233770.0,65.0
MN-508,2011,47770.23133152151,597.1942714501138,234754.0,65.0
MN-508,2012,49062.81258378158,621.1223338367298,235732.0,65.0
MN-508,2013,50432.15015469408,642.930615902213,236596.0,65.0
MN-508,2014,51830.53239070112,660.7927710944836,237491.0,65.0
MN-508,2015,53450.90013498671,676.8456330541372,238542.0,65.0
MN-508,2016,55105.40528867821,688.2528750980621,239644.0,65.0
MN-508,2017,57164.766464947475,716.4830023140826,240268.0,65.0
MN-508,2018,59837.13698267555,748.3749550242559,241797.0,65.0
MN-508,2019,61617.101104883775,764.2561011213317,243193.0,65.0
MN-508,2020,63114.04592775538,762.6706139238953,244558.0,70.0
MN-508,2021,66090.72531255517,791.2791892022019,249236.0,70.0
MN-508,2022,71745.69543274793,853.5095350562927,250654.0,70.0
MN-508,2023,74189.51577093282,869.9732452774674,251507.0,70.0
MN-509,2007,47251.24251685756,685.6543406008705,198279.0,65.0
MN-509,2008,47251.24251685756,685.6543406008705,198279.0,65.0
MN-509,2009,47251.24251685756,685.6543406008705,198279.0,65.0
MN-509,2010,47251.24251685756,685.6543406008705,198279.0,65.0
MN-509,2011,48165.42462630228,734.5322915093865,198690.0,65.0
MN-509,2012,49099.85173067161,729.90805100292,198969.0,65.0
MN-509,2013,49619.70390752885,731.0577040882935,199154.0,65.0
MN-509,2014,50541.05447533263,771.3271178025307,199393.0,65.0
MN-509,2015,51532.16684475882,733.7230792384679,199335.0,65.0
MN-509,2016,52318.87759938147,784.7030554969826,199182.0,65.0
MN-509,2017,54368.39024390244,804.7991119861775,199096.0,65.0
MN-509,2018,56540.253031865395,820.6094464424939,198805.0,65.0
MN-509,2019,59462.77681333185,835.2621333790088,198502.0,65.0
MN-509,2020,60545.69804895031,857.0255094575708,198201.0,73.0
MN-509,2021,64323.000381734986,907.864323349624,199091.0,73.0
MN-509,2022,70094.38794777133,965.5889054310978,198818.0,73.0
MN-509,2023,73071.59127451276,987.2041363558615,198774.0,73.0
MN-511,2007,48167.81398446328,565.8775695273451,282299.0,89.0
MN-511,2008,48167.81398446328,565.8775695273451,282299.0,89.0
MN-511,2009,48167.81398446328,565.8775695273451,282299.0,89.0
MN-511,2010,48167.81398446328,565.8775695273451,282299.0,89.0
MN-511,2011,49129.89084860458,590.0898044737318,281957.0,89.0
MN-511,2012,49901.99075940681,610.2915248934256,281259.0,89.0
MN-511,2013,51019.41182152927,619.408891455377,280539.0,89.0
MN-511,2014,51927.700451408375,628.7272428348302,279791.0,89.0
MN-511,2015,52476.660187004345,627.2558510562017,278924.0,89.0
MN-511,2016,53960.168538517435,640.0514105432804,277978.0,89.0
MN-511,2017,55802.90616888157,658.9090498832076,276987.0,89.0
MN-511,2018,57092.30837737433,679.3916121354183,276447.0,89.0
MN-511,2019,58968.172391541564,694.663105462165,275843.0,89.0
MN-511,2020,60524.07797951752,699.901425342162,275162.0,92.0
MN-511,2021,63730.06066219198,736.6201639924619,279647.0,92.0
MN-511,2022,70213.76707550073,784.3890638081676,279494.0,92.0
MN-511,2023,73000.17266506645,823.0331422634615,279130.0,92.0
MO-500,2007,65414.49318527916,837.8822146892203,999454.0,199.0
MO-500,2008,65414.49318527916,837.8822146892203,999454.0,199.0
MO-500,2009,65414.49318527916,837.8822146892203,999454.0,199.0
MO-500,2010,65414.49318527916,837.8822146892203,999454.0,199.0
MO-500,2011,67303.39590992831,855.9398664343786,998760.0,199.0
MO-500,2012,67383.82503875806,900.15079262611,999147.0,199.0
MO-500,2013,67711.73933531721,902.9676681087299,999725.0,199.0
MO-500,2014,68838.15726247797,941.6510316136274,1000423.0,199.0
MO-500,2015,68911.74286521785,971.3729171389566,1001327.0,199.0
MO-500,2016,70303.21857759655,980.3751649076518,1000560.0,199.0
MO-500,2017,72886.49112040651,1000.1731038008522,999539.0,199.0
MO-500,2018,75641.64435997773,1015.9202039884487,998684.0,199.0
MO-500,2019,78479.85888522537,1071.3499933294481,996919.0,199.0
MO-500,2020,78268.25347644546,1043.5298802627192,998937.0,237.0
MO-500,2021,82416.94379747742,1074.5569868456676,1004688.0,237.0
MO-500,2022,89450.1283707571,1165.7843553188625,1002705.0,237.0
MO-500,2023,91098.38475476032,1214.8337258582187,999512.0,237.0
MO-501,2007,34466.50846431562,659.5328237283138,318809.0,106.0
MO-501,2008,34466.50846431562,659.5328237283138,318809.0,106.0
MO-501,2009,34466.50846431562,659.5328237283138,318809.0,106.0
MO-501,2010,34466.50846431562,659.5328237283138,318809.0,106.0
MO-501,2011,35096.503318497205,687.4315616882403,318367.0,106.0
MO-501,2012,35173.607775792945,706.4062041836328,318527.0,106.0
MO-501,2013,35413.16490100484,723.1109372795536,318955.0,106.0
MO-501,2014,35436.9828599397,739.5490968760099,318727.0,106.0
MO-501,2015,36277.0757904672,747.4036306433852,317850.0,106.0
MO-501,2016,37491.453108882066,761.6986836692719,316030.0,106.0
MO-501,2017,39573.183321847006,781.2125087735457,314867.0,106.0
MO-501,2018,41911.83495838058,813.5675725167297,311273.0,106.0
MO-501,2019,44930.37230915003,834.557947782746,308174.0,106.0
MO-501,2020,47466.065318057554,846.7825663173717,304709.0,104.0
MO-501,2021,50091.57255430385,884.9812937807766,302787.0,104.0
MO-501,2022,54504.692787012864,954.6336899113477,298018.0,104.0
MO-501,2023,58005.81419199001,995.0711987690586,293109.0,104.0
MO-503,2007,68871.3187921785,835.0038355620956,433574.0,91.0
MO-503,2008,68871.3187921785,835.0038355620956,433574.0,91.0
MO-503,2009,68871.3187921785,835.0038355620956,433574.0,91.0
MO-503,2010,68871.3187921785,835.0038355620956,433574.0,91.0
MO-503,2011,69953.31656204008,855.145842796664,440296.0,91.0
MO-503,2012,70102.48892483153,911.1904875137963,445772.0,91.0
MO-503,2013,70002.48825803703,951.2723665151647,450819.0,91.0
MO-503,2014,70937.03036927246,971.0501988660034,456086.0,91.0
MO-503,2015,70888.29934069456,970.6017569926662,461698.0,91.0
MO-503,2016,73809.90907126598,978.8805366342057,467432.0,91.0
MO-503,2017,76899.99621305724,997.6775670635247,473469.0,91.0
MO-503,2018,79636.97595816926,1004.0423146232397,479456.0,91.0
MO-503,2019,82526.96065908248,1083.572882403858,485220.0,91.0
MO-503,2020,86193.83456648859,1038.7894195686874,491152.0,107.0
MO-503,2021,91347.77081187424,1050.2849894879853,496099.0,107.0
MO-503,2022,98368.80943438684,1160.2417581542247,502163.0,107.0
MO-503,2023,101735.71240104502,1199.9568506082496,507933.0,107.0
MO-600,2007,45487.10670904996,676.849125318401,380024.0,84.0
MO-600,2008,45487.10670904996,676.849125318401,380024.0,84.0
MO-600,2009,45487.10670904996,676.849125318401,380024.0,84.0
MO-600,2010,45487.10670904996,676.849125318401,380024.0,84.0
MO-600,2011,45794.167923229754,695.0422210390993,385045.0,84.0
MO-600,2012,46203.1169964657,706.0953360662475,389328.0,84.0
MO-600,2013,45685.244191043894,720.3055115467068,393229.0,84.0
MO-600,2014,46138.60824890295,734.8729765677349,396974.0,84.0
MO-600,2015,46804.08920908184,739.7090319361278,400800.0,84.0
MO-600,2016,47566.40447430279,750.2652004439204,404577.0,84.0
MO-600,2017,49199.475545299436,761.6641888325621,407345.0,84.0
MO-600,2018,50652.71306227573,784.0686780951639,410786.0,84.0
MO-600,2019,52633.16393886043,808.3523156768558,414069.0,84.0
MO-600,2020,55317.53800610011,777.8810214700078,418025.0,105.0
MO-600,2021,59436.54645874097,820.7558281426653,423677.0,105.0
MO-600,2022,64334.2765705421,904.9300104434128,428021.0,105.0
MO-600,2023,68562.58285633639,953.8634924968419,432218.0,105.0
MO-602,2007,40340.78417637175,597.6368561330321,172590.0,34.0
MO-602,2008,40340.78417637175,597.6368561330321,172590.0,34.0
MO-602,2009,40340.78417637175,597.6368561330321,172590.0,34.0
MO-602,2010,40340.78417637175,597.6368561330321,172590.0,34.0
MO-602,2011,41555.95529635965,631.6396099050593,174214.0,34.0
MO-602,2012,41890.27016652651,644.7957461657714,174807.0,34.0
MO-602,2013,41987.33046676742,663.3289612500356,175355.0,34.0
MO-602,2014,43079.88541601443,678.5780486000034,175679.0,34.0
MO-602,2015,43784.90995732009,697.6304010547792,175961.0,34.0
MO-602,2016,45326.12475797339,700.6320684544933,176117.0,34.0
MO-602,2017,47739.91009792995,724.5318767361209,176759.0,34.0
MO-602,2018,49026.177682596935,751.107630748422,177440.0,34.0
MO-602,2019,49904.62191465469,746.655861875351,178100.0,34.0
MO-602,2020,51464.00994877416,752.1207777827487,178816.0,42.0
MO-602,2021,54683.998644109066,801.080888578971,180693.0,42.0
MO-602,2022,58763.595032094476,854.0927632049371,181807.0,42.0
MO-602,2023,61823.00685163532,877.5349794013835,183022.0,42.0
MO-603,2007,46019.93371050113,612.0461494160393,118073.0,31.0
MO-603,2008,46019.93371050113,612.0461494160393,118073.0,31.0
MO-603,2009,46019.93371050113,612.0461494160393,118073.0,31.0
MO-603,2010,46019.93371050113,612.0461494160393,118073.0,31.0
MO-603,2011,47257.08438271241,644.7440385441497,118721.0,31.0
MO-603,2012,47697.796964233305,665.6421820621409,119245.0,31.0
MO-603,2013,46471.367039820754,676.7315715109814,119611.0,31.0
MO-603,2014,47591.07566836211,678.563720945771,119733.0,31.0
MO-603,2015,48113.97239097192,697.7987064535267,119671.0,31.0
MO-603,2016,48529.38029430475,706.8118240867848,119468.0,31.0
MO-603,2017,49929.53995492136,731.0830351831215,119347.0,31.0
MO-603,2018,52120.194643952185,745.2448106986551,119043.0,31.0
MO-603,2019,53996.63091932584,770.7252234384626,118489.0,31.0
MO-603,2020,54669.246714395296,792.1842325066053,117330.0,34.0
MO-603,2021,57999.78157577231,824.6617393040353,115207.0,34.0
MO-603,2022,62415.623699225,845.6413312247163,114451.0,34.0
MO-603,2023,64113.53093699444,894.7203691752787,113117.0,34.0
MO-604,2007,51823.991607028685,791.1475570771547,969740.0,301.0
MO-604,2008,51823.991607028685,791.1475570771547,969740.0,301.0
MO-604,2009,51823.991607028685,791.1475570771547,969740.0,301.0
MO-604,2010,51823.991607028685,791.1475570771547,969740.0,301.0
MO-604,2011,52819.463329573315,801.2496570391748,976059.0,301.0
MO-604,2012,53146.647357781505,831.9120427673365,982432.0,301.0
MO-604,2013,52819.81452286606,843.3984594814909,988758.0,301.0
MO-604,2014,53344.54765266147,842.814713701925,994488.0,301.0
MO-604,2015,53577.91807450011,863.5604387797576,999408.0,301.0
MO-604,2016,54986.626504142514,898.8249211434915,1005307.0,301.0
MO-604,2017,57463.088967441676,913.4971099804768,1014180.0,301.0
MO-604,2018,60144.1556899363,952.6820990163003,1021145.0,301.0
MO-604,2019,62496.65792053307,1001.1536182950146,1028302.0,301.0
MO-604,2020,64076.25040536205,990.5483202162702,1037961.0,333.0
MO-604,2021,68134.53137257481,1053.9381955107665,1064146.0,333.0
MO-604,2022,73565.44138867637,1169.2518215200316,1069162.0,333.0
MO-604,2023,75583.53056404622,1215.8924468306388,1072093.0,333.0
MO-606,2007,44240.07025215303,602.7037723160425,2685512.0,617.0
MO-606,2008,44240.07025215303,602.7037723160425,2685512.0,617.0
MO-606,2009,44240.07025215303,602.7037723160425,2685512.0,617.0
MO-606,2010,44240.07025215303,602.7037723160425,2685512.0,617.0
MO-606,2011,45286.84798359834,629.9619613715249,2700702.0,617.0
MO-606,2012,45342.47273254529,645.8841497047147,2710429.0,617.0
MO-606,2013,45342.56139470806,656.2447340605896,2719078.0,617.0
MO-606,2014,45801.286332588745,670.4757330214072,2725432.0,617.0
MO-606,2015,46024.48264560426,679.4677075506157,2729539.0,617.0
MO-606,2016,47209.18928071914,692.9177737261144,2731937.0,617.0
MO-606,2017,49068.811008038356,707.4901755237154,2733021.0,617.0
MO-606,2018,51121.62960081561,720.7493963268021,2736580.0,617.0
MO-606,2019,53131.06045361099,732.469887954671,2740498.0,617.0
MO-606,2020,55179.44700670185,731.0380642707836,2742677.0,756.0
MO-606,2021,58648.78759260551,763.0229048288933,2722570.0,756.0
MO-606,2022,63725.984069456405,819.6282730099292,2726084.0,756.0
MO-606,2023,66638.85863722704,859.3462395052175,2734454.0,756.0
MS-500,2007,48692.60465271321,720.1086924401969,554988.0,130.0
MS-500,2008,48692.60465271321,720.1086924401969,554988.0,130.0
MS-500,2009,48692.60465271321,720.1086924401969,554988.0,130.0
MS-500,2010,48692.60465271321,720.1086924401969,554988.0,130.0
MS-500,2011,49969.16782770844,762.709538335874,558263.0,130.0
MS-500,2012,49457.27665369996,800.8656601892486,561695.0,130.0
MS-500,2013,49098.28595435879,791.7305107586385,564709.0,130.0
MS-500,2014,49829.87686777459,807.445979837545,567788.0,130.0
MS-500,2015,50064.718083183274,818.0039804976675,569778.0,130.0
MS-500,2016,52297.83394490753,845.3237133734199,570931.0,130.0
MS-500,2017,53964.30638612163,840.0250120763646,571364.0,130.0
MS-500,2018,57671.769166253136,867.0548358576151,572308.0,130.0
MS-500,2019,59330.41088089434,891.1813289764926,571056.0,130.0
MS-500,2020,60981.2209405626,848.9255478655978,569574.0,151.0
MS-500,2021,63295.82292417694,866.5004325913629,568666.0,151.0
MS-500,2022,67725.76844009379,919.0511693372989,565534.0,151.0
MS-500,2023,68736.6474267372,941.7670662173499,562632.0,151.0
MS-501,2007,35932.286500778166,599.4158026532837,1930815.0,434.0
MS-501,2008,35932.286500778166,599.4158026532837,1930815.0,434.0
MS-501,2009,35932.286500778166,599.4158026532837,1930815.0,434.0
MS-501,2010,35932.286500778166,599.4158026532837,1930815.0,434.0
MS-501,2011,36970.339914980315,629.3541314204507,1935787.0,434.0
MS-501,2012,37135.06650383677,644.5851903216303,1938219.0,434.0
MS-501,2013,37397.00704633941,658.6253748601038,1940724.0,434.0
MS-501,2014,37899.31204327207,671.8161972523825,1941391.0,434.0
MS-501,2015,37987.13201498979,673.5565855132423,1939454.0,434.0
MS-501,2016,38949.596584377316,679.9993838885566,1936338.0,434.0
MS-501,2017,40564.05414312203,694.6840911222107,1930199.0,434.0
MS-501,2018,42149.47277204998,716.6743305114768,1927927.0,434.0
MS-501,2019,43733.412409064826,725.9400710989115,1922111.0,434.0
MS-501,2020,45519.16040915772,684.7714575005383,1917989.0,557.0
MS-501,2021,47959.97851149708,743.4748153779151,1903483.0,557.0
MS-501,2022,51633.75472350079,788.7962359706157,1895575.0,557.0
MS-501,2023,54531.818928121575,831.406905691366,1888703.0,557.0
MS-503,2007,46181.75679516125,824.4044482610185,455324.0,96.0
MS-503,2008,46181.75679516125,824.4044482610185,455324.0,96.0
MS-503,2009,46181.75679516125,824.4044482610185,455324.0,96.0
MS-503,2010,46181.75679516125,824.4044482610185,455324.0,96.0
MS-503,2011,46697.90366745835,853.9113777022693,461464.0,96.0
MS-503,2012,46413.30059466389,839.4008900664977,466482.0,96.0
MS-503,2013,45991.37773185268,844.1654707004216,470331.0,96.0
MS-503,2014,45166.21606885991,847.6605852502098,474122.0,96.0
MS-503,2015,44886.1910608328,840.6704731207551,477785.0,96.0
MS-503,2016,46717.618863247895,832.2422096258375,480914.0,96.0
MS-503,2017,48142.65414556785,849.5493769087146,483637.0,96.0
MS-503,2018,49309.24623809182,882.5784550386087,487585.0,96.0
MS-503,2019,50489.42442439176,876.9321080071145,490264.0,96.0
MS-503,2020,53660.36472109825,801.1474664093478,493292.0,166.0
MS-503,2021,55617.52537482079,863.6006751229153,493836.0,166.0
MS-503,2022,59334.230663600814,899.3901206876417,496654.0,166.0
MS-503,2023,62554.87379191356,949.0672640887476,499033.0,166.0
MT-500,2007,45795.918611660825,666.818353788849,973739.0,271.0
MT-500,2008,45795.918611660825,666.818353788849,973739.0,271.0
MT-500,2009,45795.918611660825,666.818353788849,973739.0,271.0
MT-500,2010,45795.918611660825,666.818353788849,973739.0,271.0
MT-500,2011,47181.10353419735,679.3785323150743,982854.0,271.0
MT-500,2012,47404.55375686955,708.5360295119526,990785.0,271.0
MT-500,2013,48124.87024837916,719.2345451522903,998554.0,271.0
MT-500,2014,48599.99959855719,734.7675586513907,1006370.0,271.0
MT-500,2015,49017.28906996065,743.0689219167458,1014699.0,271.0
MT-500,2016,50225.16730360146,759.7621808282465,1023391.0,271.0
MT-500,2017,52777.772704498275,772.8963550456275,1029862.0,271.0
MT-500,2018,54472.041567312895,796.2868540085166,1041732.0,271.0
MT-500,2019,57241.10201694381,833.2202048448149,1050649.0,271.0
MT-500,2020,59515.22596107205,857.2117254792998,1061705.0,319.0
MT-500,2021,63078.28410412829,908.5587386755574,1077978.0,319.0
MT-500,2022,68699.02918193142,994.1226186987104,1091840.0,319.0
MT-500,2023,71998.70260942273,1036.0418072306602,1105072.0,319.0
NC-500,2007,51083.00768829321,706.0545440232777,342989.0,93.0
NC-500,2008,51083.00768829321,706.0545440232777,342989.0,93.0
NC-500,2009,51083.00768829321,706.0545440232777,342989.0,93.0
NC-500,2010,51083.00768829321,706.0545440232777,342989.0,93.0
NC-500,2011,50483.646108520086,725.4713307074608,347567.0,93.0
NC-500,2012,49572.03066016256,747.0702966690194,351368.0,93.0
NC-500,2013,49381.87989770369,736.0201011684562,354656.0,93.0
NC-500,2014,49708.183938793176,773.3698098455868,358130.0,93.0
NC-500,2015,49488.53230167771,766.7732412824455,361684.0,93.0
NC-500,2016,51010.79799885382,780.04590461514,364691.0,93.0
NC-500,2017,53021.225215956045,829.4362312073449,368362.0,93.0
NC-500,2018,54768.7258250734,823.6377939193644,371573.0,93.0
NC-500,2019,56388.16703047748,871.4674049494263,375195.0,93.0
NC-500,2020,58689.4545190344,884.0389353736733,378499.0,95.0
NC-500,2021,62233.216930341085,951.9314052388047,380583.0,95.0
NC-500,2022,67282.49780189138,1063.412832680546,383739.0,95.0
NC-500,2023,71155.31220975332,1146.428631638827,386740.0,95.0
NC-501,2007,45332.08610111941,719.0539252043953,233249.0,56.0
NC-501,2008,45332.08610111941,719.0539252043953,233249.0,56.0
NC-501,2009,45332.08610111941,719.0539252043953,233249.0,56.0
NC-501,2010,45332.08610111941,719.0539252043953,233249.0,56.0
NC-501,2011,45732.81684375397,763.9785928967532,236230.0,56.0
NC-501,2012,45480.81846443515,784.4025564853556,239000.0,56.0
NC-501,2013,46219.09587636114,808.6007212542545,241801.0,56.0
NC-501,2014,47119.8597909231,823.6288823748257,244599.0,56.0
NC-501,2015,46795.13562926545,837.9469870944788,247336.0,56.0
NC-501,2016,48541.116839655835,863.0923466287103,250112.0,56.0
NC-501,2017,49916.27599616281,879.2178120094503,252268.0,56.0
NC-501,2018,52065.744964122074,911.9545533138945,254474.0,56.0
NC-501,2019,53564.9269870682,956.799058726439,256886.0,56.0
NC-501,2020,56517.568950904555,1015.585693592628,259576.0,65.0
NC-501,2021,62035.66544810305,1056.0284177525741,266981.0,65.0
NC-501,2022,67797.48470025868,1137.9624010480647,269449.0,65.0
NC-501,2023,72031.3369108503,1219.797961661577,271790.0,65.0
NC-502,2007,53083.867351437475,877.1741292762725,258578.0,60.0
NC-502,2008,53083.867351437475,877.1741292762725,258578.0,60.0
NC-502,2009,53083.867351437475,877.1741292762725,258578.0,60.0
NC-502,2010,53083.867351437475,877.1741292762725,258578.0,60.0
NC-502,2011,53258.97279638599,890.3135654243506,263862.0,60.0
NC-502,2012,54515.96030198713,922.1967075530205,269283.0,60.0
NC-502,2013,55736.21473160358,929.2026083748652,276494.0,60.0
NC-502,2014,55785.92722238353,955.58048239868,282422.0,60.0
NC-502,2015,55876.603243576385,964.6413126651132,288817.0,60.0
NC-502,2016,57716.49992193281,961.000621143311,294618.0,60.0
NC-502,2017,60084.68160803018,1023.7527695145664,300865.0,60.0
NC-502,2018,61767.05423599396,1050.7227604525267,306457.0,60.0
NC-502,2019,65106.03090608245,1125.3072971447627,311848.0,60.0
NC-502,2020,67258.46906332142,1174.1237687500984,317665.0,68.0
NC-502,2021,71532.33526890856,1191.790536192862,320146.0,68.0
NC-502,2022,78515.65158212371,1343.1481539583083,325101.0,68.0
NC-502,2023,84040.45774047145,1442.1508598837297,329405.0,68.0
NC-503,2007,44280.57019366766,674.3601677433549,4845259.0,1090.0
NC-503,2008,44280.57019366766,674.3601677433549,4845259.0,1090.0
NC-503,2009,44280.57019366766,674.3601677433549,4845259.0,1090.0
NC-503,2010,44280.57019366766,674.3601677433549,4845259.0,1090.0
NC-503,2011,44957.12847990021,694.9544533789535,4903086.0,1090.0
NC-503,2012,44552.82007160519,708.3621377824787,4947407.0,1090.0
NC-503,2013,44501.075296909825,726.28750682534,4977774.0,1090.0
NC-503,2014,44807.997668050004,736.1409087829188,5003109.0,1090.0
NC-503,2015,44949.0682819791,749.1829767673166,5023053.0,1090.0
NC-503,2016,46266.4096723574,757.7121547469372,5045864.0,1090.0
NC-503,2017,48272.45272099543,781.2248283255499,5072537.0,1090.0
NC-503,2018,50394.978986953734,799.6682136558337,5101307.0,1090.0
NC-503,2019,52940.58872915854,821.6665017664128,5134417.0,1090.0
NC-503,2020,54975.32958685175,813.8948395050712,5177391.0,1350.0
NC-503,2021,58678.596313726135,865.1348530728511,5124036.0,1350.0
NC-503,2022,64210.348726268225,938.2722659531656,5163646.0,1350.0
NC-503,2023,66886.67983259256,989.1059322090823,5210521.0,1350.0
NC-504,2007,50965.22398935656,757.6661671423707,475786.0,119.0
NC-504,2008,50965.22398935656,757.6661671423707,475786.0,119.0
NC-504,2009,50965.22398935656,757.6661671423707,475786.0,119.0
NC-504,2010,50965.22398935656,757.6661671423707,475786.0,119.0
NC-504,2011,51337.46770003374,758.5238769481723,483081.0,119.0
NC-504,2012,51402.89398377371,795.3039671062307,489576.0,119.0
NC-504,2013,50518.9050100338,764.2188740344743,495326.0,119.0
NC-504,2014,50392.40596407659,800.2475329357815,500899.0,119.0
NC-504,2015,51196.0651547173,851.7114509149247,506763.0,119.0
NC-504,2016,52267.270740404245,844.7945390424275,511815.0,119.0
NC-504,2017,54038.62371591482,867.0202611384057,517197.0,119.0
NC-504,2018,56388.66065296363,867.3976530896784,523582.0,119.0
NC-504,2019,58994.73613289686,911.9897777474672,527868.0,119.0
NC-504,2020,61787.967121113186,933.9111446348292,532956.0,126.0
NC-504,2021,65645.8454906137,987.0384332533378,537113.0,126.0
NC-504,2022,70991.43903239138,1065.954583111701,539557.0,126.0
NC-504,2023,73991.10876687655,1125.6852116164844,542987.0,126.0
NC-505,2007,62306.28902953347,894.3081354976035,882761.0,233.0
NC-505,2008,62306.28902953347,894.3081354976035,882761.0,233.0
NC-505,2009,62306.28902953347,894.3081354976035,882761.0,233.0
NC-505,2010,62306.28902953347,894.3081354976035,882761.0,233.0
NC-505,2011,62950.88577308382,911.7411819807639,905277.0,233.0
NC-505,2012,62920.571361988106,954.7525626488202,926873.0,233.0
NC-505,2013,62531.205020403635,976.2709677078769,947135.0,233.0
NC-505,2014,63218.3281053175,984.3129891584925,968500.0,233.0
NC-505,2015,64161.84919841501,1025.8127251870162,990288.0,233.0
NC-505,2016,66152.40384809255,1071.5528210845505,1011774.0,233.0
NC-505,2017,69036.53798451112,1123.3041052316082,1034290.0,233.0
NC-505,2018,72414.0838374526,1183.031027758334,1054314.0,233.0
NC-505,2019,75308.24610530725,1235.0377365690222,1074475.0,233.0
NC-505,2020,78067.39860021732,1257.0261511911392,1095170.0,305.0
NC-505,2021,81743.55793817167,1331.610423948032,1100984.0,305.0
NC-505,2022,87761.40541938653,1470.94761893235,1115403.0,305.0
NC-505,2023,93275.3249828014,1567.1486967086566,1130906.0,305.0
NC-506,2007,49338.94011520644,847.7003128849612,345814.0,89.0
NC-506,2008,49338.94011520644,847.7003128849612,345814.0,89.0
NC-506,2009,49338.94011520644,847.7003128849612,345814.0,89.0
NC-506,2010,49338.94011520644,847.7003128849612,345814.0,89.0
NC-506,2011,49860.32311833435,846.1864060412563,353304.0,89.0
NC-506,2012,50816.63228467996,887.1679224226003,360208.0,89.0
NC-506,2013,50464.543760109766,907.0905998619753,366601.0,89.0
NC-506,2014,50907.3799980178,888.2843542990922,373323.0,89.0
NC-506,2015,51233.36510866939,949.6451962771936,380788.0,89.0
NC-506,2016,52695.43485780911,970.2020683247239,388527.0,89.0
NC-506,2017,54497.175790291105,997.2264122876463,396626.0,89.0
NC-506,2018,56631.91552243063,1018.8601540292518,406676.0,89.0
NC-506,2019,60059.96573384443,1053.1063460555276,416621.0,89.0
NC-506,2020,62582.91469755747,1067.707107054144,427139.0,110.0
NC-506,2021,68083.21233745753,1129.5509602675315,415353.0,110.0
NC-506,2022,74420.32972990758,1273.4277791225345,425521.0,110.0
NC-506,2023,77575.62145647028,1293.0938111002743,436782.0,110.0
NC-507,2007,69712.73050369998,847.4776284880536,850546.0,187.0
NC-507,2008,69712.73050369998,847.4776284880536,850546.0,187.0
NC-507,2009,69712.73050369998,847.4776284880536,850546.0,187.0
NC-507,2010,69712.73050369998,847.4776284880536,850546.0,187.0
NC-507,2011,71563.70176022954,886.1226760854787,879658.0,187.0
NC-507,2012,71662.95984752195,900.9489185300357,905573.0,187.0
NC-507,2013,72037.01794312183,975.9154683420611,929214.0,187.0
NC-507,2014,72839.23798100393,983.4055125756814,952513.0,187.0
NC-507,2015,73505.7063684211,1006.0796019339788,976019.0,187.0
NC-507,2016,76287.3000312445,1059.080919228982,998576.0,187.0
NC-507,2017,79867.6312131829,1114.5054360619295,1023811.0,187.0
NC-507,2018,83267.43631504418,1139.6836869050735,1046558.0,187.0
NC-507,2019,86929.53475655214,1187.2524116552659,1069079.0,187.0
NC-507,2020,90006.46928902902,1216.8508695915036,1091662.0,230.0
NC-507,2021,96141.08771721735,1276.6568318502484,1112883.0,230.0
NC-507,2022,103918.80956768068,1423.6164200607188,1132103.0,230.0
NC-507,2023,110088.19828081275,1497.4232408260925,1151009.0,230.0
NC-509,2007,44973.48778730475,652.6071518777003,376125.0,105.0
NC-509,2008,44973.48778730475,652.6071518777003,376125.0,105.0
NC-509,2009,44973.48778730475,652.6071518777003,376125.0,105.0
NC-509,2010,44973.48778730475,652.6071518777003,376125.0,105.0
NC-509,2011,45638.94065098248,668.7262307645713,379703.0,105.0
NC-509,2012,45554.18102570945,683.751572993436,382233.0,105.0
NC-509,2013,45240.47616329679,686.5464458657159,383694.0,105.0
NC-509,2014,45258.925182652434,697.0683556604067,384884.0,105.0
NC-509,2015,45345.17667754027,694.7735297997998,386563.0,105.0
NC-509,2016,46035.29322602142,723.6749612117875,388649.0,105.0
NC-509,2017,47836.6731513237,751.4500767382294,391591.0,105.0
NC-509,2018,50529.42298164151,782.5719118893683,395185.0,105.0
NC-509,2019,53850.83013077262,799.0409615692714,399472.0,105.0
NC-509,2020,55830.875192847816,772.252185608608,404464.0,127.0
NC-509,2021,59674.90396551934,861.1389502392461,410665.0,127.0
NC-509,2022,66195.64368012064,964.8784003150574,416432.0,127.0
NC-509,2023,69334.55679432437,1005.4066097333264,422014.0,127.0
NC-511,2007,45991.86063311118,780.048984964568,312994.0,68.0
NC-511,2008,45991.86063311118,780.048984964568,312994.0,68.0
NC-511,2009,45991.86063311118,780.048984964568,312994.0,68.0
NC-511,2010,45991.86063311118,780.048984964568,312994.0,68.0
NC-511,2011,47451.45925467173,807.7764489158805,316478.0,68.0
NC-511,2012,47436.16715362526,836.5225613708745,319329.0,68.0
NC-511,2013,46856.04016669099,850.528147736412,322033.0,68.0
NC-511,2014,46576.787865507,868.8207449336733,324002.0,68.0
NC-511,2015,46579.482771262126,881.8077836618885,324603.0,68.0
NC-511,2016,46850.115491911696,899.8906061545355,325841.0,68.0
NC-511,2017,46382.248129316096,911.3719911289014,332766.0,68.0
NC-511,2018,48158.53023733386,942.7476558689093,332106.0,68.0
NC-511,2019,48785.73149152349,955.3897542818173,332861.0,68.0
NC-511,2020,51209.45652823692,976.2063593594013,334562.0,81.0
NC-511,2021,53858.10763470451,1028.482133328537,333582.0,81.0
NC-511,2022,58651.93247754373,1105.4755747940824,335207.0,81.0
NC-511,2023,62236.26882336696,1167.5140119198572,336749.0,81.0
NC-513,2007,57892.834056281936,814.8174773467529,129562.0,28.0
NC-513,2008,57892.834056281936,814.8174773467529,129562.0,28.0
NC-513,2009,57892.834056281936,814.8174773467529,129562.0,28.0
NC-513,2010,57892.834056281936,814.8174773467529,129562.0,28.0
NC-513,2011,61360.920936476155,852.0168365489625,131856.0,28.0
NC-513,2012,61613.68402036459,870.619320981203,133958.0,28.0
NC-513,2013,61647.60628266094,899.3140080995465,136057.0,28.0
NC-513,2014,61739.838222545986,938.910056456019,137275.0,28.0
NC-513,2015,62472.20212198148,938.4579714953405,138644.0,28.0
NC-513,2016,64852.02625762659,958.6649380932286,139807.0,28.0
NC-513,2017,68075.47697656052,1026.1336205680761,141812.0,28.0
NC-513,2018,69663.71077670039,1050.034658383355,142938.0,28.0
NC-513,2019,72554.3361180922,1053.7351072937668,144836.0,28.0
NC-513,2020,76364.02734465747,1087.323079656176,146354.0,42.0
NC-513,2021,81018.52725681251,1123.4440071653457,147376.0,42.0
NC-513,2022,87122.4889013768,1144.4029632878514,145919.0,42.0
NC-513,2023,88836.18662249138,1295.1467017896423,147292.0,42.0
NC-516,2007,33782.88571003117,568.1779509177111,208181.0,50.0
NC-516,2008,33782.88571003117,568.1779509177111,208181.0,50.0
NC-516,2009,33782.88571003117,568.1779509177111,208181.0,50.0
NC-516,2010,33782.88571003117,568.1779509177111,208181.0,50.0
NC-516,2011,35264.31477707616,613.9737562189055,209040.0,50.0
NC-516,2012,34834.83313146149,654.4408690344486,209704.0,50.0
NC-516,2013,35147.91323487375,663.2472320152453,209900.0,50.0
NC-516,2014,35479.051523408474,668.0410815342696,209924.0,50.0
NC-516,2015,36233.52570053374,678.6618042317956,209840.0,50.0
NC-516,2016,36767.427191077586,679.1990256586091,209988.0,50.0
NC-516,2017,38874.5280011809,685.0904246960845,210009.0,50.0
NC-516,2018,40608.40390132229,699.0886608024925,210544.0,50.0
NC-516,2019,43169.970510790175,707.622421821448,211535.0,50.0
NC-516,2020,44566.71125431292,711.1181069745767,212443.0,57.0
NC-516,2021,45703.816887187466,732.4254863021893,208975.0,57.0
NC-516,2022,49643.77409967608,811.5567577366555,209619.0,57.0
NC-516,2023,52678.60749899899,837.7608156805918,209788.0,57.0
ND-500,2007,48335.47550988243,534.454335629787,659858.0,205.0
ND-500,2008,48335.47550988243,534.454335629787,659858.0,205.0
ND-500,2009,48335.47550988243,534.454335629787,659858.0,205.0
ND-500,2010,48335.47550988243,534.454335629787,659858.0,205.0
ND-500,2011,50987.25916077645,560.0735336683749,666783.0,205.0
ND-500,2012,53197.38986888043,595.4975667390754,676253.0,205.0
ND-500,2013,56165.8573532759,612.4195940450664,689781.0,205.0
ND-500,2014,58034.670862857754,657.1140958257971,704925.0,205.0
ND-500,2015,59855.80329388615,685.690782107422,721640.0,205.0
ND-500,2016,61551.913054463555,736.3791760509235,736162.0,205.0
ND-500,2017,64020.426735973706,766.2587075354639,745475.0,205.0
ND-500,2018,65804.93747415917,824.461331479219,752201.0,205.0
ND-500,2019,67551.2832736677,824.8487783411764,756717.0,205.0
ND-500,2020,68910.13041133939,827.7459093575172,760394.0,228.0
ND-500,2021,72254.69751882732,842.0366887180867,773344.0,228.0
ND-500,2022,77298.61710521912,944.3844574538471,776874.0,228.0
ND-500,2023,80086.12196786854,961.0911785424213,779361.0,228.0
NE-500,2007,47617.543902120386,569.683591872902,880265.0,266.0
NE-500,2008,47617.543902120386,569.683591872902,880265.0,266.0
NE-500,2009,47617.543902120386,569.683591872902,880265.0,266.0
NE-500,2010,47617.543902120386,569.683591872902,880265.0,266.0
NE-500,2011,49400.59922174574,593.7907040591746,881460.0,266.0
NE-500,2012,50523.63236489255,605.4574660264725,883482.0,266.0
NE-500,2013,51225.91888816773,620.6165521912126,885925.0,266.0
NE-500,2014,52615.6675840889,638.8316633469726,887632.0,266.0
NE-500,2015,53150.00175512663,642.4856477025179,888255.0,266.0
NE-500,2016,54409.4319570808,657.9321836637621,889299.0,266.0
NE-500,2017,56619.88398089888,674.5897494382023,890000.0,266.0
NE-500,2018,58484.25694079494,706.7985339100672,890532.0,266.0
NE-500,2019,60326.038268281285,727.7793518434494,892593.0,266.0
NE-500,2020,61856.447302234505,746.1626588146092,894203.0,271.0
NE-500,2021,65530.59951792047,780.1037746627607,901511.0,271.0
NE-500,2022,70296.1087574502,847.3250614849445,902660.0,271.0
NE-500,2023,73639.32106556171,866.8099572036472,904049.0,271.0
NE-501,2007,59971.04323867176,780.0083932165949,749653.0,229.0
NE-501,2008,59971.04323867176,780.0083932165949,749653.0,229.0
NE-501,2009,59971.04323867176,780.0083932165949,749653.0,229.0
NE-501,2010,59971.04323867176,780.0083932165949,749653.0,229.0
NE-501,2011,61094.24538698053,798.0654565261151,760077.0,229.0
NE-501,2012,61206.76711310007,833.4132336202119,770477.0,229.0
NE-501,2013,61601.512671277196,868.0975759462933,780387.0,229.0
NE-501,2014,61993.54794758057,888.9714262211057,790165.0,229.0
NE-501,2015,63417.34171937105,895.1560632952528,800060.0,229.0
NE-501,2016,65297.183507209076,932.7386449189095,808911.0,229.0
NE-501,2017,68138.50253061364,957.2229396673841,818181.0,229.0
NE-501,2018,71618.57754527446,979.8950106791349,826846.0,229.0
NE-501,2019,74162.89467842852,1007.3023207645209,835242.0,229.0
NE-501,2020,75730.0159812992,988.1817930602616,843173.0,240.0
NE-501,2021,80852.93530830408,1065.2519197124554,860806.0,240.0
NE-501,2022,86879.39210654641,1161.4025486107028,867453.0,240.0
NE-501,2023,91025.21978900678,1205.598261694384,872919.0,240.0
NE-502,2007,49215.60967474975,714.5823855011831,240461.0,63.0
NE-502,2008,49215.60967474975,714.5823855011831,240461.0,63.0
NE-502,2009,49215.60967474975,714.5823855011831,240461.0,63.0
NE-502,2010,49215.60967474975,714.5823855011831,240461.0,63.0
NE-502,2011,50285.32410994054,722.5979620537366,243186.0,63.0
NE-502,2012,51010.523649351126,738.4383192468739,245271.0,63.0
NE-502,2013,50726.505827656605,748.5277920397809,247355.0,63.0
NE-502,2014,51102.60792734863,763.0192945203562,250071.0,63.0
NE-502,2015,51306.49555165407,748.2864813682362,253465.0,63.0
NE-502,2016,52272.40980238701,766.5002113089415,255550.0,63.0
NE-502,2017,54440.5638612291,809.840080000619,258498.0,63.0
NE-502,2018,56809.45893970096,857.6244281723006,260568.0,63.0
NE-502,2019,58526.130991398546,943.6530989859823,259956.0,63.0
NE-502,2020,61874.902345614384,880.5284252744376,259804.0,67.0
NE-502,2021,64460.98244023714,973.5659361254542,261450.0,67.0
NE-502,2022,70119.56590605261,1066.2517878963154,261061.0,67.0
NE-502,2023,73016.8456714451,1089.0619919244236,261034.0,67.0
NH-500,2007,64253.74361209295,939.5273069082574,914384.0,208.0
NH-500,2008,64253.74361209295,939.5273069082574,914384.0,208.0
NH-500,2009,64253.74361209295,939.5273069082574,914384.0,208.0
NH-500,2010,64253.74361209295,939.5273069082574,914384.0,208.0
NH-500,2011,65741.97126578628,979.2226090679154,915668.0,208.0
NH-500,2012,65940.46470705706,1005.8469673375362,916373.0,208.0
NH-500,2013,66161.40015744357,1008.3346635352406,917154.0,208.0
NH-500,2014,67037.43391052747,1009.246393035774,918293.0,208.0
NH-500,2015,68037.3054381029,1032.0402204233947,920229.0,208.0
NH-500,2016,69894.86370351903,1050.482598869444,922555.0,208.0
NH-500,2017,72977.15512108892,1090.298888032874,925477.0,208.0
NH-500,2018,76175.83277088795,1089.2397400633756,932535.0,208.0
NH-500,2019,78894.78369438631,1103.45324455747,935089.0,208.0
NH-500,2020,80542.02067687371,1144.3651162469055,939939.0,246.0
NH-500,2021,85699.63123285252,1192.7033312983162,951671.0,246.0
NH-500,2022,93588.94748123322,1291.933039460662,956877.0,246.0
NH-500,2023,98552.3446851943,1398.85662266302,963102.0,246.0
NH-501,2007,54097.19997996193,958.5778888979971,109791.0,30.0
NH-501,2008,54097.19997996193,958.5778888979971,109791.0,30.0
NH-501,2009,54097.19997996193,958.5778888979971,109791.0,30.0
NH-501,2010,54097.19997996193,958.5778888979971,109791.0,30.0
NH-501,2011,54186.86497594226,958.2343351315885,109736.0,30.0
NH-501,2012,54863.36012788516,973.9660248119068,109786.0,30.0
NH-501,2013,54594.41060741118,986.779820268869,109942.0,30.0
NH-501,2014,56346.86288102485,1017.5475219188661,110065.0,30.0
NH-501,2015,55828.83538982558,1020.71327141158,110139.0,30.0
NH-501,2016,56834.49474285818,1074.3387341129082,110231.0,30.0
NH-501,2017,59124.02207032486,1099.051672227195,110601.0,30.0
NH-501,2018,59896.52674709154,1118.1344743276284,111657.0,30.0
NH-501,2019,62084.12302312928,1169.23523535131,112109.0,30.0
NH-501,2020,64744.62904990173,1205.498972794621,112441.0,30.0
NH-501,2021,69604.45661989017,1257.4342194718033,114730.0,30.0
NH-501,2022,76756.38431982753,1380.036909863783,115037.0,30.0
NH-501,2023,82900.0475068232,1490.7248277953472,115415.0,30.0
NH-502,2007,81536.20849035768,1082.2457827749479,289764.0,56.0
NH-502,2008,81536.20849035768,1082.2457827749479,289764.0,56.0
NH-502,2009,81536.20849035768,1082.2457827749479,289764.0,56.0
NH-502,2010,81536.20849035768,1082.2457827749479,289764.0,56.0
NH-502,2011,82997.47001277078,1184.1534902773428,290507.0,56.0
NH-502,2012,84030.87039115734,1122.5272677342396,291315.0,56.0
NH-502,2013,83961.30361037405,1154.7781734143628,292075.0,56.0
NH-502,2014,84203.5191878679,1212.1681727027683,292711.0,56.0
NH-502,2015,85860.32931290903,1249.396939758298,293833.0,56.0
NH-502,2016,87306.6593002779,1170.3325020273687,294717.0,56.0
NH-502,2017,90384.99169625046,1251.6442844101837,295770.0,56.0
NH-502,2018,93727.58636409178,1224.9756871388972,299430.0,56.0
NH-502,2019,97317.8161906914,1239.497471139084,300926.0,56.0
NH-502,2020,98314.9577169951,1217.0699422843256,302864.0,73.0
NH-502,2021,104836.64149339055,1284.055684917619,305774.0,73.0
NH-502,2022,113566.65573813114,1388.0140788310541,307696.0,73.0
NH-502,2023,119749.32294700906,1408.1905876495634,309317.0,73.0
NJ-500,2007,55346.440860295465,910.8806773779834,267443.0,67.0
NJ-500,2008,55346.440860295465,910.8806773779834,267443.0,67.0
NJ-500,2009,55346.440860295465,910.8806773779834,267443.0,67.0
NJ-500,2010,55346.440860295465,910.8806773779834,267443.0,67.0
NJ-500,2011,57111.8913898007,1088.9436195699557,268391.0,67.0
NJ-500,2012,58094.85735121218,1109.4271389876922,268772.0,67.0
NJ-500,2013,57884.828564967895,1094.549639685058,269764.0,67.0
NJ-500,2014,57577.88260316966,1106.902275531643,269871.0,67.0
NJ-500,2015,57842.82496614396,1101.3951498915867,270262.0,67.0
NJ-500,2016,59111.55061224945,1136.597512376835,269253.0,67.0
NJ-500,2017,61865.650496252034,1139.0213738580987,268412.0,67.0
NJ-500,2018,63773.33800211517,1183.8112194807607,263809.0,67.0
NJ-500,2019,66190.97421690251,1202.9887347226154,261334.0,67.0
NJ-500,2020,67192.7000939372,1161.9464288464203,259748.0,71.0
NJ-500,2021,69402.95361190988,1229.3662947931507,268819.0,71.0
NJ-500,2022,76070.4288739301,1329.3715859783642,269184.0,71.0
NJ-500,2023,79667.9733655995,1381.2316937136588,269839.0,71.0
NJ-501,2007,89363.97504690557,1095.0691960351685,896482.0,179.0
NJ-501,2008,89363.97504690557,1095.0691960351685,896482.0,179.0
NJ-501,2009,89363.97504690557,1095.0691960351685,896482.0,179.0
NJ-501,2010,89363.97504690557,1095.0691960351685,896482.0,179.0
NJ-501,2011,91239.10350049405,1118.5046173659143,900730.0,179.0
NJ-501,2012,91808.60162266303,1073.5214125571665,906781.0,179.0
NJ-501,2013,91183.10952733089,1154.9374109192097,912795.0,179.0
NJ-501,2014,91668.31160968042,1190.923632416976,920456.0,179.0
NJ-501,2015,93581.34213185366,1489.2295046041907,926330.0,179.0
NJ-501,2016,96214.34295342413,1518.2669465017038,930310.0,179.0
NJ-501,2017,100313.14629605936,1567.858612674855,937920.0,179.0
NJ-501,2018,104577.85833855736,1584.419407977858,929999.0,179.0
NJ-501,2019,109842.47356914842,1672.85425896667,930390.0,179.0
NJ-501,2020,112073.0340855279,1586.2074295992054,931275.0,203.0
NJ-501,2021,117028.07052096636,1642.7124773998169,952979.0,203.0
NJ-501,2022,125707.7690347582,1729.6492111665127,953243.0,203.0
NJ-501,2023,130670.07661013682,1844.23601967913,954717.0,203.0
NJ-502,2007,81855.06963544493,1015.104215370394,447861.0,114.0
NJ-502,2008,81855.06963544493,1015.104215370394,447861.0,114.0
NJ-502,2009,81855.06963544493,1015.104215370394,447861.0,114.0
NJ-502,2010,81855.06963544493,1015.104215370394,447861.0,114.0
NJ-502,2011,84467.13403630926,1050.942643859003,448095.0,114.0
NJ-502,2012,83770.8943304306,1083.2931262900313,449117.0,114.0
NJ-502,2013,84631.81442959882,1038.4955685343716,449964.0,114.0
NJ-502,2014,85969.14778909487,1149.7040486054802,450155.0,114.0
NJ-502,2015,84360.37040900576,1235.6668582817674,450556.0,114.0
NJ-502,2016,86159.91678586342,1212.469304986718,450236.0,114.0
NJ-502,2017,88362.84759078523,1231.5667487399598,449192.0,114.0
NJ-502,2018,91406.42499109477,1377.8263536506954,446367.0,114.0
NJ-502,2019,94557.64361613814,1341.1155301075607,445702.0,114.0
NJ-502,2020,95623.6988825927,1410.2152739966973,446301.0,117.0
NJ-502,2021,98315.8502505966,1461.0002108228175,460102.0,117.0
NJ-502,2022,106322.7535471243,1521.4415928877804,461853.0,117.0
NJ-502,2023,112916.95681629206,1560.9252993154196,464226.0,117.0
NJ-503,2007,64528.82215760069,928.3500894064949,1051937.0,256.0
NJ-503,2008,64528.82215760069,928.3500894064949,1051937.0,256.0
NJ-503,2009,64528.82215760069,928.3500894064949,1051937.0,256.0
NJ-503,2010,64528.82215760069,928.3500894064949,1051937.0,256.0
NJ-503,2011,66040.84450653447,957.3049861246176,1054025.0,256.0
NJ-503,2012,66575.04773429522,980.2709288072915,1055698.0,256.0
NJ-503,2013,66364.59229763134,1017.9922963063913,1056636.0,256.0
NJ-503,2014,66394.75021589846,1019.5699217462776,1056052.0,256.0
NJ-503,2015,67177.13611989355,1036.7815068389289,1055136.0,256.0
NJ-503,2016,68273.8860854288,1055.6358013969527,1053579.0,256.0
NJ-503,2017,70615.49666260723,1088.6697231309222,1051869.0,256.0
NJ-503,2018,73821.24489631923,1139.1699243488144,1045324.0,256.0
NJ-503,2019,76816.1745372257,1137.3224476097785,1042895.0,256.0
NJ-503,2020,79094.45846922744,1156.450844752279,1041252.0,271.0
NJ-503,2021,83091.07789176669,1183.3322296032165,1072424.0,271.0
NJ-503,2022,88520.81515500174,1231.3422912442775,1074246.0,271.0
NJ-503,2023,93506.55938114437,1326.0935323493982,1076697.0,271.0
NJ-504,2007,65855.1210761815,1002.413464690756,780872.0,210.0
NJ-504,2008,65855.1210761815,1002.413464690756,780872.0,210.0
NJ-504,2009,65855.1210761815,1002.413464690756,780872.0,210.0
NJ-504,2010,65855.1210761815,1002.413464690756,780872.0,210.0
NJ-504,2011,66770.31372398512,1028.2337040789696,781668.0,210.0
NJ-504,2012,64929.132428812,1039.451356144111,783840.0,210.0
NJ-504,2013,68475.72375876913,1049.6922821443704,785853.0,210.0
NJ-504,2014,65435.64063798099,1060.6820847095296,789616.0,210.0
NJ-504,2015,65474.43651600727,1192.0091004523697,791609.0,210.0
NJ-504,2016,66384.50074439871,1251.3383140756964,792586.0,210.0
NJ-504,2017,68792.40119889905,1270.8468854986438,800401.0,210.0
NJ-504,2018,71934.36404786058,1263.408590456868,793555.0,210.0
NJ-504,2019,75003.40405127457,1321.9323513585548,795404.0,210.0
NJ-504,2020,77766.27129027492,1317.3503852519975,798698.0,211.0
NJ-504,2021,80645.19234801576,1327.009370015949,852720.0,211.0
NJ-504,2022,86254.86511306882,1460.0680334765295,853374.0,211.0
NJ-504,2023,84773.99881282709,1558.5369791483731,854130.0,211.0
NJ-506,2007,58379.3032197813,1017.3392753523017,622123.0,166.0
NJ-506,2008,58379.3032197813,1017.3392753523017,622123.0,166.0
NJ-506,2009,58379.3032197813,1017.3392753523017,622123.0,166.0
NJ-506,2010,58379.3032197813,1017.3392753523017,622123.0,166.0
NJ-506,2011,61341.01481064837,1059.9267609852945,627589.0,166.0
NJ-506,2012,62592.572275123624,1068.201465276315,636194.0,166.0
NJ-506,2013,62119.062853995856,1080.2553129435855,644605.0,166.0
NJ-506,2014,62817.497599552895,1087.893621407346,654878.0,166.0
NJ-506,2015,63728.16798944793,1307.749966421126,662619.0,166.0
NJ-506,2016,65544.34573524441,1348.009405767315,668526.0,166.0
NJ-506,2017,67869.39405168913,1384.346066823978,679756.0,166.0
NJ-506,2018,72226.10906314544,1442.4790011231905,668631.0,166.0
NJ-506,2019,75471.96845888192,1482.8250344006233,670046.0,166.0
NJ-506,2020,79972.20179097903,1557.6484731137348,671923.0,183.0
NJ-506,2021,86883.06167702281,1586.7461416810606,713264.0,183.0
NJ-506,2022,95000.19013130083,1706.0254568283033,712029.0,183.0
NJ-506,2023,96170.74836377763,1738.55554851804,710478.0,183.0
NJ-507,2007,80760.01691113331,1132.28984380672,798882.0,175.0
NJ-507,2008,80760.01691113331,1132.28984380672,798882.0,175.0
NJ-507,2009,80760.01691113331,1132.28984380672,798882.0,175.0
NJ-507,2010,80760.01691113331,1132.28984380672,798882.0,175.0
NJ-507,2011,82146.07867845167,1180.9570744213283,804299.0,175.0
NJ-507,2012,83113.01145285698,1212.005597585394,811064.0,175.0
NJ-507,2013,82820.17798454395,1201.0131219814302,817026.0,175.0
NJ-507,2014,83204.09813529828,1246.2034316045463,824046.0,175.0
NJ-507,2015,83364.72018065759,1299.434350234855,830300.0,175.0
NJ-507,2016,84863.76460355929,1372.1089075941393,831852.0,175.0
NJ-507,2017,87480.61215137444,1397.7149379902733,837288.0,175.0
NJ-507,2018,90902.499793153,1423.087805946065,826698.0,175.0
NJ-507,2019,93898.48169193142,1474.1009068674932,825920.0,175.0
NJ-507,2020,96110.2754143864,1445.4366611516155,825015.0,192.0
NJ-507,2021,101065.68152008105,1470.644292418226,858770.0,192.0
NJ-507,2022,109868.42848024814,1578.0360868549212,860147.0,192.0
NJ-507,2023,114885.18311734288,1666.910684998288,861535.0,192.0
NJ-508,2007,90108.68647548831,960.0970365760245,626640.0,142.0
NJ-508,2008,90108.68647548831,960.0970365760245,626640.0,142.0
NJ-508,2009,90108.68647548831,960.0970365760245,626640.0,142.0
NJ-508,2010,90108.68647548831,960.0970365760245,626640.0,142.0
NJ-508,2011,92003.20924643234,1013.7382036905403,627442.0,142.0
NJ-508,2012,92583.11243401835,1016.5148831045544,627826.0,142.0
NJ-508,2013,93281.11843158728,1053.1556554445422,628253.0,142.0
NJ-508,2014,93612.5886298963,1077.4399378035816,628332.0,142.0
NJ-508,2015,92928.97898142337,1379.3177970556471,627778.0,142.0
NJ-508,2016,95756.06521457921,1398.1516068089156,626179.0,142.0
NJ-508,2017,98593.2136302012,1440.0270828309863,626227.0,142.0
NJ-508,2018,102227.03367562014,1440.4280626952393,621993.0,142.0
NJ-508,2019,106526.44871168632,1502.96981494647,620307.0,142.0
NJ-508,2020,112727.58907760252,1369.5562342215535,619516.0,153.0
NJ-508,2021,119242.59858074326,1451.4511884636217,640617.0,153.0
NJ-508,2022,128375.58025751876,1488.9115350257005,641429.0,153.0
NJ-508,2023,129565.7913447953,1553.219942705729,641949.0,153.0
NJ-509,2007,102716.24337142285,1198.652835481441,489811.0,100.0
NJ-509,2008,102716.24337142285,1198.652835481441,489811.0,100.0
NJ-509,2009,102716.24337142285,1198.652835481441,489811.0,100.0
NJ-509,2010,102716.24337142285,1198.652835481441,489811.0,100.0
NJ-509,2011,104460.71797470828,1134.9802567437468,491307.0,100.0
NJ-509,2012,105290.28642557227,1168.5379413624278,493472.0,100.0
NJ-509,2013,105895.93887869225,1205.3040497838513,495261.0,100.0
NJ-509,2014,106480.49089222957,1138.8498580777023,497103.0,100.0
NJ-509,2015,107543.2601767993,1471.751118042843,498192.0,100.0
NJ-509,2016,110417.20327569424,1511.0685447045953,498215.0,100.0
NJ-509,2017,115327.7968375073,1536.753649916708,498847.0,100.0
NJ-509,2018,118836.61326542377,1604.2866542741153,494383.0,100.0
NJ-509,2019,122277.25016062702,1726.3131325005727,493379.0,100.0
NJ-509,2020,127456.44489207758,1654.4557441928905,492715.0,110.0
NJ-509,2021,132057.35677598175,1662.9496584026265,508347.0,110.0
NJ-509,2022,139844.39129665733,1738.4509429734915,508816.0,110.0
NJ-509,2023,138697.02353955424,1842.1717541023756,510375.0,110.0
NJ-510,2007,63611.98130777923,1208.0215074428993,561945.0,122.0
NJ-510,2008,63611.98130777923,1208.0215074428993,561945.0,122.0
NJ-510,2009,63611.98130777923,1208.0215074428993,561945.0,122.0
NJ-510,2010,63611.98130777923,1208.0215074428993,561945.0,122.0
NJ-510,2011,64866.63725091572,1290.3779769901992,565672.0,122.0
NJ-510,2012,65332.597713697076,1284.9848523202302,568866.0,122.0
NJ-510,2013,65582.01916721283,1306.5268912483068,572175.0,122.0
NJ-510,2014,66388.45859288223,1295.2195635748285,574394.0,122.0
NJ-510,2015,66337.43456551083,1368.921178462745,576378.0,122.0
NJ-510,2016,67702.9489824462,1317.8248799068954,579134.0,122.0
NJ-510,2017,70074.8467253224,1331.1420159358722,582836.0,122.0
NJ-510,2018,72495.92196004157,1414.3373270109128,585008.0,122.0
NJ-510,2019,74846.03835677773,1442.98257358104,589622.0,122.0
NJ-510,2020,76623.64310918102,1413.5324049589672,599399.0,141.0
NJ-510,2021,80286.52246520937,1470.2784953445303,627971.0,141.0
NJ-510,2022,86852.93530975287,1548.240112665967,636572.0,141.0
NJ-510,2023,91047.14303034442,1628.1334723233426,644171.0,141.0
NJ-511,2007,61700.574781742995,1089.4603348622743,496204.0,100.0
NJ-511,2008,61700.574781742995,1089.4603348622743,496204.0,100.0
NJ-511,2009,61700.574781742995,1089.4603348622743,496204.0,100.0
NJ-511,2010,61700.574781742995,1089.4603348622743,496204.0,100.0
NJ-511,2011,62532.9260595692,1161.6701485314522,498009.0,100.0
NJ-511,2012,63269.0126297564,1135.3642935973512,500168.0,100.0
NJ-511,2013,63166.02345412386,1160.0709132272987,502854.0,100.0
NJ-511,2014,64727.95967970115,1184.604236619094,505403.0,100.0
NJ-511,2015,64138.48569863704,1259.6266613341108,507574.0,100.0
NJ-511,2016,66707.6995350983,1289.978580610563,507204.0,100.0
NJ-511,2017,68147.33783685853,1320.1136431742998,510563.0,100.0
NJ-511,2018,71266.73724359725,1346.663876549725,504041.0,100.0
NJ-511,2019,73590.47190337486,1366.6653125167531,503637.0,100.0
NJ-511,2020,77580.67467574184,1327.436418352186,502763.0,120.0
NJ-511,2021,82335.1381473016,1370.1893576066034,521067.0,120.0
NJ-511,2022,90362.58973895451,1529.4923901797356,519986.0,120.0
NJ-511,2023,93447.14449081497,1589.8743924721537,518289.0,120.0
NJ-512,2007,60685.5096844594,922.980691703798,65982.0,24.0
NJ-512,2008,60685.5096844594,922.980691703798,65982.0,24.0
NJ-512,2009,60685.5096844594,922.980691703798,65982.0,24.0
NJ-512,2010,60685.5096844594,922.980691703798,65982.0,24.0
NJ-512,2011,59320.7975721387,1009.072805528613,65984.0,24.0
NJ-512,2012,60525.670141045644,1038.811868438196,66007.0,24.0
NJ-512,2013,60880.88355488036,1052.8503759969617,65825.0,24.0
NJ-512,2014,61209.6629669776,1110.5707699119098,65501.0,24.0
NJ-512,2015,62604.99929361179,1044.5983108108107,65120.0,24.0
NJ-512,2016,63141.21811050478,1007.7279548555128,64504.0,24.0
NJ-512,2017,65919.80732563973,978.3381993226292,63776.0,24.0
NJ-512,2018,67130.71374889478,1067.13568902362,63336.0,24.0
NJ-512,2019,69115.17464676933,1081.9412605175426,62990.0,24.0
NJ-512,2020,69557.46570736526,1032.0222455939063,62754.0,24.0
NJ-512,2021,73422.43926056338,1071.3636335557203,64752.0,24.0
NJ-512,2022,78191.36583898828,1088.6758636644047,64840.0,24.0
NJ-512,2023,83641.77733827897,1145.3065273267357,64973.0,24.0
NJ-513,2007,104664.4832580234,1103.3378644546528,319347.0,68.0
NJ-513,2008,104664.4832580234,1103.3378644546528,319347.0,68.0
NJ-513,2009,104664.4832580234,1103.3378644546528,319347.0,68.0
NJ-513,2010,104664.4832580234,1103.3378644546528,319347.0,68.0
NJ-513,2011,107040.47195490875,1127.1412027239,321304.0,68.0
NJ-513,2012,107718.49671867759,1114.7796817549822,323650.0,68.0
NJ-513,2013,107987.09690779168,1026.052684338472,326207.0,68.0
NJ-513,2014,109475.56087543808,1062.039543175623,328704.0,68.0
NJ-513,2015,110480.39856444568,1495.4610591523394,330604.0,68.0
NJ-513,2016,113387.84116905749,1573.6682645634726,331686.0,68.0
NJ-513,2017,118204.64509354487,1683.86392192394,333316.0,68.0
NJ-513,2018,123685.25630875654,1725.659112109905,330176.0,68.0
NJ-513,2019,126425.7660457558,1719.3646153566297,329838.0,68.0
NJ-513,2020,130293.28265248326,1641.5816702054515,330151.0,74.0
NJ-513,2021,130494.30765518243,1680.0554993458352,343950.0,74.0
NJ-513,2022,138301.29744505446,1820.8870101861569,344978.0,74.0
NJ-513,2023,142358.09416440644,1808.410585696831,346203.0,74.0
NJ-514,2007,79817.0198301527,1081.3750469892577,364445.0,77.0
NJ-514,2008,79817.0198301527,1081.3750469892577,364445.0,77.0
NJ-514,2009,79817.0198301527,1081.3750469892577,364445.0,77.0
NJ-514,2010,79817.0198301527,1081.3750469892577,364445.0,77.0
NJ-514,2011,83110.40928177643,1133.6119298802687,365318.0,77.0
NJ-514,2012,83935.45779141037,1140.2202776974254,366442.0,77.0
NJ-514,2013,83681.77735578411,1195.7478904844959,368094.0,77.0
NJ-514,2014,84693.03966973907,1191.4363508927654,369526.0,77.0
NJ-514,2015,83716.1795916934,1255.3876616641276,370212.0,77.0
NJ-514,2016,85277.60875610683,1270.4288266536603,371101.0,77.0
NJ-514,2017,88443.02791928477,1321.733569565194,373362.0,77.0
NJ-514,2018,91706.76313448783,1346.622393305167,368762.0,77.0
NJ-514,2019,93338.23816461097,1392.042922141106,367922.0,77.0
NJ-514,2020,93046.13600934566,1395.7969545077904,368085.0,84.0
NJ-514,2021,94224.85776371538,1433.0793451634104,384951.0,84.0
NJ-514,2022,106070.71199170254,1553.1273909916297,383732.0,84.0
NJ-514,2023,110659.61858246845,1540.6708828394462,383286.0,84.0
NJ-515,2007,76039.93102972918,1146.1945511918677,529547.0,108.0
NJ-515,2008,76039.93102972918,1146.1945511918677,529547.0,108.0
NJ-515,2009,76039.93102972918,1146.1945511918677,529547.0,108.0
NJ-515,2010,76039.93102972918,1146.1945511918677,529547.0,108.0
NJ-515,2011,77726.73034197507,1178.2641807137034,532378.0,108.0
NJ-515,2012,78367.78619754914,1146.2143617527029,536383.0,108.0
NJ-515,2013,78902.7314232437,1211.4876981249352,540568.0,108.0
NJ-515,2014,79253.69665796096,1206.0053169636635,545236.0,108.0
NJ-515,2015,78835.66497127987,1249.8255379557681,548744.0,108.0
NJ-515,2016,80604.01252280011,1290.3587828557725,550436.0,108.0
NJ-515,2017,84076.00555156822,1303.3780341634967,557320.0,108.0
NJ-515,2018,87774.66797633555,1368.1513960359162,553066.0,108.0
NJ-515,2019,86517.4381598208,1433.6383608918602,554033.0,108.0
NJ-515,2020,91533.59747157822,1409.7779210674198,555208.0,120.0
NJ-515,2021,95933.92858803803,1486.7338324332168,571963.0,120.0
NJ-515,2022,98878.04864363138,1555.785422992279,572079.0,120.0
NJ-515,2023,98892.21446024707,1668.7498519777346,572549.0,120.0
NJ-516,2007,88657.37712809342,1054.1876284083048,387436.0,90.0
NJ-516,2008,88657.37712809342,1054.1876284083048,387436.0,90.0
NJ-516,2009,88657.37712809342,1054.1876284083048,387436.0,90.0
NJ-516,2010,88657.37712809342,1054.1876284083048,387436.0,90.0
NJ-516,2011,91333.30947868647,1138.2831893643042,386773.0,90.0
NJ-516,2012,92034.03472600572,1171.363918681216,385446.0,90.0
NJ-516,2013,91946.08310168328,1202.87019505587,383121.0,90.0
NJ-516,2014,92466.59709173316,1240.7232320370983,381258.0,90.0
NJ-516,2015,91202.88283527408,1263.760312172185,379406.0,90.0
NJ-516,2016,94325.45942086956,1235.1423534491664,377497.0,90.0
NJ-516,2017,96313.63347725008,1255.8005871803387,376375.0,90.0
NJ-516,2018,98483.57754481562,1248.5271516585394,373642.0,90.0
NJ-516,2019,101644.90698824187,1311.4335004621569,372168.0,90.0
NJ-516,2020,104154.78944239877,1275.3946862333205,371789.0,95.0
NJ-516,2021,108889.9050027048,1393.904399024704,382653.0,95.0
NJ-516,2022,118344.20058074371,1514.6817587046392,383646.0,95.0
NJ-516,2023,122988.7906123393,1550.7304205008797,384803.0,95.0
NM-500,2007,49228.774272209645,800.3615745388189,492106.0,117.0
NM-500,2008,49228.774272209645,800.3615745388189,492106.0,117.0
NM-500,2009,49228.774272209645,800.3615745388189,492106.0,117.0
NM-500,2010,49228.774272209645,800.3615745388189,492106.0,117.0
NM-500,2011,50377.9208294176,835.3822432671197,496927.0,117.0
NM-500,2012,49738.57967983155,853.7890803263332,499612.0,117.0
NM-500,2013,50148.0627227921,887.6565522190986,504394.0,117.0
NM-500,2014,49315.98886974983,900.8177054045149,506817.0,117.0
NM-500,2015,48288.64427966855,898.1252474601989,506142.0,117.0
NM-500,2016,49787.16402631594,913.4096786744853,506309.0,117.0
NM-500,2017,51525.6299872076,931.8733117292677,505769.0,117.0
NM-500,2018,52802.34341471907,954.3805615952423,505453.0,117.0
NM-500,2019,54659.79962975796,979.1293986041677,505075.0,117.0
NM-500,2020,57161.28252685775,1023.1218107027794,515866.0,133.0
NM-500,2021,60183.93105677586,1070.9910438458621,516628.0,133.0
NM-500,2022,65352.35480347865,1177.9145906232875,516407.0,133.0
NM-500,2023,69568.47858329045,1246.947321090404,514855.0,133.0
NM-501,2007,45757.68386854576,700.673045516944,1521016.0,382.0
NM-501,2008,45757.68386854576,700.673045516944,1521016.0,382.0
NM-501,2009,45757.68386854576,700.673045516944,1521016.0,382.0
NM-501,2010,45757.68386854576,700.673045516944,1521016.0,382.0
NM-501,2011,46960.326277797365,735.7469291505244,1540209.0,382.0
NM-501,2012,47445.67169620904,768.3060549279252,1555675.0,382.0
NM-501,2013,47114.664646409154,771.6586923245973,1565312.0,382.0
NM-501,2014,47299.30841534945,797.7280031119936,1573268.0,382.0
NM-501,2015,47560.808049557185,801.0077624803941,1577975.0,382.0
NM-501,2016,47897.46648100688,820.0895391915552,1576360.0,382.0
NM-501,2017,48854.80031525104,836.7340422365472,1579059.0,382.0
NM-501,2018,49287.38004298728,848.4601743814198,1586981.0,382.0
NM-501,2019,52027.867800947344,864.7934796919955,1587379.0,382.0
NM-501,2020,53222.588101103305,839.8072288928031,1581155.0,479.0
NM-501,2021,55943.03848718371,868.6639648203283,1592738.0,479.0
NM-501,2022,61275.431246773296,938.0969088803902,1596056.0,479.0
NM-501,2023,64515.75041767896,952.965791889934,1599913.0,479.0
NV-500,2007,59885.10092053847,1142.5329816973804,1895521.0,487.0
NV-500,2008,59885.10092053847,1142.5329816973804,1895521.0,487.0
NV-500,2009,59885.10092053847,1142.5329816973804,1895521.0,487.0
NV-500,2010,59885.10092053847,1142.5329816973804,1895521.0,487.0
NV-500,2011,59564.912770033625,1170.3287824150527,1928695.0,487.0
NV-500,2012,57672.82646885342,1154.833300848743,1954773.0,487.0
NV-500,2013,56345.171134463875,1134.24770084854,1976925.0,487.0
NV-500,2014,55855.23387899759,1109.46818023241,2003613.0,487.0
NV-500,2015,55335.94311083076,1140.862644504837,2035572.0,487.0
NV-500,2016,56585.52880535883,1154.4692513065459,2070153.0,487.0
NV-500,2017,58894.68693394735,1183.3819647080431,2112436.0,487.0
NV-500,2018,61295.62908636358,1221.1984843857836,2141574.0,487.0
NV-500,2019,64146.11584809194,1263.8208692559683,2182004.0,487.0
NV-500,2020,66051.9668118227,1308.2424223798112,2228866.0,535.0
NV-500,2021,69810.96416372387,1392.6263666177083,2231147.0,535.0
NV-500,2022,76084.31944511869,1545.3551784127108,2265926.0,535.0
NV-500,2023,79847.58416341,1652.7549399153531,2293764.0,535.0
NV-501,2007,61575.18338646075,1076.9292275048201,412844.0,112.0
NV-501,2008,61575.18338646075,1076.9292275048201,412844.0,112.0
NV-501,2009,61575.18338646075,1076.9292275048201,412844.0,112.0
NV-501,2010,61575.18338646075,1076.9292275048201,412844.0,112.0
NV-501,2011,61972.105732849916,1055.9280994603391,417855.0,112.0
NV-501,2012,60049.15374043269,1020.4991801142153,422010.0,112.0
NV-501,2013,59641.81337971069,1078.3336302424236,425495.0,112.0
NV-501,2014,58870.56670581532,1103.7406770003604,429985.0,112.0
NV-501,2015,59213.9816444799,1127.366995464566,435019.0,112.0
NV-501,2016,60808.093302327274,1145.4694758520984,439914.0,112.0
NV-501,2017,63953.522431775484,1181.4348233984438,445551.0,112.0
NV-501,2018,66546.43305674316,1218.8716053329072,450486.0,112.0
NV-501,2019,71333.09156205683,1275.1841527040986,456936.0,112.0
NV-501,2020,75461.60441163165,1340.1834194346184,464182.0,139.0
NV-501,2021,81969.82526815603,1446.9743412303703,479758.0,139.0
NV-501,2022,89925.79200655881,1624.7233199225766,486674.0,139.0
NV-501,2023,94141.2274152551,1713.581434410395,491770.0,139.0
NV-502,2007,55173.44789608759,864.9722894087381,324966.0,88.0
NV-502,2008,55173.44789608759,864.9722894087381,324966.0,88.0
NV-502,2009,55173.44789608759,864.9722894087381,324966.0,88.0
NV-502,2010,55173.44789608759,864.9722894087381,324966.0,88.0
NV-502,2011,54994.87930707428,906.1772914461245,326846.0,88.0
NV-502,2012,55147.538908622235,886.8423833535418,327421.0,88.0
NV-502,2013,54779.26840248317,899.466244056085,327646.0,88.0
NV-502,2014,56363.055602983055,897.4508241205417,327986.0,88.0
NV-502,2015,56281.97180874575,886.1517535703944,328045.0,88.0
NV-502,2016,57049.64169186126,891.7733732395436,329105.0,88.0
NV-502,2017,58660.324812426836,904.6632477906702,329738.0,88.0
NV-502,2018,61247.233928576825,913.6538851050066,330789.0,88.0
NV-502,2019,62517.939731647486,945.0617858578104,333442.0,88.0
NV-502,2020,63372.42982744868,971.7793424724152,337233.0,105.0
NV-502,2021,67403.60458526755,1058.300049090956,348333.0,105.0
NV-502,2022,73956.3786671285,1168.4299253017316,352217.0,105.0
NV-502,2023,76365.67163948169,1190.6167087710216,355466.0,105.0
NY-500,2007,55218.80052045533,784.5466615583441,741274.0,192.0
NY-500,2008,55218.80052045533,784.5466615583441,741274.0,192.0
NY-500,2009,55218.80052045533,784.5466615583441,741274.0,192.0
NY-500,2010,55218.80052045533,784.5466615583441,741274.0,192.0
NY-500,2011,56480.127498879214,810.3264116168517,742783.0,192.0
NY-500,2012,56919.64314947647,811.178897234762,744746.0,192.0
NY-500,2013,57093.25460117769,815.4881735668705,746548.0,192.0
NY-500,2014,57102.80852212877,799.1056938065117,748076.0,192.0
NY-500,2015,57200.27468119292,859.3017577760104,749356.0,192.0
NY-500,2016,58373.5884434277,837.5871821428763,749236.0,192.0
NY-500,2017,60220.74390928033,885.6347504942031,748680.0,192.0
NY-500,2018,62632.78275924154,933.2205635755823,744248.0,192.0
NY-500,2019,64891.7707377906,935.5561565956943,743341.0,192.0
NY-500,2020,67787.87917920451,944.4907641666352,743084.0,210.0
NY-500,2021,71182.14909973434,985.7113775728478,757332.0,210.0
NY-500,2022,77123.84396871521,1054.8175516852061,756406.0,210.0
NY-500,2023,81166.08904634595,1120.2112064163975,754068.0,210.0
NY-501,2007,45087.27978998203,645.8963543226515,320544.0,85.0
NY-501,2008,45087.27978998203,645.8963543226515,320544.0,85.0
NY-501,2009,45087.27978998203,645.8963543226515,320544.0,85.0
NY-501,2010,45087.27978998203,645.8963543226515,320544.0,85.0
NY-501,2011,46398.593644284665,663.6328065510742,320436.0,85.0
NY-501,2012,47841.393780733386,678.824230787243,320295.0,85.0
NY-501,2013,48096.134027578104,684.1503950444425,319964.0,85.0
NY-501,2014,48200.58161974257,691.052607184241,319310.0,85.0
NY-501,2015,47985.40458120818,702.5256353448791,318213.0,85.0
NY-501,2016,48994.7256903311,709.1137225913044,316551.0,85.0
NY-501,2017,50031.45055948484,730.0796705132243,314307.0,85.0
NY-501,2018,52098.32471733779,748.9978208613214,311591.0,85.0
NY-501,2019,53800.535868905,768.8516974889828,309516.0,85.0
NY-501,2020,55716.67128609778,772.6563344993085,307325.0,95.0
NY-501,2021,59295.34288361555,819.9783064209851,305436.0,95.0
NY-501,2022,63310.087336675155,887.926925795053,304225.0,95.0
NY-501,2023,66129.00676697452,903.310185537536,302203.0,95.0
NY-503,2007,60893.42001828755,889.9989080096832,304032.0,75.0
NY-503,2008,60893.42001828755,889.9989080096832,304032.0,75.0
NY-503,2009,60893.42001828755,889.9989080096832,304032.0,75.0
NY-503,2010,60893.42001828755,889.9989080096832,304032.0,75.0
NY-503,2011,61729.480317939706,887.219646199956,303957.0,75.0
NY-503,2012,62862.12808732689,938.5311072506412,304511.0,75.0
NY-503,2013,62641.01704015016,952.6348749832121,305279.0,75.0
NY-503,2014,62945.79176412173,968.2930642484745,306124.0,75.0
NY-503,2015,62707.9018776243,959.2515749862586,307463.0,75.0
NY-503,2016,64072.20701806808,978.4743009701485,307891.0,75.0
NY-503,2017,66424.81456348435,1012.9752900382397,308580.0,75.0
NY-503,2018,68884.83709250356,1037.065869510061,307426.0,75.0
NY-503,2019,70550.84306507518,1061.2271767741263,306968.0,75.0
NY-503,2020,73491.53260823412,1057.6130387209512,306165.0,85.0
NY-503,2021,78266.78365572536,1116.2496512318903,314679.0,85.0
NY-503,2022,85767.1798718262,1246.4847496040197,315041.0,85.0
NY-503,2023,89184.47964004643,1340.891373416959,315374.0,85.0
NY-504,2007,42839.31870852729,586.6214841041893,80776.0,21.0
NY-504,2008,42839.31870852729,586.6214841041893,80776.0,21.0
NY-504,2009,42839.31870852729,586.6214841041893,80776.0,21.0
NY-504,2010,42839.31870852729,586.6214841041893,80776.0,21.0
NY-504,2011,43178.115373145454,599.642486145282,80478.0,21.0
NY-504,2012,43796.65542748796,618.7710874934511,80166.0,21.0
NY-504,2013,43260.151326268264,619.3977425221045,79735.0,21.0
NY-504,2014,44199.53309318992,623.3221910147738,79397.0,21.0
NY-504,2015,43538.26498822218,635.6998936197158,78962.0,21.0
NY-504,2016,44778.8271851833,629.928706086159,78506.0,21.0
NY-504,2017,45957.06605692357,626.3195778701631,78175.0,21.0
NY-504,2018,47571.50545786886,645.6527302216616,77686.0,21.0
NY-504,2019,49150.61364608861,652.227707109607,77121.0,21.0
NY-505,2007,52176.61605000337,712.8266914782661,666355.0,188.0
NY-505,2008,52176.61605000337,712.8266914782661,666355.0,188.0
NY-505,2009,52176.61605000337,712.8266914782661,666355.0,188.0
NY-505,2010,52176.61605000337,712.8266914782661,666355.0,188.0
NY-505,2011,53994.34511808983,745.1924277457514,667331.0,188.0
NY-505,2012,55014.17892791404,764.0735285754905,668230.0,188.0
NY-505,2013,55259.233682633385,769.7182482363039,668766.0,188.0
NY-505,2014,55804.21498955135,776.7330482252245,668986.0,188.0
NY-505,2015,56486.410842580684,789.6888927107947,668660.0,188.0
NY-505,2016,57496.37217425444,805.0145726504692,667346.0,188.0
NY-505,2017,59195.262654677455,837.8054492123258,665821.0,188.0
NY-505,2018,61194.73186744382,868.3814377795993,661214.0,188.0
NY-505,2019,63332.818544689326,880.7998773222236,658636.0,188.0
NY-505,2020,65022.63595147056,853.7172052138212,656179.0,210.0
NY-505,2021,68245.54691132614,882.0194132834491,669284.0,210.0
NY-505,2022,73751.61185732817,974.5241757829781,666845.0,210.0
NY-505,2023,76867.29561366576,1046.2871627920965,665020.0,210.0
NY-507,2007,59155.06407077798,805.7467507894668,153268.0,43.0
NY-507,2008,59155.06407077798,805.7467507894668,153268.0,43.0
NY-507,2009,59155.06407077798,805.7467507894668,153268.0,43.0
NY-507,2010,59155.06407077798,805.7467507894668,153268.0,43.0
NY-507,2011,58566.573280930264,835.7886250690226,153935.0,43.0
NY-507,2012,59538.13922805018,866.5065904470887,154466.0,43.0
NY-507,2013,59812.20593459543,866.7649349894394,154821.0,43.0
NY-507,2014,60757.861848973436,890.0458892368764,155178.0,43.0
NY-507,2015,62263.726633763144,892.0490774955425,154796.0,43.0
NY-507,2016,63847.752216732864,904.0186767412574,154845.0,43.0
NY-507,2017,66251.59730480099,957.1582720836903,155239.0,43.0
NY-507,2018,68202.75679060968,1000.6440216163169,154883.0,43.0
NY-507,2019,70367.4736308513,1015.6426297470603,154859.0,43.0
NY-507,2020,72490.91034006939,978.4207407502934,155086.0,45.0
NY-507,2021,75954.00940862775,1077.8175221407485,157515.0,45.0
NY-507,2022,81689.08391503133,1049.5499633106926,159447.0,45.0
NY-507,2023,83031.99657901167,1109.3228448086816,159603.0,45.0
NY-508,2007,50698.14409309969,688.3234189875845,1282754.0,333.0
NY-508,2008,50698.14409309969,688.3234189875845,1282754.0,333.0
NY-508,2009,50698.14409309969,688.3234189875845,1282754.0,333.0
NY-508,2010,50698.14409309969,688.3234189875845,1282754.0,333.0
NY-508,2011,51709.62269877825,721.4288691986417,1280950.0,333.0
NY-508,2012,52696.171920905275,730.2247085100236,1280490.0,333.0
NY-508,2013,53176.430373067175,735.6017216079703,1279153.0,333.0
NY-508,2014,53888.75425621708,737.9433601137908,1279540.0,333.0
NY-508,2015,54367.12585213811,753.1564399667825,1278842.0,333.0
NY-508,2016,55689.88144158443,770.23873688791,1277733.0,333.0
NY-508,2017,57253.5022983117,779.6671936647525,1277677.0,333.0
NY-508,2018,59552.15611496419,808.4889855610489,1271422.0,333.0
NY-508,2019,61230.42756887847,831.9493890601265,1269192.0,333.0
NY-508,2020,62886.11236775216,832.1019299681271,1267223.0,368.0
NY-508,2021,66318.11107706557,870.7206969559438,1302177.0,368.0
NY-508,2022,71745.93779220858,946.0303182731355,1302152.0,368.0
NY-508,2023,74995.4613354642,981.9617280757263,1298994.0,368.0
NY-510,2007,52366.81286526458,801.1238917822924,100612.0,23.0
NY-510,2008,52366.81286526458,801.1238917822924,100612.0,23.0
NY-510,2009,52366.81286526458,801.1238917822924,100612.0,23.0
NY-510,2010,52366.81286526458,801.1238917822924,100612.0,23.0
NY-510,2011,53602.83955737235,836.3855275009155,101033.0,23.0
NY-510,2012,54653.725539037114,878.3520133897805,101570.0,23.0
NY-510,2013,52453.50261073629,910.9998924415762,102270.0,23.0
NY-510,2014,52991.03979491951,918.3008848699832,103179.0,23.0
NY-510,2015,48970.92470271051,1003.5434403735978,103855.0,23.0
NY-510,2016,52050.411382207385,1017.5740591552537,104268.0,23.0
NY-510,2017,55797.43876837619,1008.0307139778768,104415.0,23.0
NY-510,2018,58683.945504166586,1063.183164662691,102962.0,23.0
NY-510,2019,58775.98675980593,1107.7558212037957,102642.0,23.0
NY-510,2020,57832.90168921232,1096.0942222483054,102237.0,26.0
NY-510,2021,57603.48813873796,1183.89785872508,105638.0,26.0
NY-510,2022,70475.50450977524,1261.4899029788894,102555.0,26.0
NY-510,2023,70668.88419405321,1290.1185081503513,102879.0,26.0
NY-511,2007,46945.369243282665,638.441212767151,463502.0,120.0
NY-511,2008,46945.369243282665,638.441212767151,463502.0,120.0
NY-511,2009,46945.369243282665,638.441212767151,463502.0,120.0
NY-511,2010,46945.369243282665,638.441212767151,463502.0,120.0
NY-511,2011,47917.140068724955,659.9513692009265,462423.0,120.0
NY-511,2012,48182.04498455317,676.2354122915112,460936.0,120.0
NY-511,2013,48407.087096050316,687.9318713112665,458999.0,120.0
NY-511,2014,48887.01496629577,700.6897133773978,457361.0,120.0
NY-511,2015,49118.51940314247,704.8140707933495,455184.0,120.0
NY-511,2016,50478.444398525484,705.8610371987766,452488.0,120.0
NY-511,2017,51689.00219480326,726.9233978047515,449243.0,120.0
NY-511,2018,53202.86619964817,762.3041214906298,445664.0,120.0
NY-511,2019,54447.23466443749,773.1740248297052,442615.0,120.0
NY-511,2020,56104.069920229515,769.0843330218897,439887.0,137.0
NY-511,2021,58784.80904424401,815.8462837951679,445145.0,137.0
NY-511,2022,63238.959157066594,880.1511593144141,444875.0,137.0
NY-511,2023,65256.80382158707,912.1383898253459,443219.0,137.0
NY-512,2007,56299.637922447975,818.7911037704329,158629.0,42.0
NY-512,2008,56299.637922447975,818.7911037704329,158629.0,42.0
NY-512,2009,56299.637922447975,818.7911037704329,158629.0,42.0
NY-512,2010,56299.637922447975,818.7911037704329,158629.0,42.0
NY-512,2011,58516.51590979107,823.7697874293475,159053.0,42.0
NY-512,2012,61227.30639517383,854.2905169818894,159464.0,42.0
NY-512,2013,61841.27925923605,865.9270516717326,159565.0,42.0
NY-512,2014,62121.45352130326,896.4620551378446,159600.0,42.0
NY-512,2015,63197.078780487805,890.3151657285804,159900.0,42.0
NY-512,2016,64140.366894016595,903.3237204533661,159959.0,42.0
NY-512,2017,64953.3063767209,919.3146495619525,159800.0,42.0
NY-512,2018,66993.87893822406,951.0329546951345,159431.0,42.0
NY-512,2019,70263.93842384647,996.7110406131231,159185.0,42.0
NY-512,2020,73994.0411790231,1011.667693836353,159013.0,48.0
NY-512,2021,78259.8915810706,1093.0744391000776,161125.0,48.0
NY-512,2022,85705.94342717608,1165.14820775057,160943.0,48.0
NY-512,2023,89868.73169682115,1185.3732981583,160341.0,48.0
NY-513,2007,53613.179612377215,696.162123672321,260511.0,62.0
NY-513,2008,53613.179612377215,696.162123672321,260511.0,62.0
NY-513,2009,53613.179612377215,696.162123672321,260511.0,62.0
NY-513,2010,53613.179612377215,696.162123672321,260511.0,62.0
NY-513,2011,54576.279751746726,726.2184154339458,261346.0,62.0
NY-513,2012,54635.78105941702,747.2742905587315,261861.0,62.0
NY-513,2013,54786.597973965145,754.1913519739728,262187.0,62.0
NY-513,2014,54700.88330443068,767.4323696998571,262375.0,62.0
NY-513,2015,55067.955046785704,788.1489392568499,261939.0,62.0
NY-513,2016,55490.60076262306,790.336663275531,261466.0,62.0
NY-513,2017,58225.68114575307,815.3458803414871,260859.0,62.0
NY-513,2018,60300.237946674155,844.71432088602,259949.0,62.0
NY-513,2019,62562.92799626876,834.4011933808989,259431.0,62.0
NY-513,2020,65052.32797613765,838.6546325915579,259153.0,84.0
NY-513,2021,69875.62985501716,875.434643265929,262100.0,84.0
NY-513,2022,76052.81073838825,966.99581259352,261976.0,84.0
NY-513,2023,78281.21925409978,1014.5714575479822,261295.0,84.0
NY-514,2007,41133.90658938512,594.7590176175303,135263.0,35.0
NY-514,2008,41133.90658938512,594.7590176175303,135263.0,35.0
NY-514,2009,41133.90658938512,594.7590176175303,135263.0,35.0
NY-514,2010,41133.90658938512,594.7590176175303,135263.0,35.0
NY-514,2011,41985.259461701404,610.9033165948244,135018.0,35.0
NY-514,2012,42225.83707159786,615.9432908119674,134599.0,35.0
NY-514,2013,43061.170279376245,617.4140776409553,134156.0,35.0
NY-514,2014,43392.64064512264,623.560790979065,133556.0,35.0
NY-514,2015,43857.92283219999,629.9013162854515,132646.0,35.0
NY-514,2016,44602.63045359322,615.4119758933722,131748.0,35.0
NY-514,2017,44238.603740274826,642.9269140822036,130846.0,35.0
NY-514,2018,45660.02236687851,663.5799345961622,129656.0,35.0
NY-514,2019,46664.21945430208,691.7239135848587,128496.0,35.0
NY-514,2020,48819.08055085277,704.4525880988211,127584.0,36.0
NY-514,2021,51237.27580012808,721.8864591305978,128042.0,36.0
NY-514,2022,55876.44935655995,770.1878138731952,127440.0,36.0
NY-514,2023,58468.211930752244,811.7242438394984,126329.0,36.0
NY-516,2007,48055.63255644574,650.8405802379218,82380.0,19.0
NY-516,2008,48055.63255644574,650.8405802379218,82380.0,19.0
NY-516,2009,48055.63255644574,650.8405802379218,82380.0,19.0
NY-516,2010,48055.63255644574,650.8405802379218,82380.0,19.0
NY-516,2011,49543.61345651249,693.0126177596791,82265.0,19.0
NY-516,2012,51363.9792331879,715.1190435566822,82054.0,19.0
NY-516,2013,49854.78392475417,690.0592927380443,81865.0,19.0
NY-516,2014,51383.21234525657,711.5223575993841,81829.0,19.0
NY-516,2015,50172.8153638979,741.5423639591112,81685.0,19.0
NY-516,2016,50393.08190908533,705.9712042205999,81505.0,19.0
NY-516,2017,51683.0519673988,733.5010218654585,81224.0,19.0
NY-516,2018,55773.210572567266,776.2011783053197,80794.0,19.0
NY-516,2019,55818.19733690729,781.2270950448606,80583.0,19.0
NY-518,2007,47900.1084994291,666.3134873099497,249605.0,78.0
NY-518,2008,47900.1084994291,666.3134873099497,249605.0,78.0
NY-518,2009,47900.1084994291,666.3134873099497,249605.0,78.0
NY-518,2010,47900.1084994291,666.3134873099497,249605.0,78.0
NY-518,2011,49908.3814205164,687.1183341187176,307705.0,90.0
NY-518,2012,51358.020178124585,712.1526619440115,307313.0,90.0
NY-518,2013,50771.04103307333,714.3619599732938,307045.0,90.0
NY-518,2014,51398.072555637074,726.7548088367164,306675.0,90.0
NY-518,2015,51106.41485693743,731.4674281419024,305985.0,90.0
NY-518,2016,52335.8097046372,738.9420620632437,304947.0,90.0
NY-518,2017,54079.59027768643,751.2266215914024,304084.0,90.0
NY-518,2018,56644.08828990438,795.5714881462628,302141.0,90.0
NY-518,2019,58932.122255648086,812.809226866425,301164.0,90.0
NY-518,2020,60869.64186306921,785.6030846752693,300064.0,94.0
NY-518,2021,63373.14064891847,821.1300299500832,300500.0,94.0
NY-518,2022,69536.15526205802,894.095186826047,299075.0,94.0
NY-518,2023,72239.86700626143,921.720759579701,297217.0,94.0
NY-519,2007,51364.50844644078,744.2961624841324,112651.0,36.0
NY-519,2008,51364.50844644078,744.2961624841324,112651.0,36.0
NY-519,2009,51364.50844644078,744.2961624841324,112651.0,36.0
NY-519,2010,51364.50844644078,744.2961624841324,112651.0,36.0
NY-519,2011,52120.76224043862,785.5434656840494,112353.0,36.0
NY-519,2012,51759.04665946448,825.9847861218003,112003.0,36.0
NY-519,2013,54639.33705489149,831.2025232522715,111602.0,36.0
NY-519,2014,55490.91549625258,856.0451580396426,111143.0,36.0
NY-519,2015,55389.7949903626,850.4062910041898,110507.0,36.0
NY-519,2016,55904.85389660599,878.3952278288714,109929.0,36.0
NY-519,2017,58138.68794384655,900.8885167288967,109272.0,36.0
NY-519,2018,58860.15380150365,920.550259821626,108536.0,36.0
NY-519,2019,61243.455661208776,914.4442135535044,107795.0,36.0
NY-519,2020,62815.890136095615,937.1682611247217,107351.0,39.0
NY-519,2021,67478.37297583316,964.4259896180198,109613.0,39.0
NY-519,2022,73901.75732179375,1029.253332237803,109536.0,39.0
NY-519,2023,78249.64448202649,1069.1246978372963,108799.0,39.0
NY-520,2007,44091.37292153699,644.6208334705257,91113.0,27.0
NY-520,2008,44091.37292153699,644.6208334705257,91113.0,27.0
NY-520,2009,44091.37292153699,644.6208334705257,91113.0,27.0
NY-520,2010,44091.37292153699,644.6208334705257,91113.0,27.0
NY-520,2011,44915.05348750384,679.1521170993104,91068.0,27.0
NY-520,2012,46313.093212610016,709.5908886129638,91007.0,27.0
NY-520,2013,46493.82079531572,735.5798562576356,90857.0,27.0
NY-520,2014,47829.15046367852,721.3134466769707,90580.0,27.0
NY-520,2015,49387.33937599787,730.0522995387618,90192.0,27.0
NY-520,2016,51248.669549690305,719.4999051392222,89605.0,27.0
NY-520,2017,52907.077267687346,718.8396407091738,89287.0,27.0
NY-520,2018,54059.959171443756,745.0618703571791,88443.0,27.0
NY-520,2019,53836.77930540393,752.3055403930131,87936.0,27.0
NY-520,2020,56463.15187635451,717.5143834835177,87670.0,33.0
NY-520,2021,58805.691170450424,758.9037276161737,85497.0,33.0
NY-520,2022,64829.768735328464,801.5695563445909,84773.0,33.0
NY-520,2023,67427.28541887026,846.4699499661291,84143.0,33.0
NY-522,2007,42800.43598540951,697.8203014212335,253864.0,60.0
NY-522,2008,42800.43598540951,697.8203014212335,253864.0,60.0
NY-522,2009,42800.43598540951,697.8203014212335,253864.0,60.0
NY-522,2010,42800.43598540951,697.8203014212335,253864.0,60.0
NY-522,2011,44085.51683170648,749.9809527173678,254787.0,60.0
NY-522,2012,45054.105136784405,774.6242420929751,256133.0,60.0
NY-522,2013,45820.54958838299,783.9605174169575,257278.0,60.0
NY-522,2014,47000.7593503937,800.8053312356625,258064.0,60.0
NY-522,2015,47455.09443897676,809.3824869615083,258082.0,60.0
NY-522,2016,47811.89947077575,800.2237823555545,256602.0,60.0
NY-522,2017,48994.26931624638,817.7610894115148,254229.0,60.0
NY-522,2018,50597.43485890916,830.753658390667,250725.0,60.0
NY-522,2019,51614.96309301848,820.0489918534835,248327.0,60.0
NY-522,2020,54109.748105676066,803.9207713735777,246262.0,74.0
NY-522,2021,57142.76103195326,839.2598844168106,253151.0,74.0
NY-522,2022,61305.022218706115,912.1537390478827,252805.0,74.0
NY-522,2023,64459.42266428252,932.088998339613,250544.0,74.0
NY-523,2007,61397.710502696835,827.4944880857745,350967.0,90.0
NY-523,2008,61397.710502696835,827.4944880857745,350967.0,90.0
NY-523,2009,61397.710502696835,827.4944880857745,350967.0,90.0
NY-523,2010,61397.710502696835,827.4944880857745,350967.0,90.0
NY-523,2011,63532.703531622254,878.911174435403,352331.0,90.0
NY-523,2012,64679.7592559587,913.0754961454134,353475.0,90.0
NY-523,2013,65619.58783042984,925.4713968032964,354803.0,90.0
NY-523,2014,66332.26478024034,964.9475523983881,355593.0,90.0
NY-523,2015,66248.25928274423,966.4376174897732,356414.0,90.0
NY-523,2016,67783.56238620511,1031.7476036548815,357002.0,90.0
NY-523,2017,70531.30123240322,1039.3898235993768,358162.0,90.0
NY-523,2018,73288.6258220287,1024.1081951655221,358260.0,90.0
NY-523,2019,76680.54756776788,1078.9315258185222,358909.0,90.0
NY-523,2020,80093.91077442952,1030.230218951283,359258.0,113.0
NY-523,2021,84975.24260089197,1146.8920887402865,367274.0,113.0
NY-523,2022,90843.72779931164,1206.8469240958493,368412.0,113.0
NY-523,2023,93259.12538928978,1211.558737995768,368620.0,113.0
NY-525,2007,59968.65146239093,814.3101506745932,302108.0,77.0
NY-525,2008,59968.65146239093,814.3101506745932,302108.0,77.0
NY-525,2009,59968.65146239093,814.3101506745932,302108.0,77.0
NY-525,2010,59968.65146239093,814.3101506745932,302108.0,77.0
NY-525,2011,61439.93532590174,850.1061600209117,302223.0,77.0
NY-525,2012,62546.1218623522,891.7690691217399,302177.0,77.0
NY-525,2013,63245.541423903174,898.952597320819,301734.0,77.0
NY-525,2014,63529.32726910299,845.0994219269103,301000.0,77.0
NY-525,2015,63705.81282436128,919.3920085384564,299820.0,77.0
NY-525,2016,65081.53727934306,933.6598090402783,298597.0,77.0
NY-525,2017,66800.02978085406,961.7395427484175,297473.0,77.0
NY-525,2018,68560.88451848649,955.7650451862158,296108.0,77.0
NY-525,2019,71015.206515623,1013.5996122217929,295014.0,77.0
NY-525,2020,65667.86215465104,900.7158998151052,526786.0,162.0
NY-525,2021,68678.07556980394,928.970760023143,527155.0,162.0
NY-525,2022,74774.11788908868,1023.4930782477933,526673.0,162.0
NY-525,2023,77810.43420285326,1059.0856395811973,524734.0,162.0
NY-600,2007,53756.29824785738,1081.8527290872064,8078452.0,2162.0
NY-600,2008,53756.29824785738,1081.8527290872064,8078452.0,2162.0
NY-600,2009,53756.29824785738,1081.8527290872064,8078452.0,2162.0
NY-600,2010,53756.29824785738,1081.8527290872064,8078452.0,2162.0
NY-600,2011,55267.56248729853,1106.2066168203144,8128980.0,2162.0
NY-600,2012,55818.85214302676,1131.864099772405,8199221.0,2162.0
NY-600,2013,56240.063706743706,1146.6554850230361,8268999.0,2162.0
NY-600,2014,57347.6335682018,1142.5666773071432,8354889.0,2162.0
NY-600,2015,57738.579984936056,1330.3752634914817,8426743.0,2162.0
NY-600,2016,59659.32231417753,1368.2327677946046,8461961.0,2162.0
NY-600,2017,62412.338312107655,1415.5313546428115,8560072.0,2162.0
NY-600,2018,65592.71996430954,1472.7200713714453,8443713.0,2162.0
NY-600,2019,69431.75757044871,1529.2317620576302,8419316.0,2162.0
NY-600,2020,72506.14135373825,1553.3941577067606,8379552.0,2322.0
NY-600,2021,76173.93680952037,1621.103895732246,8736047.0,2322.0
NY-600,2022,82272.14733497966,1725.471809518088,8622467.0,2322.0
NY-600,2023,85410.51409982995,1773.7216051239743,8516202.0,2322.0
NY-601,2007,71764.8109957049,971.3762493584376,296152.0,79.0
NY-601,2008,71764.8109957049,971.3762493584376,296152.0,79.0
NY-601,2009,71764.8109957049,971.3762493584376,296152.0,79.0
NY-601,2010,71764.8109957049,971.3762493584376,296152.0,79.0
NY-601,2011,72578.57263796902,1044.927112740111,296842.0,79.0
NY-601,2012,72909.63903044492,1075.1472799378387,297291.0,79.0
NY-601,2013,73858.98621652067,1098.6840055819896,297385.0,79.0
NY-601,2014,74637.71700606614,1127.6827578785962,297388.0,79.0
NY-601,2015,74025.289548308,1176.1487498652873,296928.0,79.0
NY-601,2016,75310.21932039,1205.0795728358764,295905.0,79.0
NY-601,2017,78270.34359199824,1200.4923043103302,295685.0,79.0
NY-601,2018,80362.42988288295,1235.3949587266156,293894.0,79.0
NY-601,2019,84150.97551012071,1285.6454618490302,293754.0,79.0
NY-601,2020,85591.54436093812,1216.1218469358553,293524.0,82.0
NY-601,2021,89687.7234368877,1258.9459042200992,296012.0,82.0
NY-601,2022,97605.52622382929,1387.5052029399562,296467.0,82.0
NY-601,2023,100301.40475661632,1403.6723238564466,297144.0,82.0
NY-602,2007,71095.893236377,1061.3255123568008,370201.0,79.0
NY-602,2008,71095.893236377,1061.3255123568008,370201.0,79.0
NY-602,2009,71095.893236377,1061.3255123568008,370201.0,79.0
NY-602,2010,71095.893236377,1061.3255123568008,370201.0,79.0
NY-602,2011,72710.71353537744,1134.7675919028165,371833.0,79.0
NY-602,2012,73397.69072076492,1142.7424755530888,372951.0,79.0
NY-602,2013,72960.30615241427,1164.8222288193163,373902.0,79.0
NY-602,2014,72446.35108592911,1163.2738773570295,374518.0,79.0
NY-602,2015,73612.92385397354,1253.1026682010954,375384.0,79.0
NY-602,2016,73950.36341237821,1240.84947985605,376242.0,79.0
NY-602,2017,77000.79981701545,1260.8396478869515,378174.0,79.0
NY-602,2018,79848.84498991346,1306.7572568854155,378227.0,79.0
NY-602,2019,83167.64766828473,1399.5341278924452,380085.0,79.0
NY-602,2020,84504.12365046836,1402.1852820243041,382077.0,92.0
NY-602,2021,90714.6374332437,1485.985876663729,398277.0,92.0
NY-602,2022,95868.25928815138,1537.2421361938207,401237.0,92.0
NY-602,2023,98267.49215778527,1543.7281522385103,403840.0,92.0
NY-603,2007,92271.47260411485,1129.0111413629743,2804235.0,599.0
NY-603,2008,92271.47260411485,1129.0111413629743,2804235.0,599.0
NY-603,2009,92271.47260411485,1129.0111413629743,2804235.0,599.0
NY-603,2010,92271.47260411485,1129.0111413629743,2804235.0,599.0
NY-603,2011,94674.34996092631,1116.0937391782934,2812634.0,599.0
NY-603,2012,95457.18782933198,1148.9402489047504,2823329.0,599.0
NY-603,2013,96071.37138596096,1159.277662944077,2831631.0,599.0
NY-603,2014,96721.58097415676,1170.8967118366636,2843259.0,599.0
NY-603,2015,96959.26420835825,1507.4347321781825,2848517.0,599.0
NY-603,2016,99139.98758289425,1520.2937838266837,2847604.0,599.0
NY-603,2017,102636.38340738582,1597.9361678044663,2853607.0,599.0
NY-603,2018,107336.8750688079,1677.3541705872194,2837610.0,599.0
NY-603,2019,112093.27967527942,1683.973112320787,2833082.0,599.0
NY-603,2020,115001.09698380051,1638.8040336146332,2829720.0,663.0
NY-603,2021,120940.72620840192,1654.9218665662138,2906835.0,663.0
NY-603,2022,129950.02904958992,1743.5752028722325,2905893.0,663.0
NY-603,2023,135831.43220401328,1724.5282537510973,2827306.0,649.0
NY-604,2007,91076.93749277342,1153.8927136818936,934052.0,222.0
NY-604,2008,91076.93749277342,1153.8927136818936,934052.0,222.0
NY-604,2009,91076.93749277342,1153.8927136818936,934052.0,222.0
NY-604,2010,91076.93749277342,1153.8927136818936,934052.0,222.0
NY-604,2011,92199.45264101928,1186.3178532285397,938861.0,222.0
NY-604,2012,92461.74973574812,1194.5100944746757,945121.0,222.0
NY-604,2013,92671.74703724813,1245.1286218130044,950974.0,222.0
NY-604,2014,94417.28163797644,1191.1268330253906,956888.0,222.0
NY-604,2015,95831.65455416488,1455.7591386742376,962284.0,222.0
NY-604,2016,95822.20089476966,1537.4974166197292,964047.0,222.0
NY-604,2017,100379.80498191871,1586.3761702311951,969787.0,222.0
NY-604,2018,100187.9303886295,1595.2554960169577,963334.0,222.0
NY-604,2019,100794.31542564067,1622.678908975052,963571.0,222.0
NY-604,2020,102952.00192143378,1556.5625299572782,959700.0,239.0
NY-604,2021,107100.4868594413,1699.283006371639,990483.0,239.0
NY-604,2022,111463.4845855255,1774.1490049011577,988746.0,239.0
NY-604,2023,109477.44441394205,1812.6427228487032,987172.0,239.0
NY-606,2007,85003.57386704031,1187.5743941125054,305461.0,65.0
NY-606,2008,85003.57386704031,1187.5743941125054,305461.0,65.0
NY-606,2009,85003.57386704031,1187.5743941125054,305461.0,65.0
NY-606,2010,85003.57386704031,1187.5743941125054,305461.0,65.0
NY-606,2011,86392.84818680714,1235.1350548460875,308682.0,65.0
NY-606,2012,87453.85634480836,1323.443493979379,312011.0,65.0
NY-606,2013,86333.73088751988,1254.6841358559554,315069.0,65.0
NY-606,2014,86078.2369808854,1295.9158228206143,318186.0,65.0
NY-606,2015,84960.0832148381,1348.004727336227,320688.0,65.0
NY-606,2016,85803.99202521681,1398.9395119048356,322642.0,65.0
NY-606,2017,88910.14014528024,1410.3716829678765,325027.0,65.0
NY-606,2018,92083.62564645984,1455.8498575780231,323686.0,65.0
NY-606,2019,95268.24793941225,1547.3457225465597,324422.0,65.0
NY-606,2020,96076.98191954195,1454.0359487474364,325213.0,80.0
NY-606,2021,101982.75127866026,1547.6799411563666,336485.0,80.0
NY-606,2022,108090.62000557325,1711.8377237449827,337326.0,80.0
NY-606,2023,112459.40892675903,1635.9746294285646,338936.0,80.0
NY-607,2007,47646.419014492756,832.2376296296296,77625.0,24.0
NY-607,2008,47646.419014492756,832.2376296296296,77625.0,24.0
NY-607,2009,47646.419014492756,832.2376296296296,77625.0,24.0
NY-607,2010,47646.419014492756,832.2376296296296,77625.0,24.0
NY-607,2011,48320.84357794025,857.5801838742537,77553.0,24.0
NY-607,2012,47766.07273079907,889.7406645978795,77340.0,24.0
NY-607,2013,47710.59917805377,881.8139082635414,77134.0,24.0
NY-607,2014,48403.108502835144,889.9293034385892,76892.0,24.0
NY-607,2015,50492.08129175947,874.818917856675,76330.0,24.0
NY-607,2016,51921.965997520376,898.1906143659817,75818.0,24.0
NY-607,2017,53855.546758507844,902.9556232928229,75783.0,24.0
NY-607,2018,56751.75488957732,894.2092646022523,75211.0,24.0
NY-607,2019,57464.85590287023,931.1019090473401,75116.0,24.0
NY-608,2007,59040.46618375989,959.6548675471327,182782.0,47.0
NY-608,2008,59040.46618375989,959.6548675471327,182782.0,47.0
NY-608,2009,59040.46618375989,959.6548675471327,182782.0,47.0
NY-608,2010,59040.46618375989,959.6548675471327,182782.0,47.0
NY-608,2011,60643.73652235784,1018.5422034918723,182710.0,47.0
NY-608,2012,60791.796620570254,1011.6985195818448,182516.0,47.0
NY-608,2013,60655.72260360489,1039.7030139604362,182086.0,47.0
NY-608,2014,61071.648635998194,1044.1956464278242,181598.0,47.0
NY-608,2015,60951.5189409818,1037.8205681191396,181300.0,47.0
NY-608,2016,61930.71585274646,1038.844192681643,180505.0,47.0
NY-608,2017,63194.97953133588,1064.5975994981375,180129.0,47.0
NY-608,2018,65349.94993948791,1108.0219293597988,179303.0,47.0
NY-608,2019,66614.42394985027,1124.0919094394537,178665.0,47.0
NY-608,2020,69224.85452231584,1137.3714953663994,178371.0,50.0
NY-608,2021,74324.18858255161,1185.6044968162673,181862.0,50.0
NY-608,2022,81140.36169044704,1275.4047860864218,182153.0,50.0
NY-608,2023,83939.75255464212,1353.7016862602059,178205.0,49.0
OH-500,2007,54218.89433977317,755.4149457612498,802194.0,222.0
OH-500,2008,54218.89433977317,755.4149457612498,802194.0,222.0
OH-500,2009,54218.89433977317,755.4149457612498,802194.0,222.0
OH-500,2010,54218.89433977317,755.4149457612498,802194.0,222.0
OH-500,2011,55251.12462073605,750.8558603534846,801223.0,222.0
OH-500,2012,54949.574367005676,778.9107768141262,801350.0,222.0
OH-500,2013,54783.613240687315,769.6096082025618,802481.0,222.0
OH-500,2014,55401.87957379319,782.8606536764632,803272.0,222.0
OH-500,2015,55776.48992282957,795.4061731373275,804194.0,222.0
OH-500,2016,57392.67108000968,805.9718188755095,805965.0,222.0
OH-500,2017,59617.23748768089,830.0071905260646,808703.0,222.0
OH-500,2018,62323.02971046886,881.7557562032272,812037.0,222.0
OH-500,2019,64634.631032376295,900.509620951119,813589.0,222.0
OH-500,2020,66642.47056963189,912.0711384057172,815790.0,226.0
OH-500,2021,69777.7374835206,960.9815321907619,826790.0,226.0
OH-500,2022,74826.78406154136,1064.629194450452,827671.0,226.0
OH-500,2023,78448.18679805478,1062.900776442906,827878.0,226.0
OH-501,2007,47206.97033190255,675.5811695184733,444046.0,127.0
OH-501,2008,47206.97033190255,675.5811695184733,444046.0,127.0
OH-501,2009,47206.97033190255,675.5811695184733,444046.0,127.0
OH-501,2010,47206.97033190255,675.5811695184733,444046.0,127.0
OH-501,2011,46698.89803211146,696.8590718938894,442708.0,127.0
OH-501,2012,46026.4164434109,710.885421058119,441198.0,127.0
OH-501,2013,46206.22320260471,712.8212854740837,439511.0,127.0
OH-501,2014,46665.484732989935,728.1018287547898,438167.0,127.0
OH-501,2015,47069.75020228716,731.803280604959,436261.0,127.0
OH-501,2016,48409.417265409385,735.6716375344986,434800.0,127.0
OH-501,2017,50459.90760122195,780.6477305239454,433404.0,127.0
OH-501,2018,53128.595336498765,804.4485532368593,432379.0,127.0
OH-501,2019,55163.52072363385,817.2486580901967,431102.0,127.0
OH-501,2020,57021.13474887235,807.8843741503397,430319.0,168.0
OH-501,2021,61399.17936884873,879.4508223333303,431212.0,168.0
OH-501,2022,66393.75814043263,941.9227420502589,430014.0,168.0
OH-501,2023,70120.46920568726,976.6827833599224,428748.0,168.0
OH-502,2007,49931.15962127799,762.9189960002319,1293825.0,446.0
OH-502,2008,49931.15962127799,762.9189960002319,1293825.0,446.0
OH-502,2009,49931.15962127799,762.9189960002319,1293825.0,446.0
OH-502,2010,49931.15962127799,762.9189960002319,1293825.0,446.0
OH-502,2011,50671.816977481154,770.7556538308025,1285279.0,446.0
OH-502,2012,50584.26924377007,809.9709144742196,1278024.0,446.0
OH-502,2013,50791.4328461423,812.9904615440229,1272533.0,446.0
OH-502,2014,51084.39197704481,825.0598770979075,1267513.0,446.0
OH-502,2015,51369.277728035944,830.8562851639779,1263189.0,446.0
OH-502,2016,52858.07545741275,830.0275957130713,1258710.0,446.0
OH-502,2017,54767.81890105066,862.2094105221803,1257401.0,446.0
OH-502,2018,56266.441513403835,887.7233572316741,1253783.0,446.0
OH-502,2019,58236.29049878512,906.5875821976174,1247451.0,446.0
OH-502,2020,59577.200647616744,918.2462876819911,1241475.0,427.0
OH-502,2021,63536.87886998711,958.4882378031555,1263667.0,427.0
OH-502,2022,68916.10567633812,1046.1990530152314,1256620.0,427.0
OH-502,2023,70850.14763914078,1067.3829246897355,1249418.0,427.0
OH-503,2007,55021.05616303164,806.0213803857903,1170325.0,289.0
OH-503,2008,55021.05616303164,806.0213803857903,1170325.0,289.0
OH-503,2009,55021.05616303164,806.0213803857903,1170325.0,289.0
OH-503,2010,55021.05616303164,806.0213803857903,1170325.0,289.0
OH-503,2011,56310.73375181643,832.9676058598899,1183640.0,289.0
OH-503,2012,56710.27612083605,863.5521055804269,1197722.0,289.0
OH-503,2013,56888.92368458163,863.5151785544933,1212599.0,289.0
OH-503,2014,57870.4697431234,896.5644737409337,1229423.0,289.0
OH-503,2015,58650.14521963493,909.1146367445152,1247593.0,289.0
OH-503,2016,60220.86119307958,930.2227511616411,1264375.0,289.0
OH-503,2017,62282.45410300885,959.6715517100632,1286239.0,289.0
OH-503,2018,65250.520309892985,996.1257754200255,1308968.0,289.0
OH-503,2019,67851.74568766927,1026.7839136733248,1323994.0,289.0
OH-503,2020,70132.86342220858,1035.6858418205084,1336330.0,334.0
OH-503,2021,73411.57088066655,1098.1675241932196,1349035.0,334.0
OH-503,2022,79498.04685899845,1186.613905745957,1354361.0,334.0
OH-503,2023,83107.53602709323,1257.6110769099353,1357978.0,334.0
OH-504,2007,42817.81197111191,623.4203779263246,241899.0,70.0
OH-504,2008,42817.81197111191,623.4203779263246,241899.0,70.0
OH-504,2009,42817.81197111191,623.4203779263246,241899.0,70.0
OH-504,2010,42817.81197111191,623.4203779263246,241899.0,70.0
OH-504,2011,43624.53633225198,643.7661443128959,240131.0,70.0
OH-504,2012,44179.23290763241,646.1919555950863,238352.0,70.0
OH-504,2013,43948.561938633015,643.3007091839532,237033.0,70.0
OH-504,2014,43695.53617546404,662.5494828441663,235809.0,70.0
OH-504,2015,44402.26425069282,671.4758601577489,234550.0,70.0
OH-504,2016,45020.64679527069,684.7178593652769,233015.0,70.0
OH-504,2017,46386.59698003511,700.7772333809202,231857.0,70.0
OH-504,2018,48173.06022141052,675.3985216217152,231064.0,70.0
OH-504,2019,49709.23504855171,716.3964802727419,229961.0,70.0
OH-504,2020,51293.16766322904,718.1146893001593,228452.0,75.0
OH-504,2021,55358.24793489461,722.3734086027139,229044.0,75.0
OH-504,2022,59371.63351449037,798.2620943157045,227979.0,75.0
OH-504,2023,61621.21547764277,803.8956721262381,227063.0,75.0
OH-505,2007,48086.51006727504,712.9496368771248,542103.0,154.0
OH-505,2008,48086.51006727504,712.9496368771248,542103.0,154.0
OH-505,2009,48086.51006727504,712.9496368771248,542103.0,154.0
OH-505,2010,48086.51006727504,712.9496368771248,542103.0,154.0
OH-505,2011,48095.434190245614,745.3259032693268,541090.0,154.0
OH-505,2012,47298.19813269545,769.3655244029076,539280.0,154.0
OH-505,2013,46864.20012439054,752.7731446003029,540234.0,154.0
OH-505,2014,47178.313227173305,768.0991221001266,538558.0,154.0
OH-505,2015,47825.764541344375,778.4756951483287,537691.0,154.0
OH-505,2016,49386.55019968111,797.9160519766939,536856.0,154.0
OH-505,2017,51270.00754355349,812.6081714993139,536352.0,154.0
OH-505,2018,53881.29520066815,832.2292956108037,536408.0,154.0
OH-505,2019,55835.61125024009,845.5797047399366,536273.0,154.0
OH-505,2020,58725.18668156841,848.9643811120425,536850.0,157.0
OH-505,2021,61770.998569300216,891.1501957507846,540994.0,157.0
OH-505,2022,67934.17881696743,960.0607964752238,541084.0,157.0
OH-505,2023,70736.22437386274,1014.3565783244818,540776.0,157.0
OH-506,2007,53743.17128785787,749.0900211727884,543150.0,135.0
OH-506,2008,53743.17128785787,749.0900211727884,543150.0,135.0
OH-506,2009,53743.17128785787,749.0900211727884,543150.0,135.0
OH-506,2010,53743.17128785787,749.0900211727884,543150.0,135.0
OH-506,2011,54089.9295551756,783.1411423375368,542169.0,135.0
OH-506,2012,54564.553640907514,796.7453967234417,541788.0,135.0
OH-506,2013,54799.26068331881,787.46273393994,541592.0,135.0
OH-506,2014,55323.039328561084,797.1252068466232,541464.0,135.0
OH-506,2015,56261.075659734204,819.428750182247,541847.0,135.0
OH-506,2016,57552.62357491706,834.5443244201768,541372.0,135.0
OH-506,2017,59541.38079095836,881.2756863802792,541318.0,135.0
OH-506,2018,62071.9215315332,903.1152839556302,541810.0,135.0
OH-506,2019,64127.72414442839,928.3725943687261,541334.0,135.0
OH-506,2020,65736.04977903515,918.8979715611767,540810.0,138.0
OH-506,2021,70427.86966462992,973.5593053220044,540567.0,138.0
OH-506,2022,76747.16406080528,1024.813835260614,539361.0,138.0
OH-506,2023,80400.6219143001,1068.6673288891946,538087.0,138.0
OH-507,2007,51985.19969097537,691.6551800979348,6098543.0,1417.0
OH-507,2008,51985.19969097537,691.6551800979348,6098543.0,1417.0
OH-507,2009,51985.19969097537,691.6551800979348,6098543.0,1417.0
OH-507,2010,51985.19969097537,691.6551800979348,6098543.0,1417.0
OH-507,2011,52833.20770505699,718.9823837253241,6113154.0,1417.0
OH-507,2012,53146.760462229184,733.365859979014,6120254.0,1417.0
OH-507,2013,53297.91726328799,737.1842267110446,6128259.0,1417.0
OH-507,2014,53898.80101919987,745.4073403659124,6131084.0,1417.0
OH-507,2015,54546.05425223932,753.7007120490287,6135673.0,1417.0
OH-507,2016,55979.38494588474,774.2997600163986,6137086.0,1417.0
OH-507,2017,58326.341593747056,797.2889645938762,6140209.0,1417.0
OH-507,2018,60586.892718331,807.1529126919817,6151955.0,1417.0
OH-507,2019,62812.28024630765,826.1188328717811,6159289.0,1417.0
OH-507,2020,64979.15628162086,804.3829822248549,6173733.0,1547.0
OH-507,2021,69069.44605466902,837.0098041456077,6213902.0,1547.0
OH-507,2022,74995.03001368706,908.502315938859,6223394.0,1547.0
OH-507,2023,78054.40563302094,953.3946685665007,6236334.0,1547.0
OH-508,2007,48170.5452668555,646.5820176114532,376346.0,86.0
OH-508,2008,48170.5452668555,646.5820176114532,376346.0,86.0
OH-508,2009,48170.5452668555,646.5820176114532,376346.0,86.0
OH-508,2010,48170.5452668555,646.5820176114532,376346.0,86.0
OH-508,2011,48606.83403342355,667.7569641252505,376142.0,86.0
OH-508,2012,48494.69374562359,672.5006057088391,375593.0,86.0
OH-508,2013,48909.87447648582,675.5884965418758,375348.0,86.0
OH-508,2014,49327.32624436802,687.1523234423738,375090.0,86.0
OH-508,2015,50396.11541713003,701.1565954360111,374979.0,86.0
OH-508,2016,52131.316510211815,704.7579877362166,374762.0,86.0
OH-508,2017,53999.136849305185,739.5125055774795,374273.0,86.0
OH-508,2018,55454.953252560415,744.6232733114666,373475.0,86.0
OH-508,2019,57463.86130922331,751.6211802236281,372404.0,86.0
OH-508,2020,59064.99196535277,751.6259407401027,371516.0,90.0
OH-508,2021,62542.20229402848,788.7684088046286,374712.0,90.0
OH-508,2022,68074.11559891929,830.6615757925596,374199.0,90.0
OH-508,2023,70509.42589976563,872.3107308355005,373764.0,90.0
OK-500,2007,41422.811330863566,597.0878694030094,306102.0,78.0
OK-500,2008,41422.811330863566,597.0878694030094,306102.0,78.0
OK-500,2009,41422.811330863566,597.0878694030094,306102.0,78.0
OK-500,2010,41422.811330863566,597.0878694030094,306102.0,78.0
OK-500,2011,42601.6253503965,622.1481144212665,308579.0,78.0
OK-500,2012,43303.401906008505,635.2472846149134,310177.0,78.0
OK-500,2013,43769.59870571988,651.1494363618846,311370.0,78.0
OK-500,2014,44684.82628269441,677.513374912932,312974.0,78.0
OK-500,2015,45320.995056195534,700.8474337479201,313726.0,78.0
OK-500,2016,46681.44080283098,719.787540017439,314238.0,78.0
OK-500,2017,47595.263202473485,742.3076442998112,314051.0,78.0
OK-500,2018,48721.777671822456,764.3383905809955,314598.0,78.0
OK-500,2019,50908.7286560724,781.9074072895519,314258.0,78.0
OK-500,2020,52116.814761961265,781.147669574884,320242.0,93.0
OK-500,2021,54670.98687067774,817.856708644985,319133.0,93.0
OK-500,2022,58863.72076886191,870.6537739485816,319069.0,93.0
OK-500,2023,61760.90580858044,893.1390815968743,319424.0,93.0
OK-501,2007,52622.286938689824,774.0329705104585,638328.0,189.0
OK-501,2008,52622.286938689824,774.0329705104585,638328.0,189.0
OK-501,2009,52622.286938689824,774.0329705104585,638328.0,189.0
OK-501,2010,52622.286938689824,774.0329705104585,638328.0,189.0
OK-501,2011,53847.72056014587,800.3684613789111,646046.0,189.0
OK-501,2012,54167.18664852846,809.4215739532151,653501.0,189.0
OK-501,2013,54523.820605468456,835.6632958948779,661174.0,189.0
OK-501,2014,55088.81647577462,850.4942582743997,668266.0,189.0
OK-501,2015,55717.71063437638,886.061016161909,676034.0,189.0
OK-501,2016,57160.920288306435,907.0722361606764,683162.0,189.0
OK-501,2017,58913.91180098327,939.1026093150114,690756.0,189.0
OK-501,2018,60900.49941629833,964.3030358223597,697274.0,189.0
OK-501,2019,62699.51380648252,988.0236802742331,701301.0,189.0
OK-501,2020,65468.439341158926,986.3912532178377,697285.0,222.0
OK-501,2021,69019.64027091814,1039.7089975101708,712097.0,222.0
OK-501,2022,74873.90281296404,1140.6607795430937,717215.0,222.0
OK-501,2023,76960.3381760533,1171.6504401885811,722872.0,222.0
OK-502,2007,49454.08022866154,740.7776655519679,573249.0,197.0
OK-502,2008,49454.08022866154,740.7776655519679,573249.0,197.0
OK-502,2009,49454.08022866154,740.7776655519679,573249.0,197.0
OK-502,2010,49454.08022866154,740.7776655519679,573249.0,197.0
OK-502,2011,51092.87040142822,758.8969281343072,582545.0,197.0
OK-502,2012,51589.378402025395,790.2005997651033,590898.0,197.0
OK-502,2013,51937.12390383971,814.8280326892966,599707.0,197.0
OK-502,2014,53174.93819543866,821.4110437094216,609777.0,197.0
OK-502,2015,53938.636994482775,835.7093382877546,619514.0,197.0
OK-502,2016,55383.95675289119,874.5157734961942,627857.0,197.0
OK-502,2017,57558.25732083216,892.4601434881533,636847.0,197.0
OK-502,2018,59534.36047546215,928.8048835024573,644005.0,197.0
OK-502,2019,61167.98574303589,956.8853776424811,649437.0,197.0
OK-502,2020,64008.44125020211,966.9996720969626,661781.0,218.0
OK-502,2021,67334.68643553247,994.6763082316141,683499.0,218.0
OK-502,2022,72663.0301437449,1094.8949859293502,691155.0,218.0
OK-502,2023,75878.02741598328,1167.5669707463303,696528.0,218.0
OK-503,2007,50463.105871367065,660.8363699476225,613622.0,176.0
OK-503,2008,50463.105871367065,660.8363699476225,613622.0,176.0
OK-503,2009,50463.105871367065,660.8363699476225,613622.0,176.0
OK-503,2010,50463.105871367065,660.8363699476225,613622.0,176.0
OK-503,2011,52253.90431072954,692.1342227492198,620707.0,176.0
OK-503,2012,53579.09979954432,724.6924064075762,628069.0,176.0
OK-503,2013,54079.365371877735,760.3250889160249,637118.0,176.0
OK-503,2014,55211.49245072887,792.2977626733757,644698.0,176.0
OK-503,2015,56097.90866489034,794.3422751822371,653407.0,176.0
OK-503,2016,57481.07336296852,801.4391387141516,661151.0,176.0
OK-503,2017,59069.40659611383,820.5552227371394,665695.0,176.0
OK-503,2018,61253.475397659444,868.578470570373,671806.0,176.0
OK-503,2019,62997.695463637,865.494743527677,675453.0,176.0
OK-503,2020,64461.98878978173,849.5676321726725,581077.0,177.0
OK-503,2021,67417.06014068512,918.4046889168654,567935.0,177.0
OK-503,2022,72913.35676083127,980.2793962713974,570455.0,177.0
OK-503,2023,75759.73059677852,1001.2643607336933,574518.0,177.0
OK-504,2007,48913.632669439794,763.9061016412714,176936.0,44.0
OK-504,2008,48913.632669439794,763.9061016412714,176936.0,44.0
OK-504,2009,48913.632669439794,763.9061016412714,176936.0,44.0
OK-504,2010,48913.632669439794,763.9061016412714,176936.0,44.0
OK-504,2011,50486.08196309988,798.3629794423164,179349.0,44.0
OK-504,2012,51559.40075755088,808.6559055031911,182694.0,44.0
OK-504,2013,52501.59164050972,859.4114232059021,186375.0,44.0
OK-504,2014,53505.43962248207,860.8234200547158,189342.0,44.0
OK-504,2015,54087.85834902192,853.2646425349277,191753.0,44.0
OK-504,2016,55416.27787484731,876.5017446744906,194019.0,44.0
OK-504,2017,56866.695709044834,902.0508394902766,195714.0,44.0
OK-504,2018,58588.7208275904,934.3003688989784,197344.0,44.0
OK-504,2019,59878.69680965779,956.9706795464007,199383.0,44.0
OK-504,2020,62616.350686083024,951.9735110144139,202235.0,53.0
OK-504,2021,64764.624772856056,995.8793694679458,204716.0,53.0
OK-504,2022,68327.42564568688,1086.6580349458986,206834.0,53.0
OK-504,2023,71478.13443393976,1089.7807166502896,209642.0,53.0
OK-505,2007,43594.96774665009,626.6205643814261,431056.0,113.0
OK-505,2008,43594.96774665009,626.6205643814261,431056.0,113.0
OK-505,2009,43594.96774665009,626.6205643814261,431056.0,113.0
OK-505,2010,43594.96774665009,626.6205643814261,431056.0,113.0
OK-505,2011,45000.126508216585,657.7913789211327,434122.0,113.0
OK-505,2012,44706.02232014781,654.354847890201,435705.0,113.0
OK-505,2013,45295.73479022937,664.0969293665175,437597.0,113.0
OK-505,2014,45460.38820516209,700.999781247935,438853.0,113.0
OK-505,2015,45687.88611573178,676.1137161062784,440052.0,113.0
OK-505,2016,46413.16947937811,694.5916128959096,440915.0,113.0
OK-505,2017,47580.66314499209,728.4494383295345,441362.0,113.0
OK-505,2018,49462.651096411435,749.7237829640962,442489.0,113.0
OK-505,2019,51485.48396573654,761.1870127531207,444205.0,113.0
OK-505,2020,52225.26953934008,757.3770869777948,447597.0,129.0
OK-505,2021,55525.31308190751,801.3050978801188,438751.0,129.0
OK-505,2022,61012.15854647423,864.2898580268725,441492.0,129.0
OK-505,2023,63001.421639969674,895.6173741499965,444557.0,129.0
OK-506,2007,42645.124623414216,590.1348032674578,363463.0,99.0
OK-506,2008,42645.124623414216,590.1348032674578,363463.0,99.0
OK-506,2009,42645.124623414216,590.1348032674578,363463.0,99.0
OK-506,2010,42645.124623414216,590.1348032674578,363463.0,99.0
OK-506,2011,44753.07547174959,621.7901713493798,366561.0,99.0
OK-506,2012,45422.801500391775,644.7310925964586,368837.0,99.0
OK-506,2013,45097.56761614746,664.081782903956,371080.0,99.0
OK-506,2014,45608.72069604447,681.6654716829131,372390.0,99.0
OK-506,2015,46072.42750483247,689.052316902921,372480.0,99.0
OK-506,2016,47602.72818886863,702.8950786728121,371221.0,99.0
OK-506,2017,49172.31552199403,717.2637386465586,368941.0,99.0
OK-506,2018,51119.032893680596,730.535001238139,367487.0,99.0
OK-506,2019,52925.97459234185,747.9617694785205,365441.0,99.0
OK-506,2020,54120.90486582161,732.8363089675795,363844.0,112.0
OK-506,2021,56336.400271522034,769.7035577207793,357982.0,112.0
OK-506,2022,60615.82354486192,823.6130594293729,357887.0,112.0
OK-506,2023,62578.983296210696,856.2939525966749,357823.0,112.0
OK-507,2007,36834.68250348074,542.7289057690305,527905.0,140.0
OK-507,2008,36834.68250348074,542.7289057690305,527905.0,140.0
OK-507,2009,36834.68250348074,542.7289057690305,527905.0,140.0
OK-507,2010,36834.68250348074,542.7289057690305,527905.0,140.0
OK-507,2011,37628.579182018955,566.3092516620005,531137.0,140.0
OK-507,2012,38448.05895463167,583.7428358631764,533037.0,140.0
OK-507,2013,38538.758006491626,592.2727398580074,534535.0,140.0
OK-507,2014,39846.40247893262,609.1562097598627,535069.0,140.0
OK-507,2015,40145.24914984119,614.5589593083505,534606.0,140.0
OK-507,2016,41288.20287057872,619.6016309170351,534178.0,140.0
OK-507,2017,42121.381488369305,637.5122718478635,533416.0,140.0
OK-507,2018,43500.25370684415,656.5389424988932,533068.0,140.0
OK-507,2019,44504.68569766569,669.2002420625985,532920.0,140.0
OK-507,2020,45595.48750673321,678.4439487469197,532807.0,163.0
OK-507,2021,48147.99319526,718.4795058035895,518903.0,163.0
OK-507,2022,52020.387011341045,776.323504938595,519176.0,163.0
OK-507,2023,54192.12667525773,816.9871576396368,519920.0,163.0
OR-500,2007,44157.50218057588,803.464165965733,347156.0,86.0
OR-500,2008,44157.50218057588,803.464165965733,347156.0,86.0
OR-500,2009,44157.50218057588,803.464165965733,347156.0,86.0
OR-500,2010,44157.50218057588,803.464165965733,347156.0,86.0
OR-500,2011,44636.11400901004,840.2931807267488,349832.0,86.0
OR-500,2012,44557.61333905638,865.3654695645747,351794.0,86.0
OR-500,2013,45297.23739466073,880.6511848368054,353382.0,86.0
OR-500,2014,46170.72651114544,898.274607908356,354764.0,86.0
OR-500,2015,46806.36838066432,901.8080098582872,357060.0,86.0
OR-500,2016,47655.46312102211,922.9506568629901,360273.0,86.0
OR-500,2017,49911.16820324042,964.7496471520424,363471.0,86.0
OR-500,2018,52136.770956566055,991.8198339848515,368882.0,86.0
OR-500,2019,54851.81449616971,1032.0820699630365,373340.0,86.0
OR-500,2020,58130.99884844169,1072.5056426357185,377749.0,92.0
OR-500,2021,62883.79142358593,1139.1056021569802,380532.0,92.0
OR-500,2022,68846.51327776295,1227.0204045858645,382218.0,92.0
OR-500,2023,72811.80602569597,1309.7811738816815,382628.0,92.0
OR-501,2007,53831.11694216392,890.6498240335959,708658.0,170.0
OR-501,2008,53831.11694216392,890.6498240335959,708658.0,170.0
OR-501,2009,53831.11694216392,890.6498240335959,708658.0,170.0
OR-501,2010,53831.11694216392,890.6498240335959,708658.0,170.0
OR-501,2011,54911.45091635013,925.6782474283972,721340.0,170.0
OR-501,2012,55751.72069904638,949.9611151700861,733628.0,170.0
OR-501,2013,56487.39175178784,1002.2818047347215,744331.0,170.0
OR-501,2014,56684.43399657042,1027.0813775067006,754029.0,170.0
OR-501,2015,58094.48624581088,1041.8428574416137,765076.0,170.0
OR-501,2016,61443.928308773706,1099.7838705389006,774781.0,170.0
OR-501,2017,64423.54445739768,1154.2597228858099,784875.0,170.0
OR-501,2018,68687.10786124434,1246.0505789873635,794836.0,170.0
OR-501,2019,73583.58439409718,1300.8008898179157,800838.0,170.0
OR-501,2020,77645.61339920407,1379.4922709722189,809869.0,197.0
OR-501,2021,82251.7603069588,1469.4409310490846,810011.0,197.0
OR-501,2022,90158.34199069915,1597.718962304077,808098.0,197.0
OR-501,2023,92766.4576824658,1657.8861858301725,803863.0,197.0
OR-502,2007,46561.883073180215,876.9787224496104,200587.0,41.0
OR-502,2008,46561.883073180215,876.9787224496104,200587.0,41.0
OR-502,2009,46561.883073180215,876.9787224496104,200587.0,41.0
OR-502,2010,46561.883073180215,876.9787224496104,200587.0,41.0
OR-502,2011,46280.297430976665,899.4576709632106,202178.0,41.0
OR-502,2012,45885.47707661102,919.376302102518,203613.0,41.0
OR-502,2013,46099.599765012164,929.9046202898834,205117.0,41.0
OR-502,2014,45333.33252010088,934.7290919388333,206583.0,41.0
OR-502,2015,45526.8543743371,933.0646371956633,208363.0,41.0
OR-502,2016,47145.087783762254,950.2021752735686,210916.0,41.0
OR-502,2017,50246.649634554626,997.1959588815014,212070.0,41.0
OR-502,2018,52085.351860062445,1013.1209892330597,214267.0,41.0
OR-502,2019,55763.959344150266,1047.6917543195398,216574.0,41.0
OR-502,2020,59279.64390417815,1100.8704092220073,218781.0,52.0
OR-502,2021,62693.21374886088,1156.5938591188385,221662.0,52.0
OR-502,2022,70134.15512749097,1254.9062101309949,222604.0,52.0
OR-502,2023,73419.31659350386,1341.9820006020768,222563.0,52.0
OR-503,2007,52044.372483374216,874.6077224568236,197735.0,34.0
OR-503,2008,52044.372483374216,874.6077224568236,197735.0,34.0
OR-503,2009,52044.372483374216,874.6077224568236,197735.0,34.0
OR-503,2010,52044.372483374216,874.6077224568236,197735.0,34.0
OR-503,2011,51748.59579028358,919.0428116069465,200156.0,34.0
OR-503,2012,50641.67188646323,924.061289235223,201732.0,34.0
OR-503,2013,50148.26184703331,941.6507687758723,202920.0,34.0
OR-503,2014,50227.76208758365,954.2329602612639,205769.0,34.0
OR-503,2015,51660.17056463731,968.2396643754263,209639.0,34.0
OR-503,2016,54011.358966108965,1016.8304469065339,214452.0,34.0
OR-503,2017,57324.95336867733,1077.5311975244033,219745.0,34.0
OR-503,2018,61050.723624624094,1135.8696267468601,226120.0,34.0
OR-503,2019,64584.62968450073,1198.1520597417432,232869.0,34.0
OR-503,2020,70339.66871373105,1279.8414687095562,239530.0,60.0
OR-503,2021,74977.17296793376,1360.9912154614449,243496.0,60.0
OR-503,2022,83965.62843075045,1486.2887051301616,248998.0,60.0
OR-503,2023,89647.35504435246,1537.0069347526119,253650.0,60.0
OR-504,2020,64963.07174097724,1071.740697175078,428472.0,81.0
OR-504,2021,68141.75057855311,1165.696926465668,430384.0,81.0
OR-504,2022,74198.53663117335,1251.609125203327,433415.0,81.0
OR-504,2023,78981.54764701151,1342.1844398221037,435085.0,81.0
OR-505,2007,45834.48838997874,735.0786365589547,1417267.0,311.0
OR-505,2008,45834.48838997874,735.0786365589547,1417267.0,311.0
OR-505,2009,45834.48838997874,735.0786365589547,1417267.0,311.0
OR-505,2010,45834.48838997874,735.0786365589547,1417267.0,311.0
OR-505,2011,46361.54483904087,763.7781416552492,1426915.0,311.0
OR-505,2012,46367.86404484583,785.2515713134569,1433355.0,311.0
OR-505,2013,46573.698734509606,801.2611222760904,1439521.0,311.0
OR-505,2014,46643.53452083108,809.8249479811707,1443708.0,311.0
OR-505,2015,47015.50747635516,812.5913888994245,1450105.0,311.0
OR-505,2016,48385.70125012163,834.045690698366,1459378.0,311.0
OR-505,2017,50647.82278342314,867.9722366844093,1469349.0,311.0
OR-505,2018,53061.3621498125,905.7686882155625,1486418.0,311.0
OR-505,2019,55824.00578979946,940.0138744866786,1502470.0,311.0
OR-505,2020,57116.77962148291,951.4448162404913,1091100.0,291.0
OR-505,2021,61229.397986153446,1006.920897004738,1105546.0,291.0
OR-505,2022,66603.41889589834,1112.093953258649,1113575.0,291.0
OR-505,2023,70243.49568784755,1165.5335292765867,1118351.0,291.0
OR-506,2007,66576.50107516476,928.5051687263507,516665.0,104.0
OR-506,2008,66576.50107516476,928.5051687263507,516665.0,104.0
OR-506,2009,66576.50107516476,928.5051687263507,516665.0,104.0
OR-506,2010,66576.50107516476,928.5051687263507,516665.0,104.0
OR-506,2011,67081.71383911115,970.9119813075199,524275.0,104.0
OR-506,2012,67330.75242658202,1013.3402404582018,531818.0,104.0
OR-506,2013,67650.35741501237,1020.2731612578019,539608.0,104.0
OR-506,2014,68202.77031186353,1072.1096171164177,547451.0,104.0
OR-506,2015,69880.20316427249,1106.2534528325632,556210.0,104.0
OR-506,2016,73326.97445611322,1160.9450245351788,564088.0,104.0
OR-506,2017,78199.01701012636,1246.8053126272787,572071.0,104.0
OR-506,2018,83292.71752652449,1316.8189907205137,581821.0,104.0
OR-506,2019,87866.95920818482,1406.674903856104,589481.0,104.0
OR-506,2020,92536.77658658422,1466.7929505288193,595761.0,134.0
OR-506,2021,98660.57096934682,1561.4546735257609,596969.0,134.0
OR-506,2022,107318.31280596323,1721.7411753324627,599541.0,134.0
OR-506,2023,112097.79192557966,1800.9725555003947,600266.0,134.0
OR-507,2007,65552.41303760529,932.8654405294003,373857.0,81.0
OR-507,2008,65552.41303760529,932.8654405294003,373857.0,81.0
OR-507,2009,65552.41303760529,932.8654405294003,373857.0,81.0
OR-507,2010,65552.41303760529,932.8654405294003,373857.0,81.0
OR-507,2011,67697.07299063068,931.9108018924184,377295.0,81.0
OR-507,2012,67577.68310007144,948.9209037321901,380688.0,81.0
OR-507,2013,67951.34875026703,987.5905554889772,383842.0,81.0
OR-507,2014,68902.43360590044,1006.7362558918047,388039.0,81.0
OR-507,2015,70427.12610367127,1147.5785223280209,392780.0,81.0
OR-507,2016,73335.60002409766,1173.418844868831,398379.0,81.0
OR-507,2017,77958.20067105113,1225.343556868362,403546.0,81.0
OR-507,2018,82218.49939575048,1267.4775768495529,409599.0,81.0
OR-507,2019,86271.47987475587,1346.0647078562445,414231.0,81.0
OR-507,2020,89063.67269998362,1333.0653096722592,415084.0,87.0
OR-507,2021,94725.25287103686,1419.9752351419213,418577.0,87.0
OR-507,2022,101425.81823840352,1553.8910756072935,420925.0,87.0
OR-507,2023,106197.43472536631,1666.8915175653788,422308.0,87.0
PA-500,2007,37571.18168178345,817.3893312070169,1504950.0,384.0
PA-500,2008,37571.18168178345,817.3893312070169,1504950.0,384.0
PA-500,2009,37571.18168178345,817.3893312070169,1504950.0,384.0
PA-500,2010,37571.18168178345,817.3893312070169,1504950.0,384.0
PA-500,2011,38687.54687821898,848.7810329253541,1514456.0,384.0
PA-500,2012,38781.55466437193,875.7812815610846,1525811.0,384.0
PA-500,2013,39158.18787092374,903.072318416559,1536704.0,384.0
PA-500,2014,39785.3198245546,919.9512321257725,1546920.0,384.0
PA-500,2015,40472.376946533666,945.8850554829615,1555072.0,384.0
PA-500,2016,41797.770333179906,970.5362649028359,1559938.0,384.0
PA-500,2017,42989.77833692329,999.6546417465727,1569657.0,384.0
PA-500,2018,46013.14470949946,1038.1902734458802,1575522.0,384.0
PA-500,2019,48240.85838861359,1061.8642445735636,1579075.0,384.0
PA-500,2020,51288.06857152974,1094.5804331372576,1581531.0,408.0
PA-500,2021,55305.15409881236,1156.2654676506781,1596865.0,408.0
PA-500,2022,60462.48106838529,1269.4249313335108,1593208.0,408.0
PA-500,2023,62806.52244456634,1324.8448066014844,1582432.0,408.0
PA-501,2007,54648.838975466635,773.9759764068831,264823.0,65.0
PA-501,2008,54648.838975466635,773.9759764068831,264823.0,65.0
PA-501,2009,54648.838975466635,773.9759764068831,264823.0,65.0
PA-501,2010,54648.838975466635,773.9759764068831,264823.0,65.0
PA-501,2011,56615.65866769702,816.0538908228798,266576.0,65.0
PA-501,2012,56907.39097244775,837.1736788469938,267891.0,65.0
PA-501,2013,57030.84805694426,856.2289033025443,269035.0,65.0
PA-501,2014,57002.88434353537,852.2384995517622,269946.0,65.0
PA-501,2015,57081.12588622397,861.2351841058821,271094.0,65.0
PA-501,2016,57931.40216280216,883.969892852678,271962.0,65.0
PA-501,2017,59784.87380775549,929.4900906965598,273329.0,65.0
PA-501,2018,61827.17243502176,965.5330273391254,274515.0,65.0
PA-501,2019,63941.592605357866,985.3546504034365,275632.0,65.0
PA-501,2020,66065.13224047265,1000.7789122643654,277071.0,67.0
PA-501,2021,70069.57406605934,1066.1437795347626,284199.0,67.0
PA-501,2022,74699.6766710473,1141.9706579333679,286108.0,67.0
PA-501,2023,77933.44010797123,1206.2281483491256,287484.0,67.0
PA-502,2007,69100.39681347355,922.5755838610665,556468.0,144.0
PA-502,2008,69100.39681347355,922.5755838610665,556468.0,144.0
PA-502,2009,69100.39681347355,922.5755838610665,556468.0,144.0
PA-502,2010,69100.39681347355,922.5755838610665,556468.0,144.0
PA-502,2011,71351.4478649614,947.6708532981379,557648.0,144.0
PA-502,2012,72320.93249999106,968.6580803544269,558874.0,144.0
PA-502,2013,72411.13509631617,981.768826895284,559771.0,144.0
PA-502,2014,72538.00778743703,1003.1497962640988,560775.0,144.0
PA-502,2015,72986.67892565735,1100.9314132704746,561683.0,144.0
PA-502,2016,74491.42746427275,1080.485097347399,562316.0,144.0
PA-502,2017,78196.17868807066,1110.8185411726283,563384.0,144.0
PA-502,2018,80859.9168682246,1129.497974365026,563527.0,144.0
PA-502,2019,85059.13840837192,1149.0136390850123,564554.0,144.0
PA-502,2020,83366.6930295333,1163.9385825573827,565328.0,152.0
PA-502,2021,88539.48956146113,1260.8728172815713,573883.0,152.0
PA-502,2022,94814.44250945574,1356.3607381733736,575312.0,152.0
PA-502,2023,98825.8640772655,1419.0975763413428,576195.0,152.0
PA-503,2007,44263.91241852595,636.1000501378792,319120.0,104.0
PA-503,2008,44263.91241852595,636.1000501378792,319120.0,104.0
PA-503,2009,44263.91241852595,636.1000501378792,319120.0,104.0
PA-503,2010,44263.91241852595,636.1000501378792,319120.0,104.0
PA-503,2011,45617.89297805231,659.73403939393,319897.0,104.0
PA-503,2012,45858.44619800034,687.1320397435697,320555.0,104.0
PA-503,2013,46637.61149778541,708.0406137887397,320827.0,104.0
PA-503,2014,47213.55938662638,738.5325476291542,320392.0,104.0
PA-503,2015,47941.6825754854,743.2888298786298,320095.0,104.0
PA-503,2016,48880.56351966185,736.9103340367557,318917.0,104.0
PA-503,2017,51262.87303831916,732.1328537938923,318222.0,104.0
PA-503,2018,53696.097831284365,795.6675705603302,317884.0,104.0
PA-503,2019,55838.95041915489,809.557553130204,317663.0,104.0
PA-503,2020,56710.3785896261,809.2196966118402,317547.0,101.0
PA-503,2021,59925.395126606636,844.200381744016,324825.0,101.0
PA-503,2022,63878.88625858953,917.8056614094826,325396.0,101.0
PA-503,2023,65983.7882740553,980.8120486658609,325978.0,101.0
PA-504,2007,82178.17349970968,1040.8219854091792,790497.0,211.0
PA-504,2008,82178.17349970968,1040.8219854091792,790497.0,211.0
PA-504,2009,82178.17349970968,1040.8219854091792,790497.0,211.0
PA-504,2010,82178.17349970968,1040.8219854091792,790497.0,211.0
PA-504,2011,84149.96049544546,1084.6307733724484,794921.0,211.0
PA-504,2012,85387.43256664075,1123.72447073708,799886.0,211.0
PA-504,2013,85909.23273441782,1156.4930644365484,804621.0,211.0
PA-504,2014,85956.68548949061,1149.1278275008278,809372.0,211.0
PA-504,2015,86904.53359041539,1197.1995977711354,812970.0,211.0
PA-504,2016,87850.34924547358,1252.169308816536,815876.0,211.0
PA-504,2017,90874.56910723033,1276.5434536453326,818677.0,211.0
PA-504,2018,94153.16104448917,1313.5121666721457,821301.0,211.0
PA-504,2019,99258.18679012361,1327.9902333389575,823823.0,211.0
PA-504,2020,98311.6153183104,1347.8058923088083,827180.0,219.0
PA-504,2021,104872.85080562705,1448.9198768348435,850890.0,219.0
PA-504,2022,112197.0141125807,1530.4188526609676,856399.0,219.0
PA-504,2023,116646.26103979796,1588.5621957095998,861225.0,219.0
PA-505,2007,90936.60680513116,985.6978704407721,490571.0,116.0
PA-505,2008,90936.60680513116,985.6978704407721,490571.0,116.0
PA-505,2009,90936.60680513116,985.6978704407721,490571.0,116.0
PA-505,2010,90936.60680513116,985.6978704407721,490571.0,116.0
PA-505,2011,92020.25120901602,1046.2441294378505,495651.0,116.0
PA-505,2012,92167.46369317864,1071.9662775148734,499548.0,116.0
PA-505,2013,92487.79480793122,1083.074024747801,503075.0,116.0
PA-505,2014,92702.35792678833,1166.2875171299825,506422.0,116.0
PA-505,2015,92609.22396561768,1213.5564607088704,509797.0,116.0
PA-505,2016,94947.84039740014,1223.848816861578,512028.0,116.0
PA-505,2017,99114.47812308122,1261.4388207954112,514652.0,116.0
PA-505,2018,103452.20114820286,1281.0750469877562,517156.0,116.0
PA-505,2019,107470.17184925707,1322.583867118331,519560.0,116.0
PA-505,2020,113020.3331641059,1353.6521016130887,521980.0,124.0
PA-505,2021,117013.68055158509,1414.0873023336292,531704.0,124.0
PA-505,2022,125615.38247147112,1445.897152518109,536474.0,124.0
PA-505,2023,131202.39162426788,1454.7372526326687,540896.0,124.0
PA-506,2007,55347.00872554074,773.1657558125261,407310.0,90.0
PA-506,2008,55347.00872554074,773.1657558125261,407310.0,90.0
PA-506,2009,55347.00872554074,773.1657558125261,407310.0,90.0
PA-506,2010,55347.00872554074,773.1657558125261,407310.0,90.0
PA-506,2011,56962.54721647169,806.1691551276292,409624.0,90.0
PA-506,2012,57038.64726802143,853.5635475098153,411094.0,90.0
PA-506,2013,57617.99162051845,866.6868893753125,412078.0,90.0
PA-506,2014,58018.27546632576,890.5236988397544,413016.0,90.0
PA-506,2015,58437.29376638122,908.5375357820105,413965.0,90.0
PA-506,2016,59616.426030616014,905.3312412309193,414097.0,90.0
PA-506,2017,61925.048806257524,929.3024283995187,415500.0,90.0
PA-506,2018,63874.94788331469,988.3972139150637,416642.0,90.0
PA-506,2019,66499.17961126727,1028.030495783745,418025.0,90.0
PA-506,2020,69354.00749292468,960.3916508774358,419062.0,107.0
PA-506,2021,73108.9321165336,1023.090037403359,426967.0,107.0
PA-506,2022,78762.58935126947,1129.8708256803654,428483.0,107.0
PA-506,2023,81425.77014993406,1205.963252548321,429989.0,107.0
PA-508,2007,46514.854784752795,655.139259162218,213731.0,59.0
PA-508,2008,46514.854784752795,655.139259162218,213731.0,59.0
PA-508,2009,46514.854784752795,655.139259162218,213731.0,59.0
PA-508,2010,46514.854784752795,655.139259162218,213731.0,59.0
PA-508,2011,47736.36440761106,668.6529615943417,214057.0,59.0
PA-508,2012,48089.139452212,694.4711667203164,214353.0,59.0
PA-508,2013,48076.602958814605,716.4541827091355,214275.0,59.0
PA-508,2014,47823.484658190944,742.2101222765777,214023.0,59.0
PA-508,2015,48043.38252779222,752.3349870466928,213459.0,59.0
PA-508,2016,48500.56032693915,763.9685454869816,213006.0,59.0
PA-508,2017,49779.29138516701,789.7529533874316,211960.0,59.0
PA-508,2018,52421.33015691356,807.5310753166174,211454.0,59.0
PA-508,2019,55174.76230465412,844.0777063593035,210652.0,59.0
PA-508,2020,56413.74257001741,832.9631284437719,210162.0,60.0
PA-508,2021,61060.01661493349,881.1393919147771,215529.0,60.0
PA-508,2022,66469.27705497236,944.6877016951668,215672.0,60.0
PA-508,2023,67466.3956837199,1011.6115162578649,215834.0,60.0
PA-509,2007,50046.41417389051,712.9662166941279,3067965.0,715.0
PA-509,2008,50046.41417389051,712.9662166941279,3067965.0,715.0
PA-509,2009,50046.41417389051,712.9662166941279,3067965.0,715.0
PA-509,2010,50046.41417389051,712.9662166941279,3067965.0,715.0
PA-509,2011,51529.21290813147,744.2503953544274,3082677.0,715.0
PA-509,2012,52126.79797426312,777.7357517361218,3091517.0,715.0
PA-509,2013,52674.62709776115,793.8621600163505,3097171.0,715.0
PA-509,2014,53252.46934313605,818.6204638495782,3101997.0,715.0
PA-509,2015,53701.41183806424,829.9946234255502,3104021.0,715.0
PA-509,2016,54980.64490048089,848.0020837634914,3104479.0,715.0
PA-509,2017,56807.03191806532,866.1078767305416,3102569.0,715.0
PA-509,2018,58659.638382484,898.0147350473081,3102535.0,715.0
PA-509,2019,60798.244643906626,911.6799847788094,3103568.0,715.0
PA-509,2020,63104.624614155044,916.7782543482223,3105522.0,811.0
PA-509,2021,66626.60975680797,960.4587418541232,3124280.0,811.0
PA-509,2022,72055.7742923684,1024.927938247473,3131467.0,811.0
PA-509,2023,75174.03429864308,1059.093290586196,3134089.0,811.0
PA-510,2007,56218.56873740831,831.6535237163814,511250.0,98.0
PA-510,2008,56218.56873740831,831.6535237163814,511250.0,98.0
PA-510,2009,56218.56873740831,831.6535237163814,511250.0,98.0
PA-510,2010,56218.56873740831,831.6535237163814,511250.0,98.0
PA-510,2011,57550.82094618828,876.6844035772376,515817.0,98.0
PA-510,2012,57888.68689569216,904.25072271707,519913.0,98.0
PA-510,2013,58182.73917937115,929.7665553232716,523306.0,98.0
PA-510,2014,58704.441761145245,950.6942120837675,526839.0,98.0
PA-510,2015,59289.73196772636,974.6383153280927,530216.0,98.0
PA-510,2016,60798.34897300744,990.0410834536963,533110.0,98.0
PA-510,2017,62879.35109805515,1001.394395836673,536494.0,98.0
PA-510,2018,65295.917594042505,1014.3610199369551,538347.0,98.0
PA-510,2019,67915.63930247561,1051.2739709315545,540999.0,98.0
PA-510,2020,71102.00578215634,1059.4033790627013,543050.0,116.0
PA-510,2021,75697.06865281209,1136.50142784479,550480.0,116.0
PA-510,2022,82923.12677647587,1245.724236354894,553202.0,116.0
PA-510,2023,85474.64734639764,1251.5758253159952,555151.0,116.0
PA-511,2007,81229.78143849572,997.156794715979,622859.0,143.0
PA-511,2008,81229.78143849572,997.156794715979,622859.0,143.0
PA-511,2009,81229.78143849572,997.156794715979,622859.0,143.0
PA-511,2010,81229.78143849572,997.156794715979,622859.0,143.0
PA-511,2011,82435.03915585944,1033.1981914019518,624351.0,143.0
PA-511,2012,83606.68768875353,1078.9098203793856,625485.0,143.0
PA-511,2013,83596.67482032087,1028.2920330938678,625977.0,143.0
PA-511,2014,83831.10723644812,1150.288924553461,626205.0,143.0
PA-511,2015,84543.76451483682,1173.460928560143,626583.0,143.0
PA-511,2016,85715.71126920251,1267.229337932356,626220.0,143.0
PA-511,2017,88609.31561279901,1270.24132861708,626486.0,143.0
PA-511,2018,92844.93102798665,1302.4330076472372,626370.0,143.0
PA-511,2019,96243.39100614864,1269.0283660335097,626806.0,143.0
PA-511,2020,99831.7252257563,1318.570457630467,627668.0,147.0
PA-511,2021,105556.03870645097,1401.2125810720142,643872.0,147.0
PA-511,2022,114712.39500870323,1494.8423855676783,645163.0,147.0
PA-511,2023,117196.47479926253,1432.2499934209814,645993.0,147.0
PA-512,2007,59206.12731710165,805.14708939102,428175.0,90.0
PA-512,2008,59206.12731710165,805.14708939102,428175.0,90.0
PA-512,2009,59206.12731710165,805.14708939102,428175.0,90.0
PA-512,2010,59206.12731710165,805.14708939102,428175.0,90.0
PA-512,2011,60326.20179319254,834.7683110052388,431967.0,90.0
PA-512,2012,60372.800517282245,853.1154358586126,434579.0,90.0
PA-512,2013,60754.56810644934,842.9549799582435,436339.0,90.0
PA-512,2014,61249.30730141627,852.1607000995316,438052.0,90.0
PA-512,2015,60518.21301232771,862.5987262884956,439660.0,90.0
PA-512,2016,61608.76348603281,877.4052732158582,440604.0,90.0
PA-512,2017,64018.16495106464,941.557603071802,442216.0,90.0
PA-512,2018,66355.12010657322,953.7406996175796,444014.0,90.0
PA-512,2019,68421.16290103576,985.6855161424259,445565.0,90.0
PA-512,2020,71475.71661960377,999.2146045376965,447628.0,108.0
PA-512,2021,75493.23709594044,1062.775774573531,454605.0,108.0
PA-512,2022,82155.03252372274,1111.4410142412992,457051.0,108.0
PA-512,2023,85837.34318720172,1155.5728328456473,459312.0,108.0
PA-600,2007,53979.74816567544,747.4412231228732,1223066.0,402.0
PA-600,2008,53979.74816567544,747.4412231228732,1223066.0,402.0
PA-600,2009,53979.74816567544,747.4412231228732,1223066.0,402.0
PA-600,2010,53979.74816567544,747.4412231228732,1223066.0,402.0
PA-600,2011,55605.165653337695,774.6218369056619,1223525.0,402.0
PA-600,2012,56468.59122269288,778.3378236928996,1224772.0,402.0
PA-600,2013,57250.97654721163,799.9882071800172,1226933.0,402.0
PA-600,2014,58081.34103201179,804.8531962979957,1229172.0,402.0
PA-600,2015,58786.153546495334,856.4905839685821,1231145.0,402.0
PA-600,2016,60439.23646006047,864.0555154588901,1230360.0,402.0
PA-600,2017,62713.002055131525,910.393344204033,1229605.0,402.0
PA-600,2018,65746.53642372758,928.9326292204141,1225561.0,402.0
PA-600,2019,68430.64289327388,968.6275152568787,1221744.0,402.0
PA-600,2020,70688.12071767429,957.659182685205,1218380.0,394.0
PA-600,2021,75632.73688083614,1018.9457265615721,1246116.0,394.0
PA-600,2022,81278.84682850054,1109.055430374766,1245310.0,394.0
PA-600,2023,84833.69080901203,1111.8112224662145,1240476.0,394.0
PA-601,2007,46241.249344024276,595.9843803676871,1761117.0,474.0
PA-601,2008,46241.249344024276,595.9843803676871,1761117.0,474.0
PA-601,2009,46241.249344024276,595.9843803676871,1761117.0,474.0
PA-601,2010,46241.249344024276,595.9843803676871,1761117.0,474.0
PA-601,2011,47655.06540377923,612.8074913530912,1758721.0,474.0
PA-601,2012,48445.31833451505,636.9429238604835,1754516.0,474.0
PA-601,2013,49117.427517854805,646.1308855447052,1750369.0,474.0
PA-601,2014,49935.139369819786,658.6907780824617,1745342.0,474.0
PA-601,2015,50748.90483439416,673.4123170566317,1740156.0,474.0
PA-601,2016,52003.17432646592,686.6776483991122,1732726.0,474.0
PA-601,2017,53937.51639651318,702.6440862144768,1721799.0,474.0
PA-601,2018,56148.55710554805,730.0954668409703,1713485.0,474.0
PA-601,2019,58152.822016951104,744.5589175188769,1704196.0,474.0
PA-601,2020,59876.161561462046,744.5749312037095,1695949.0,505.0
PA-601,2021,63421.759251748845,775.3902836124604,1706272.0,505.0
PA-601,2022,68591.27272321295,834.086802570631,1701839.0,505.0
PA-601,2023,71079.82957319106,865.754371132208,1694927.0,505.0
PA-603,2007,48523.613677296016,660.4964824647809,171569.0,51.0
PA-603,2008,48523.613677296016,660.4964824647809,171569.0,51.0
PA-603,2009,48523.613677296016,660.4964824647809,171569.0,51.0
PA-603,2010,48523.613677296016,660.4964824647809,171569.0,51.0
PA-603,2011,50055.858852695776,669.2830371812638,171027.0,51.0
PA-603,2012,50873.41260388948,676.5682652068411,170614.0,51.0
PA-603,2013,51916.66342688782,678.1545761876255,170382.0,51.0
PA-603,2014,52943.135324821895,677.6065575697727,170124.0,51.0
PA-603,2015,52914.78595282269,687.7925611803163,169785.0,51.0
PA-603,2016,54809.70177004226,715.6931591856032,169205.0,51.0
PA-603,2017,56677.79181855484,707.3907207973311,168161.0,51.0
PA-603,2018,57876.988208225484,717.0504805387786,166896.0,51.0
PA-603,2019,60352.141745008536,741.7513944751648,165833.0,51.0
PA-603,2020,62367.433532992276,795.1315928414077,164781.0,53.0
PA-603,2021,66044.48791156543,788.0151075716153,168260.0,53.0
PA-603,2022,70798.37564502562,909.2566560678641,167629.0,53.0
PA-603,2023,75039.13311336403,939.3444934817627,166993.0,53.0
PA-605,2007,46064.011585265405,653.6826281899769,279234.0,71.0
PA-605,2008,46064.011585265405,653.6826281899769,279234.0,71.0
PA-605,2009,46064.011585265405,653.6826281899769,279234.0,71.0
PA-605,2010,46064.011585265405,653.6826281899769,279234.0,71.0
PA-605,2011,46942.56258934187,675.3154768711762,279824.0,71.0
PA-605,2012,47994.31472512412,685.8203090145299,280181.0,71.0
PA-605,2013,47818.59642874967,700.7722534739304,280518.0,71.0
PA-605,2014,48608.03457655677,724.6291676780946,280132.0,71.0
PA-605,2015,49039.68801677994,714.5471917901222,279858.0,71.0
PA-605,2016,50053.56368469511,741.5001450921245,279133.0,71.0
PA-605,2017,51041.43468541437,781.7891855115661,277794.0,71.0
PA-605,2018,52923.022679837086,784.1997557723247,275972.0,71.0
PA-605,2019,54173.60729271277,796.7261160918071,273835.0,71.0
PA-605,2020,55190.86903685406,799.1176345176918,272046.0,73.0
PA-605,2021,58740.57363471532,834.7899214057954,271903.0,73.0
PA-605,2022,62268.50983936856,888.4958169282241,270495.0,73.0
PA-605,2023,64864.134538331404,935.9364074140029,269544.0,73.0
PR-502,2007,23641.518610752508,498.1178534246331,1680910.0,436.0
PR-502,2008,23641.518610752508,498.1178534246331,1680910.0,436.0
PR-502,2009,23641.518610752508,498.1178534246331,1680910.0,436.0
PR-502,2010,23641.518610752508,498.1178534246331,1680910.0,436.0
PR-502,2011,23836.33451620903,523.5614001142941,1669378.0,436.0
PR-502,2012,24143.731686040013,530.6427096064052,1655281.0,436.0
PR-502,2013,24166.97996465428,531.9196309149902,1638105.0,436.0
PR-502,2014,24161.210942077723,539.6576897541925,1616183.0,436.0
PR-502,2015,23834.402707989288,515.8169394711402,1588928.0,436.0
PR-502,2016,24192.881349609797,528.9876589261961,1562911.0,436.0
PR-502,2017,24704.987075807803,533.8217289407378,1533945.0,436.0
PR-502,2018,24854.17346789361,535.8089957656838,1495637.0,436.0
PR-502,2019,25411.57092860189,540.1862923992915,1463232.0,436.0
PR-502,2020,25688.79486460372,537.6816738001305,1433385.0,451.0
PR-502,2021,27057.945198963975,570.1012782131925,1486450.0,451.0
PR-502,2022,29428.553283970345,613.2556216129184,1471953.0,451.0
PR-502,2023,31158.77089579225,620.5477275983707,1465630.0,451.0
PR-503,2007,18436.671291411792,425.0005525095464,2081412.0,467.0
PR-503,2008,18436.671291411792,425.0005525095464,2081412.0,467.0
PR-503,2009,18436.671291411792,425.0005525095464,2081412.0,467.0
PR-503,2010,18436.671291411792,425.0005525095464,2081412.0,467.0
PR-503,2011,19002.186449213008,443.5684909570096,2073208.0,467.0
PR-503,2012,19415.88635064901,458.62468674901015,2061446.0,467.0
PR-503,2013,19666.763186837637,462.23941431715895,2044861.0,467.0
PR-503,2014,19742.563636120947,465.9038487587886,2022782.0,467.0
PR-503,2015,19447.120193366078,458.72472011814585,1994145.0,467.0
PR-503,2016,19648.370022181833,456.046969855691,1966474.0,467.0
PR-503,2017,19682.865965071127,457.6054140064847,1935018.0,467.0
PR-503,2018,20247.29873621586,459.62525802303594,1891304.0,467.0
PR-503,2019,20608.924510636232,478.5976115975776,1855215.0,467.0
PR-503,2020,21123.48525921426,473.92439869897606,1822257.0,488.0
PR-503,2021,22053.885964893052,479.3777230023279,1824824.0,488.0
PR-503,2022,24149.676869790477,512.6759327915736,1800429.0,488.0
PR-503,2023,25344.055566143452,524.0993217847652,1789255.0,488.0
RI-500,2007,58654.181727658164,923.451306757621,1055475.0,240.0
RI-500,2008,58654.181727658164,923.451306757621,1055475.0,240.0
RI-500,2009,58654.181727658164,923.451306757621,1055475.0,240.0
RI-500,2010,58654.181727658164,923.451306757621,1055475.0,240.0
RI-500,2011,59606.49768282422,935.0987040909548,1053006.0,240.0
RI-500,2012,59645.86539661166,948.8482885257624,1051608.0,240.0
RI-500,2013,59753.060710333164,961.754286731141,1050859.0,240.0
RI-500,2014,59638.953656499354,970.2153362113119,1052359.0,240.0
RI-500,2015,60182.51661497689,962.2813465621156,1052755.0,240.0
RI-500,2016,61838.90751191622,994.3631727609752,1053606.0,240.0
RI-500,2017,64200.14475773897,1010.9605811763012,1055308.0,240.0
RI-500,2018,67178.18104366044,1059.7512180521774,1055784.0,240.0
RI-500,2019,70929.13443717072,1092.011265578923,1056315.0,240.0
RI-500,2020,74231.1166220562,1108.5110040712368,1056927.0,246.0
RI-500,2021,78715.81899862687,1160.2786848430073,1090942.0,246.0
RI-500,2022,86145.29440915842,1273.0984452404125,1093288.0,246.0
RI-500,2023,91458.12495546082,1296.0523689360482,1094542.0,246.0
SC-500,2007,51983.906556428185,913.3373138732522,881120.0,213.0
SC-500,2008,51983.906556428185,913.3373138732522,881120.0,213.0
SC-500,2009,51983.906556428185,913.3373138732522,881120.0,213.0
SC-500,2010,51983.906556428185,913.3373138732522,881120.0,213.0
SC-500,2011,52773.49839982552,950.0454892438897,898652.0,213.0
SC-500,2012,53162.00965480496,971.8557893346231,915917.0,213.0
SC-500,2013,53545.598200992754,993.2578430563401,932959.0,213.0
SC-500,2014,54206.63463178965,1013.9609537463724,950693.0,213.0
SC-500,2015,54799.9133695614,1039.2655712218095,968678.0,213.0
SC-500,2016,56730.5437083461,1071.4702286155157,988953.0,213.0
SC-500,2017,59302.80199935952,1110.6112363093048,1008623.0,213.0
SC-500,2018,62019.18525477521,1167.6466198718822,1027180.0,213.0
SC-500,2019,66289.00947430689,1195.424171619319,1046409.0,213.0
SC-500,2020,69064.38200361356,1233.1045636177573,1067092.0,245.0
SC-500,2021,72433.735255153,1280.927461915599,1062049.0,245.0
SC-500,2022,79789.23027264203,1430.9070007893538,1079364.0,245.0
SC-500,2023,83772.20532925213,1481.9235858123466,1097715.0,245.0
SC-501,2007,44978.17457549262,665.4274863541572,1391083.0,335.0
SC-501,2008,44978.17457549262,665.4274863541572,1391083.0,335.0
SC-501,2009,44978.17457549262,665.4274863541572,1391083.0,335.0
SC-501,2010,44978.17457549262,665.4274863541572,1391083.0,335.0
SC-501,2011,46070.456416613684,693.9974268897832,1407635.0,335.0
SC-501,2012,45976.08694669501,714.7600919830933,1420261.0,335.0
SC-501,2013,45989.8908503399,727.749112351622,1431310.0,335.0
SC-501,2014,46307.11602711998,739.9158757597493,1441594.0,335.0
SC-501,2015,46767.89093200049,732.6212848287099,1453937.0,335.0
SC-501,2016,47893.24317574057,739.9656477908452,1467009.0,335.0
SC-501,2017,49971.20114351042,778.4586094983442,1481753.0,335.0
SC-501,2018,52455.1868119843,805.126769707492,1498694.0,335.0
SC-501,2019,55484.18752352085,844.6488629915157,1517271.0,335.0
SC-501,2020,57195.7881000363,852.7745384386209,1537282.0,405.0
SC-501,2021,60358.23339635807,886.9069428663183,1550714.0,405.0
SC-501,2022,65569.37206527153,973.4901216796356,1572079.0,405.0
SC-501,2023,68886.52961068272,1029.9797335590245,1595100.0,405.0
SC-502,2007,48009.46629865543,719.234419019483,1320793.0,316.0
SC-502,2008,48009.46629865543,719.234419019483,1320793.0,316.0
SC-502,2009,48009.46629865543,719.234419019483,1320793.0,316.0
SC-502,2010,48009.46629865543,719.234419019483,1320793.0,316.0
SC-502,2011,48436.920808290895,756.390462370045,1342388.0,316.0
SC-502,2012,48884.23215756946,787.0931429004005,1360619.0,316.0
SC-502,2013,49014.52036110322,800.8322449712148,1376227.0,316.0
SC-502,2014,49426.003721666544,812.4508073684968,1389700.0,316.0
SC-502,2015,49640.664495982164,817.8857554352628,1403244.0,316.0
SC-502,2016,51418.9468501175,843.7258249541173,1418291.0,316.0
SC-502,2017,53317.8548084273,873.3583967538373,1433816.0,316.0
SC-502,2018,55859.84739650368,902.4477295715179,1451356.0,316.0
SC-502,2019,58233.4439644428,940.0158389192267,1468282.0,316.0
SC-502,2020,60019.43549718483,886.9036383411219,1487656.0,399.0
SC-502,2021,63625.19778434039,943.4694900479933,1478747.0,399.0
SC-502,2022,68992.51975728448,1019.8963940746889,1493930.0,399.0
SC-502,2023,72472.85752385491,1083.4892847331857,1510695.0,399.0
SC-503,2007,39103.99010269677,652.1075877147138,918432.0,233.0
SC-503,2008,39103.99010269677,652.1075877147138,918432.0,233.0
SC-503,2009,39103.99010269677,652.1075877147138,918432.0,233.0
SC-503,2010,39103.99010269677,652.1075877147138,918432.0,233.0
SC-503,2011,39577.85298143097,686.4879997497814,927189.0,233.0
SC-503,2012,39652.63047986512,706.4396285592478,933554.0,233.0
SC-503,2013,39616.33702585225,718.2552629841573,939106.0,233.0
SC-503,2014,39529.905631734735,724.7057959178492,945286.0,233.0
SC-503,2015,40247.60482790577,717.3310952730696,951717.0,233.0
SC-503,2016,41502.35634850555,740.46504719103,960352.0,233.0
SC-503,2017,42761.60790279514,760.9045676459785,969252.0,233.0
SC-503,2018,44549.16953698548,782.3707477814845,978695.0,233.0
SC-503,2019,46428.852873658536,800.2656435190991,988844.0,233.0
SC-503,2020,47650.817222235004,828.352609888873,999487.0,268.0
SC-503,2021,50638.43860144846,881.1717320256473,987393.0,268.0
SC-503,2022,54926.47788348839,949.7769629738805,997377.0,268.0
SC-503,2023,58054.87112390812,1024.742761061526,1009264.0,268.0
SD-500,2007,47723.61555421265,584.8221888616774,786025.0,219.0
SD-500,2008,47723.61555421265,584.8221888616774,786025.0,219.0
SD-500,2009,47723.61555421265,584.8221888616774,786025.0,219.0
SD-500,2010,47723.61555421265,584.8221888616774,786025.0,219.0
SD-500,2011,49681.97363984018,607.5796691569509,794153.0,219.0
SD-500,2012,50933.47926795215,629.5480909711938,802188.0,219.0
SD-500,2013,51637.64177827844,642.2794363600285,811369.0,219.0
SD-500,2014,52395.80836551103,656.2685124825912,820703.0,219.0
SD-500,2015,52920.43645085923,659.7157900354606,843190.0,222.0
SD-500,2016,54230.25996465576,679.2647998138788,851058.0,222.0
SD-500,2017,56194.70379943047,709.4680575233446,855444.0,222.0
SD-500,2018,58422.72614831381,723.4685967309546,864289.0,222.0
SD-500,2019,60303.495688219446,756.5897881783244,870638.0,222.0
SD-500,2020,62472.948925098026,754.2517444981213,879336.0,242.0
SD-500,2021,65838.99789631259,805.1065770000624,881785.0,242.0
SD-500,2022,71999.77547728851,872.068645531717,890342.0,242.0
SD-500,2023,75078.33678605506,923.5164614087728,899194.0,242.0
TN-500,2007,44287.130740008644,670.1313669775774,647560.0,150.0
TN-500,2008,44287.130740008644,670.1313669775774,647560.0,150.0
TN-500,2009,44287.130740008644,670.1313669775774,647560.0,150.0
TN-500,2010,44287.130740008644,670.1313669775774,647560.0,150.0
TN-500,2011,45239.338266219755,685.4813122732908,653370.0,150.0
TN-500,2012,45117.09392341506,707.4174164875596,658824.0,150.0
TN-500,2013,45542.24267394854,724.9329509648578,663932.0,150.0
TN-500,2014,46551.031598004905,735.722168197048,669441.0,150.0
TN-500,2015,47087.93487488366,738.0004876010031,674732.0,150.0
TN-500,2016,48149.588635631386,752.3709786809588,679721.0,150.0
TN-500,2017,50046.94191938389,774.7155089235591,684032.0,150.0
TN-500,2018,52055.715418674874,813.1194312176993,688840.0,150.0
TN-500,2019,54797.02464955508,831.4857928901827,694617.0,150.0
TN-500,2020,56279.695754891945,864.788261040762,700948.0,170.0
TN-500,2021,60309.45950499064,911.7087754245428,702815.0,170.0
TN-500,2022,66668.14417547654,988.6306663828335,709337.0,170.0
TN-500,2023,70017.05895286423,1046.672556834442,716335.0,170.0
TN-501,2007,51667.440044174895,836.3747138819286,922696.0,221.0
TN-501,2008,51667.440044174895,836.3747138819286,922696.0,221.0
TN-501,2009,51667.440044174895,836.3747138819286,922696.0,221.0
TN-501,2010,51667.440044174895,836.3747138819286,922696.0,221.0
TN-501,2011,52229.64319473507,885.0367278725856,925673.0,221.0
TN-501,2012,52619.83891969009,936.4553111184513,929437.0,221.0
TN-501,2013,52554.4321650647,933.2827555232554,932919.0,221.0
TN-501,2014,53073.50413190476,933.7398224605557,936130.0,221.0
TN-501,2015,53169.81977072781,971.9351202346041,937750.0,221.0
TN-501,2016,54227.77379587829,1003.3333013159158,936990.0,221.0
TN-501,2017,55434.039124718634,1017.846802303574,937847.0,221.0
TN-501,2018,56552.98360734468,1018.1830427799212,937005.0,221.0
TN-501,2019,58549.605175923294,1050.0691112739141,936374.0,221.0
TN-501,2020,60813.329430254395,1074.8836208415232,936611.0,249.0
TN-501,2021,64732.24036513994,1129.4627993775143,929178.0,249.0
TN-501,2022,70687.40125534304,1215.7679882129441,926440.0,249.0
TN-501,2023,73955.08202386697,1266.7108236327458,922195.0,249.0
TN-502,2007,52711.42898137572,712.8841103674825,423748.0,112.0
TN-502,2008,52711.42898137572,712.8841103674825,423748.0,112.0
TN-502,2009,52711.42898137572,712.8841103674825,423748.0,112.0
TN-502,2010,52711.42898137572,712.8841103674825,423748.0,112.0
TN-502,2011,53550.64158758515,748.6785438584626,428777.0,112.0
TN-502,2012,53634.935077226364,781.6026449249435,433207.0,112.0
TN-502,2013,54535.94682630675,801.0274884835337,436983.0,112.0
TN-502,2014,54716.407785230025,814.5269642322319,440732.0,112.0
TN-502,2015,55143.60149027339,822.2099593111706,444348.0,112.0
TN-502,2016,56558.03372426165,856.1431797288493,448164.0,112.0
TN-502,2017,58288.133904211056,885.596381493126,452286.0,112.0
TN-502,2018,60394.602615167096,894.50380437761,456185.0,112.0
TN-502,2019,63540.48250936882,922.7536672854714,461104.0,112.0
TN-502,2020,65808.49948947197,946.5583117395706,466184.0,121.0
TN-502,2021,69153.09123348889,1012.5260495785695,475286.0,121.0
TN-502,2022,74832.10443160243,1110.0076338890667,481406.0,121.0
TN-502,2023,79408.60654984294,1179.6475407313485,487401.0,121.0
TN-503,2007,55712.921612037455,719.3796671754776,1029852.0,241.0
TN-503,2008,55712.921612037455,719.3796671754776,1029852.0,241.0
TN-503,2009,55712.921612037455,719.3796671754776,1029852.0,241.0
TN-503,2010,55712.921612037455,719.3796671754776,1029852.0,241.0
TN-503,2011,56094.3028645376,738.182066482925,1047848.0,241.0
TN-503,2012,56390.60054201358,779.5154321481215,1063073.0,241.0
TN-503,2013,56416.95190441972,816.9451215549527,1077126.0,241.0
TN-503,2014,57205.49460372833,805.226821132901,1091587.0,241.0
TN-503,2015,58603.16435458067,884.5225395638156,1107009.0,241.0
TN-503,2016,61054.67531744224,918.7550970476448,1123984.0,241.0
TN-503,2017,63855.17218614425,965.913951179503,1141201.0,241.0
TN-503,2018,67556.18976735626,978.6702370468728,1162808.0,241.0
TN-503,2019,70572.13261289202,1019.5256468448281,1185292.0,241.0
TN-503,2020,72649.26504651541,1030.0058788077702,1209599.0,273.0
TN-503,2021,77174.88436226788,1052.698983353475,1247828.0,273.0
TN-503,2022,83006.20258768332,1143.846755693406,1272876.0,273.0
TN-503,2023,85867.56007619518,1219.3538440775217,1296670.0,273.0
TN-504,2007,49401.74394502059,818.6294437446564,612884.0,161.0
TN-504,2008,49401.74394502059,818.6294437446564,612884.0,161.0
TN-504,2009,49401.74394502059,818.6294437446564,612884.0,161.0
TN-504,2010,49401.74394502059,818.6294437446564,612884.0,161.0
TN-504,2011,50420.86048839297,841.2608684439989,620443.0,161.0
TN-504,2012,50515.65258387603,858.8939045926567,629113.0,161.0
TN-504,2013,50926.72875570767,871.3902771794892,638395.0,161.0
TN-504,2014,51560.54366188924,903.7917561662099,648048.0,161.0
TN-504,2015,52664.23480272009,931.445128821909,658506.0,161.0
TN-504,2016,55012.560168292446,971.2268294691452,667885.0,161.0
TN-504,2017,58448.77037896456,1054.8697919277276,678322.0,161.0
TN-504,2018,61571.36442807708,1129.0194717382756,684017.0,161.0
TN-504,2019,65454.4835720769,1185.0101732684789,687488.0,161.0
TN-504,2020,68415.39232629536,1219.8463347525126,690540.0,174.0
TN-504,2021,72907.65465849906,1278.1528461940184,708490.0,174.0
TN-504,2022,78762.85600166811,1424.0242833755526,709786.0,174.0
TN-504,2023,82168.98902156242,1512.4896808603555,709846.0,174.0
TN-506,2007,41269.25001720792,593.9728263599377,537543.0,120.0
TN-506,2008,41269.25001720792,593.9728263599377,537543.0,120.0
TN-506,2009,41269.25001720792,593.9728263599377,537543.0,120.0
TN-506,2010,41269.25001720792,593.9728263599377,537543.0,120.0
TN-506,2011,41959.64009900716,629.6074796819837,542991.0,120.0
TN-506,2012,42063.356972034395,646.3310014962976,547351.0,120.0
TN-506,2013,41817.87698593487,668.1994148151241,550937.0,120.0
TN-506,2014,42036.992457512635,680.1978288746327,554459.0,120.0
TN-506,2015,42691.74152014324,678.8530814682184,558500.0,120.0
TN-506,2016,43964.17495849499,696.6059607411419,563185.0,120.0
TN-506,2017,45824.76974053611,721.102132775248,568133.0,120.0
TN-506,2018,48785.877614594916,756.11550248777,574611.0,120.0
TN-506,2019,52019.79550997554,782.6068952842892,582224.0,120.0
TN-506,2020,53803.5545474104,798.8235262229737,590303.0,146.0
TN-506,2021,57521.73697667148,850.976427733344,594894.0,146.0
TN-506,2022,63173.70886771226,953.7066524386208,604440.0,146.0
TN-506,2023,65917.80787669895,963.4286472165808,614496.0,146.0
TN-507,2007,39599.317526161125,595.459091886468,669696.0,183.0
TN-507,2008,39599.317526161125,595.459091886468,669696.0,183.0
TN-507,2009,39599.317526161125,595.459091886468,669696.0,183.0
TN-507,2010,39599.317526161125,595.459091886468,669696.0,183.0
TN-507,2011,40539.18433916681,612.0701118099647,672212.0,183.0
TN-507,2012,40617.37325850704,633.1014564404062,673560.0,183.0
TN-507,2013,40815.08799865882,642.4315129971382,674033.0,183.0
TN-507,2014,41469.464710398795,655.3302111658452,673357.0,183.0
TN-507,2015,41603.71987192274,666.2625062892427,671782.0,183.0
TN-507,2016,42678.41917603421,687.5560694814554,670222.0,183.0
TN-507,2017,43768.57675888285,709.3007413869602,667128.0,183.0
TN-507,2018,45290.28870035288,722.3601831969368,665950.0,183.0
TN-507,2019,46957.56518295414,735.9451393084626,665358.0,183.0
TN-507,2020,47794.64438615674,731.0290298856521,664901.0,201.0
TN-507,2021,50792.85520890065,760.0249911723693,668356.0,201.0
TN-507,2022,55987.71300611242,829.5192583816057,669293.0,201.0
TN-507,2023,58695.45291877339,858.5140043815925,670076.0,201.0
TN-509,2007,38449.66357908933,545.6775519894027,501256.0,118.0
TN-509,2008,38449.66357908933,545.6775519894027,501256.0,118.0
TN-509,2009,38449.66357908933,545.6775519894027,501256.0,118.0
TN-509,2010,38449.66357908933,545.6775519894027,501256.0,118.0
TN-509,2011,39253.426993217574,571.806565006338,504097.0,118.0
TN-509,2012,39150.60478161065,596.1556356532898,505771.0,118.0
TN-509,2013,38636.74673201002,607.3647339324237,506657.0,118.0
TN-509,2014,39337.45238175033,616.9484458445786,507253.0,118.0
TN-509,2015,39251.27407483394,613.5745350743427,506909.0,118.0
TN-509,2016,40207.15688610706,624.5668529473844,506941.0,118.0
TN-509,2017,41373.87231056786,639.3729826175002,506659.0,118.0
TN-509,2018,42969.99111951991,660.0159576669524,507405.0,118.0
TN-509,2019,45326.60334378758,669.9734674306915,508884.0,118.0
TN-509,2020,47236.11817671222,677.3183258348027,510989.0,131.0
TN-509,2021,50398.83457981457,721.0044194307509,515451.0,131.0
TN-509,2022,54946.47365436033,776.2543665047514,518378.0,131.0
TN-509,2023,57464.19592607142,830.9944026597426,521855.0,131.0
TN-510,2007,55793.274999301444,849.8945700291797,250517.0,49.0
TN-510,2008,55793.274999301444,849.8945700291797,250517.0,49.0
TN-510,2009,55793.274999301444,849.8945700291797,250517.0,49.0
TN-510,2010,55793.274999301444,849.8945700291797,250517.0,49.0
TN-510,2011,57176.00659791894,933.1419406420164,257657.0,49.0
TN-510,2012,57394.37788222808,985.5592555389193,263815.0,49.0
TN-510,2013,58420.23519804608,964.1550924808932,269407.0,49.0
TN-510,2014,57838.528524909154,938.71317173756,275461.0,49.0
TN-510,2015,59008.5606211822,975.3742134358256,282558.0,49.0
TN-510,2016,60613.08389225909,980.1801687284052,290289.0,49.0
TN-510,2017,64044.14478851154,1035.8220541721394,298456.0,49.0
TN-510,2018,65867.18729975776,1084.6435948529604,307128.0,49.0
TN-510,2019,69056.42893466112,1096.944312334753,315815.0,49.0
TN-510,2020,72053.17720484114,1135.1065283720873,324139.0,64.0
TN-510,2021,76217.02859398977,1271.735067566561,335595.0,64.0
TN-510,2022,81765.12086917815,1363.5840768982362,343727.0,64.0
TN-510,2023,86007.4758711116,1530.9645582509222,351591.0,64.0
TN-512,2007,40700.70935176842,602.2397280418513,639216.0,142.0
TN-512,2008,40700.70935176842,602.2397280418513,639216.0,142.0
TN-512,2009,40700.70935176842,602.2397280418513,639216.0,142.0
TN-512,2010,40700.70935176842,602.2397280418513,639216.0,142.0
TN-512,2011,41369.409886141446,631.8827208829581,644923.0,142.0
TN-512,2012,41736.699643338594,644.8204968609175,649075.0,142.0
TN-512,2013,41901.94394768082,664.962456940052,651998.0,142.0
TN-512,2014,42108.09398577181,665.9649059317725,654897.0,142.0
TN-512,2015,42217.76650935863,674.6097021996255,657521.0,142.0
TN-512,2016,43330.28617467016,680.1604639827558,660628.0,142.0
TN-512,2017,45135.85843420265,691.1908951526947,663317.0,142.0
TN-512,2018,46987.05527475492,711.6013580357945,667140.0,142.0
TN-512,2019,49393.00411782208,754.000476048795,672200.0,142.0
TN-512,2020,52168.774804071654,752.2654198633147,678054.0,172.0
TN-512,2021,55623.036125081424,800.2581249523183,681604.0,172.0
TN-512,2022,60711.10471755834,880.4538947723332,688089.0,172.0
TN-512,2023,64565.75709046789,914.3164428126397,695617.0,172.0
TX-500,2007,52472.91567403312,830.7568379152632,1672403.0,372.0
TX-500,2008,52472.91567403312,830.7568379152632,1672403.0,372.0
TX-500,2009,52472.91567403312,830.7568379152632,1672403.0,372.0
TX-500,2010,52472.91567403312,830.7568379152632,1672403.0,372.0
TX-500,2011,53827.58126316652,849.7257332287815,1708880.0,372.0
TX-500,2012,54417.581491553465,901.4704472985476,1743377.0,372.0
TX-500,2013,55445.24042736442,923.212591971278,1777593.0,372.0
TX-500,2014,56127.9336029929,955.4589358131576,1813892.0,372.0
TX-500,2015,56558.22283678007,967.5410165606568,1851557.0,372.0
TX-500,2016,57890.48981228211,1008.9359681434288,1885702.0,372.0
TX-500,2017,59892.30477725309,1036.286715425525,1919241.0,372.0
TX-500,2018,61623.56512186584,1085.9655006878368,1953952.0,372.0
TX-500,2019,62827.53669725234,1103.4192254569173,1980884.0,372.0
TX-500,2020,64451.558887220825,1129.7593873429485,2014308.0,383.0
TX-500,2021,68576.9597371842,1185.3155617766847,2023927.0,383.0
TX-500,2022,73836.75638726908,1286.1210036373086,2047393.0,383.0
TX-500,2023,77929.55146161438,1369.2480321591356,2072195.0,383.0
TX-503,2007,62436.80052268453,986.602404621263,1027771.0,229.0
TX-503,2008,62436.80052268453,986.602404621263,1027771.0,229.0
TX-503,2009,62436.80052268453,986.602404621263,1027771.0,229.0
TX-503,2010,62436.80052268453,986.602404621263,1027771.0,229.0
TX-503,2011,64746.0006990976,1039.1267703298813,1057077.0,229.0
TX-503,2012,64677.028703332,1037.1471895152824,1086076.0,229.0
TX-503,2013,65737.1655005728,1061.7556234416766,1112975.0,229.0
TX-503,2014,66590.24127470887,1093.045756319818,1146552.0,229.0
TX-503,2015,68571.54328075619,1159.9946437084607,1176747.0,229.0
TX-503,2016,71104.46018047593,1214.1663852170561,1206255.0,229.0
TX-503,2017,75360.29427317198,1276.2047781735791,1234907.0,229.0
TX-503,2018,79593.76247612665,1344.3462374177257,1262391.0,229.0
TX-503,2019,84329.38006341219,1373.827206442604,1286188.0,229.0
TX-503,2020,86890.6574331807,1364.1312285658962,1306621.0,299.0
TX-503,2021,93087.27992039094,1443.0571241678535,1328492.0,299.0
TX-503,2022,100115.99754203127,1606.8238098441464,1352743.0,299.0
TX-503,2023,105571.59447745615,1690.6198385601324,1371904.0,299.0
TX-600,2007,62651.49872840741,961.6154979440291,3267556.0,725.0
TX-600,2008,62651.49872840741,961.6154979440291,3267556.0,725.0
TX-600,2009,62651.49872840741,961.6154979440291,3267556.0,725.0
TX-600,2010,62651.49872840741,961.6154979440291,3267556.0,725.0
TX-600,2011,64308.90323720971,997.57738561341,3326723.0,725.0
TX-600,2012,64515.827304748476,1007.6993146624914,3387528.0,725.0
TX-600,2013,64759.790139054945,1011.8702248501844,3450075.0,725.0
TX-600,2014,65978.8746593347,1023.1607670132236,3517749.0,725.0
TX-600,2015,66512.35698281237,1112.26515450169,3584265.0,725.0
TX-600,2016,68370.91847761805,1135.9899560772196,3643895.0,725.0
TX-600,2017,71655.53997267575,1190.6977794945471,3717577.0,725.0
TX-600,2018,74681.32575421095,1247.9394000092368,3789225.0,725.0
TX-600,2019,77144.2676861595,1307.7687690943649,3846030.0,725.0
TX-600,2020,80594.86636068196,1309.9841635143798,3910653.0,928.0
TX-600,2021,84579.86368774202,1384.7589537338793,3938692.0,928.0
TX-600,2022,91865.21540413464,1519.9225667819567,3985021.0,928.0
TX-600,2023,95477.9505788672,1643.4691162892948,4030199.0,928.0
TX-601,2007,61864.91919912734,928.3563200747246,1837146.0,372.0
TX-601,2008,61864.91919912734,928.3563200747246,1837146.0,372.0
TX-601,2009,61864.91919912734,928.3563200747246,1837146.0,372.0
TX-601,2010,61864.91919912734,928.3563200747246,1837146.0,372.0
TX-601,2011,63046.008771163186,955.27527085143,1876490.0,372.0
TX-601,2012,63477.939792169964,992.9679037352699,1911562.0,372.0
TX-601,2013,63512.65538719475,1000.3107826080703,1946811.0,372.0
TX-601,2014,64131.18526677432,1009.7157604243068,1981019.0,372.0
TX-601,2015,65311.58167307757,1073.6809298556407,2016356.0,372.0
TX-601,2016,67195.52010415753,1090.4835442791305,2052660.0,372.0
TX-601,2017,70228.92037690883,1142.7015021077516,2091328.0,372.0
TX-601,2018,72236.8351057515,1215.1710127395438,2131081.0,372.0
TX-601,2019,74473.8147749094,1250.3121517235902,2165306.0,372.0
TX-601,2020,78434.65902182244,1242.6011879633438,2195859.0,471.0
TX-601,2021,80468.94479239355,1292.3404341766065,2212648.0,471.0
TX-601,2022,87003.32085619905,1414.9738196391713,2243170.0,471.0
TX-601,2023,89986.48901879143,1556.206324123543,2272473.0,471.0
TX-603,2007,39820.63256461387,685.5075788574093,772280.0,161.0
TX-603,2008,39820.63256461387,685.5075788574093,772280.0,161.0
TX-603,2009,39820.63256461387,685.5075788574093,772280.0,161.0
TX-603,2010,39820.63256461387,685.5075788574093,772280.0,161.0
TX-603,2011,41943.8172616553,744.8977749838077,787410.0,161.0
TX-603,2012,43295.88170237731,773.9963725557504,801115.0,161.0
TX-603,2013,43917.434475378686,799.5548200217709,813015.0,161.0
TX-603,2014,44544.445322153464,791.7358137649267,823862.0,161.0
TX-603,2015,45188.28640648782,830.7666644607416,831095.0,161.0
TX-603,2016,45517.516860766416,825.377676369255,833592.0,161.0
TX-603,2017,46945.943667235646,868.8598089419938,834825.0,161.0
TX-603,2018,48492.96162377306,883.1365778710542,837654.0,161.0
TX-603,2019,50195.600105016136,907.557220636747,836062.0,161.0
TX-603,2020,52614.23829540634,929.0826535550206,836915.0,188.0
TX-603,2021,55819.82523693034,969.9974188974822,860485.0,188.0
TX-603,2022,59771.25017132961,1029.4637950434808,863832.0,188.0
TX-603,2023,62541.029978932784,1136.963304955124,866275.0,188.0
TX-604,2007,43318.01436411247,727.4134304159936,342938.0,90.0
TX-604,2008,43318.01436411247,727.4134304159936,342938.0,90.0
TX-604,2009,43318.01436411247,727.4134304159936,342938.0,90.0
TX-604,2010,43318.01436411247,727.4134304159936,342938.0,90.0
TX-604,2011,44549.30061727147,740.2028763637309,346201.0,90.0
TX-604,2012,44653.071787603716,753.852141406259,348556.0,90.0
TX-604,2013,43795.6418859287,751.0496734556759,351254.0,90.0
TX-604,2014,44042.58608194347,766.246987372423,353512.0,90.0
TX-604,2015,44494.22624834789,768.2561173907775,354849.0,90.0
TX-604,2016,46124.53721740935,772.6320158623765,356567.0,90.0
TX-604,2017,48900.8844087219,800.064810071606,359188.0,90.0
TX-604,2018,50805.98487335609,842.58216198172,362473.0,90.0
TX-604,2019,52909.001321560594,866.1829827868785,365477.0,90.0
TX-604,2020,55432.027034645,868.0311000051495,368971.0,99.0
TX-604,2021,58142.54123291514,920.7347948737311,370796.0,99.0
TX-604,2022,62973.838706317794,1004.4464811224517,374466.0,99.0
TX-604,2023,66299.61777447278,1079.176278650044,377879.0,99.0
TX-607,2007,48379.794589640915,725.9400034270318,9652668.0,2167.0
TX-607,2008,48379.794589640915,725.9400034270318,9652668.0,2167.0
TX-607,2009,48379.794589640915,725.9400034270318,9652668.0,2167.0
TX-607,2010,48379.794589640915,725.9400034270318,9652668.0,2167.0
TX-607,2011,49767.724424801636,748.5920719983561,9811224.0,2167.0
TX-607,2012,50439.58170597737,776.7578294537183,9950343.0,2167.0
TX-607,2013,50896.30009590456,794.687744979537,10085026.0,2167.0
TX-607,2014,51816.10095212282,809.629517715375,10219795.0,2167.0
TX-607,2015,52377.63045287895,834.4259352638782,10354003.0,2167.0
TX-607,2016,54140.174845624795,865.0788620230418,10480634.0,2167.0
TX-607,2017,56497.96714554916,899.4371154593517,10624527.0,2167.0
TX-607,2018,58798.93416909459,933.5941977656948,10777400.0,2167.0
TX-607,2019,61361.65104551985,964.2630519594017,10916292.0,2167.0
TX-607,2020,64363.35919133594,936.9114702982024,11072781.0,2872.0
TX-607,2021,68287.59779854555,978.0488039960723,11154353.0,2872.0
TX-607,2022,74047.27850538373,1082.4626302645795,11320230.0,2872.0
TX-607,2023,77357.74211922562,1157.3019023806237,11500012.0,2872.0
TX-611,2007,46899.90912447984,727.2620056769642,181435.0,52.0
TX-611,2008,46899.90912447984,727.2620056769642,181435.0,52.0
TX-611,2009,46899.90912447984,727.2620056769642,181435.0,52.0
TX-611,2010,46899.90912447984,727.2620056769642,181435.0,52.0
TX-611,2011,47966.91031278024,749.5918258648333,183995.0,52.0
TX-611,2012,48711.816819961015,763.2698410141589,186243.0,52.0
TX-611,2013,49495.16411646736,767.9777326216827,188482.0,52.0
TX-611,2014,50697.553108394626,793.3158128942753,191015.0,52.0
TX-611,2015,51387.08347386172,816.0942385085714,193318.0,52.0
TX-611,2016,53325.35358333761,845.9720155953419,194930.0,52.0
TX-611,2017,55761.39182882171,880.6950425176174,194978.0,52.0
TX-611,2018,57111.71070331398,919.0877790138703,195958.0,52.0
TX-611,2019,58471.15979050222,939.3663457223288,196088.0,52.0
TX-611,2020,57064.49915638269,944.4101050571162,196179.0,54.0
TX-611,2021,59405.81773228603,1004.2564099955232,196568.0,54.0
TX-611,2022,64390.34245354074,1065.9790081518258,195171.0,54.0
TX-611,2023,67345.00852715955,1123.0962745469146,195493.0,54.0
TX-624,2007,45458.20717273919,696.6709346991037,327239.0,90.0
TX-624,2008,45458.20717273919,696.6709346991037,327239.0,90.0
TX-624,2009,45458.20717273919,696.6709346991037,327239.0,90.0
TX-624,2010,45458.20717273919,696.6709346991037,327239.0,90.0
TX-624,2011,47699.83828533032,717.8749549494518,327410.0,90.0
TX-624,2012,48370.01078269152,735.9080052020686,327562.0,90.0
TX-624,2013,48504.01425407826,733.4253559706683,327836.0,90.0
TX-624,2014,48614.016117294195,744.3773328664302,328405.0,90.0
TX-624,2015,49503.55567083393,749.0402375613452,328673.0,90.0
TX-624,2016,49548.12250871249,771.9934607020343,329699.0,90.0
TX-624,2017,50294.82302750543,784.5084945464679,330153.0,90.0
TX-624,2018,51808.7777864803,830.2689992770213,331960.0,90.0
TX-624,2019,53805.97020828394,840.3728525688153,333247.0,90.0
TX-624,2020,57245.6126169338,814.8747184651135,335660.0,107.0
TX-624,2021,61779.98326845778,838.6452259756286,330633.0,107.0
TX-624,2022,67609.35770618981,889.7203845981039,333855.0,107.0
TX-624,2023,70658.78952566533,976.1307957184422,337167.0,107.0
TX-700,2007,61763.05798342878,934.1555138812596,4920699.0,921.0
TX-700,2008,61763.05798342878,934.1555138812596,4920699.0,921.0
TX-700,2009,61763.05798342878,934.1555138812596,4920699.0,921.0
TX-700,2010,61763.05798342878,934.1555138812596,4920699.0,921.0
TX-700,2011,63495.45407130964,949.7626699184757,5034326.0,921.0
TX-700,2012,63921.70123045824,985.4779198007986,5147757.0,921.0
TX-700,2013,64438.07674261397,996.3337836138181,5263386.0,921.0
TX-700,2014,65793.95713081275,1010.0648117052491,5389582.0,921.0
TX-700,2015,66665.58354471471,1090.1004676399364,5517279.0,921.0
TX-700,2016,68641.49322388947,1126.1433042001029,5636862.0,921.0
TX-700,2017,71112.56050689807,1168.9968484754406,5772127.0,921.0
TX-700,2018,72718.73934308067,1227.1850189355716,5896310.0,921.0
TX-700,2019,74633.71513674945,1254.6951293062318,5983973.0,921.0
TX-700,2020,76509.19847785411,1236.9597178459665,6046201.0,1378.0
TX-700,2021,80048.75969546851,1262.1720460762585,6092769.0,1378.0
TX-700,2022,86284.32117824678,1394.0045057858017,6169845.0,1378.0
TX-700,2023,88825.61096853072,1489.3958700511146,6253782.0,1378.0
TX-701,2007,41325.885930469936,722.308502595971,300273.0,72.0
TX-701,2008,41325.885930469936,722.308502595971,300273.0,72.0
TX-701,2009,41325.885930469936,722.308502595971,300273.0,72.0
TX-701,2010,41325.885930469936,722.308502595971,300273.0,72.0
TX-701,2011,42008.86149767841,760.4153300194312,305179.0,72.0
TX-701,2012,42529.066878826554,762.7296835371468,309515.0,72.0
TX-701,2013,42974.7469767531,779.7836581766611,313074.0,72.0
TX-701,2014,44046.76354822737,793.8879872331433,317071.0,72.0
TX-701,2015,44935.6013306007,803.699664858063,321058.0,72.0
TX-701,2016,46998.12551206888,815.890294608252,326128.0,72.0
TX-701,2017,47977.26172827583,843.3930722891566,331336.0,72.0
TX-701,2018,49966.75980987714,923.6221515648984,337466.0,72.0
TX-701,2019,52271.24944112447,895.4209202086469,342205.0,72.0
TX-701,2020,55185.081512064375,962.4117236345171,346599.0,101.0
TX-701,2021,57791.22659022502,973.7126759352157,348850.0,101.0
TX-701,2022,63406.80295339309,1047.6447128661325,353424.0,101.0
TX-701,2023,65848.8678878,1072.8311283026655,358574.0,101.0
UT-500,2007,63754.735885132184,985.5384174688987,1003658.0,213.0
UT-500,2008,63754.735885132184,985.5384174688987,1003658.0,213.0
UT-500,2009,63754.735885132184,985.5384174688987,1003658.0,213.0
UT-500,2010,63754.735885132184,985.5384174688987,1003658.0,213.0
UT-500,2011,64953.83632577465,1019.0229200556612,1020460.0,213.0
UT-500,2012,65071.62647444172,1021.0082962371224,1036494.0,213.0
UT-500,2013,65457.290787618054,1036.0570236043247,1052985.0,213.0
UT-500,2014,66435.55666079321,1044.460615225392,1068649.0,213.0
UT-500,2015,67066.56365209898,1106.9900713852728,1083837.0,213.0
UT-500,2016,69994.87031795327,1125.207979214286,1097677.0,213.0
UT-500,2017,73612.52362306694,1188.5828201272702,1111964.0,213.0
UT-500,2018,77270.77482799163,1229.84657865853,1126108.0,213.0
UT-500,2019,80923.75268769069,1256.5821545062267,1139268.0,213.0
UT-500,2020,83281.55081268013,1251.9495031259598,1152606.0,252.0
UT-500,2021,89079.78016397165,1325.046833066768,1180448.0,252.0
UT-500,2022,96243.67421229529,1438.8393084052693,1188326.0,252.0
UT-500,2023,102000.82337019182,1539.1787780935267,1192579.0,252.0
UT-503,2007,57302.30433580023,800.1735388754632,1113543.0,231.0
UT-503,2008,57302.30433580023,800.1735388754632,1113543.0,231.0
UT-503,2009,57302.30433580023,800.1735388754632,1113543.0,231.0
UT-503,2010,57302.30433580023,800.1735388754632,1113543.0,231.0
UT-503,2011,58804.27740393448,838.0196064814611,1137583.0,231.0
UT-503,2012,58833.52857168782,860.8577166673724,1157177.0,231.0
UT-503,2013,59181.7818104559,877.8651231390342,1174323.0,231.0
UT-503,2014,60039.97431439397,887.9226256919894,1190589.0,231.0
UT-503,2015,60753.27081410971,902.4542087101439,1207282.0,231.0
UT-503,2016,62453.58954400128,935.8685464408064,1224828.0,231.0
UT-503,2017,64851.56158694315,965.5117781314125,1241708.0,231.0
UT-503,2018,67417.72812533895,975.4672753946531,1263071.0,231.0
UT-503,2019,70154.67336705318,1005.9652502410692,1284901.0,231.0
UT-503,2020,73652.46047670167,1026.1076196625115,1308785.0,285.0
UT-503,2021,78642.46724405552,1082.1423068559302,1333590.0,285.0
UT-503,2022,86328.04747678014,1188.554043359429,1359612.0,285.0
UT-503,2023,91210.69167824242,1275.0084530096601,1384359.0,285.0
UT-504,2007,61977.29348282982,899.1182886294407,540035.0,144.0
UT-504,2008,61977.29348282982,899.1182886294407,540035.0,144.0
UT-504,2009,61977.29348282982,899.1182886294407,540035.0,144.0
UT-504,2010,61977.29348282982,899.1182886294407,540035.0,144.0
UT-504,2011,64714.94205649734,927.5893087832115,557336.0,144.0
UT-504,2012,65147.1781064758,998.5323004320929,572562.0,144.0
UT-504,2013,65583.33743316877,1009.3995906986263,586365.0,144.0
UT-504,2014,66685.9508810716,1058.859225578712,598873.0,144.0
UT-504,2015,68499.74051710058,1099.1273494920458,612260.0,144.0
UT-504,2016,70268.63001300482,1113.3422630934845,625922.0,144.0
UT-504,2017,73705.68902601875,1185.3584368445138,640269.0,144.0
UT-504,2018,77377.78524957671,1260.2372948514944,656171.0,144.0
UT-504,2019,81306.34368398598,1297.570984080074,672679.0,144.0
UT-504,2020,83836.8156144542,1255.0085410119332,689848.0,179.0
UT-504,2021,90354.73409662471,1355.654734488354,717332.0,179.0
UT-504,2022,99420.6737063969,1465.6755912381382,735871.0,179.0
UT-504,2023,105565.15667505028,1588.1967334394874,754249.0,179.0
VA-500,2007,66638.06232815424,966.7686244204018,983440.0,240.0
VA-500,2008,66638.06232815424,966.7686244204018,983440.0,240.0
VA-500,2009,66638.06232815424,966.7686244204018,983440.0,240.0
VA-500,2010,66638.06232815424,966.7686244204018,983440.0,240.0
VA-500,2011,67857.58965692023,1030.0614977080413,994346.0,240.0
VA-500,2012,67464.57094056727,1028.4141465200883,1004968.0,240.0
VA-500,2013,67239.72566582548,1030.2316981072627,1015619.0,240.0
VA-500,2014,67861.95514872538,1066.2720751454542,1027128.0,240.0
VA-500,2015,68391.9144130137,1073.1536678280308,1038721.0,240.0
VA-500,2016,69778.46916488753,1081.8175261442825,1050134.0,240.0
VA-500,2017,72565.71060071536,1120.0211775098555,1061834.0,240.0
VA-500,2018,74601.76274873447,1179.314984256102,1072479.0,240.0
VA-500,2019,77309.08399400162,1203.1548579997693,1083625.0,240.0
VA-500,2020,79104.92248165955,1206.8486893291997,1096347.0,279.0
VA-500,2021,83351.70403559574,1284.8330224409929,1110245.0,279.0
VA-500,2022,89723.03259769328,1420.3263591876596,1122288.0,279.0
VA-500,2023,94621.42786080192,1454.7284285087521,1132803.0,279.0
VA-501,2007,57678.012858248905,967.309403574689,605759.0,164.0
VA-501,2008,57678.012858248905,967.309403574689,605759.0,164.0
VA-501,2009,57678.012858248905,967.309403574689,605759.0,164.0
VA-501,2010,57678.012858248905,967.309403574689,605759.0,164.0
VA-501,2011,59402.7985356955,1016.9338269129635,608480.0,164.0
VA-501,2012,59897.15820132756,1025.6663403236018,612852.0,164.0
VA-501,2013,60322.54172171475,1067.469377598742,616885.0,164.0
VA-501,2014,59833.47807688714,1035.5084003698419,620806.0,164.0
VA-501,2015,59724.30219222718,1161.6980222263478,624844.0,164.0
VA-501,2016,60967.38046953285,1180.09442509265,628710.0,164.0
VA-501,2017,62809.42018450862,1196.8598456307423,631732.0,164.0
VA-501,2018,65559.12716070376,1223.3480319448774,635094.0,164.0
VA-501,2019,68640.29450677043,1256.0312397031366,637330.0,164.0
VA-501,2020,71499.08813297134,1218.1418052304684,641281.0,194.0
VA-501,2021,75477.62360971699,1237.8925888864374,643574.0,194.0
VA-501,2022,82690.59346651174,1287.7040496610712,646301.0,194.0
VA-501,2023,85461.7969488274,1377.4369286569042,648472.0,194.0
VA-502,2007,50500.36887231512,718.4134342930131,272452.0,63.0
VA-502,2008,50500.36887231512,718.4134342930131,272452.0,63.0
VA-502,2009,50500.36887231512,718.4134342930131,272452.0,63.0
VA-502,2010,50500.36887231512,718.4134342930131,272452.0,63.0
VA-502,2011,52121.91901756131,741.3861842730817,273442.0,63.0
VA-502,2012,52421.01658734959,770.3680883006713,274426.0,63.0
VA-502,2013,52374.14625223211,783.0159732001567,275524.0,63.0
VA-502,2014,52478.197960659534,805.8810203934047,276560.0,63.0
VA-502,2015,52218.22136959269,796.8098580137773,277703.0,63.0
VA-502,2016,52357.17920784962,813.2171153362326,278230.0,63.0
VA-502,2017,54669.34486753299,851.8530342931975,277956.0,63.0
VA-502,2018,57445.14897130891,873.6391917272944,277926.0,63.0
VA-502,2019,59443.054597463044,891.6778083198536,277577.0,63.0
VA-502,2020,60044.74402410879,864.1824109512099,277741.0,70.0
VA-502,2021,63023.09876930313,909.9448074853734,280654.0,70.0
VA-502,2022,67818.57237908324,978.2031016808488,280751.0,70.0
VA-502,2023,69407.84727255865,986.1870612407968,280336.0,70.0
VA-503,2007,68646.83674620868,1229.3361705153259,435996.0,99.0
VA-503,2008,68646.83674620868,1229.3361705153259,435996.0,99.0
VA-503,2009,68646.83674620868,1229.3361705153259,435996.0,99.0
VA-503,2010,68646.83674620868,1229.3361705153259,435996.0,99.0
VA-503,2011,70222.25137592424,1266.0433567745818,436979.0,99.0
VA-503,2012,70716.41565952568,1267.3012527074497,439528.0,99.0
VA-503,2013,69965.64114748129,1242.2949942440478,442151.0,99.0
VA-503,2014,72307.86836630965,1258.6668417025153,445623.0,99.0
VA-503,2015,71745.40538713778,1424.1242833879855,448290.0,99.0
VA-503,2016,72783.01040839787,1440.9874814612226,449733.0,99.0
VA-503,2017,75286.59621336852,1496.2199321419287,450057.0,99.0
VA-503,2018,78833.50256256456,1537.653452853033,450135.0,99.0
VA-503,2019,80655.72618452647,1557.2897927814465,450201.0,99.0
VA-503,2020,83210.39974317006,1550.175538167414,450882.0,111.0
VA-503,2021,86655.207816754,1609.2067395303916,457658.0,111.0
VA-503,2022,93156.31373007207,1644.154350294824,457900.0,111.0
VA-503,2023,94364.67715822223,1698.16698682466,457066.0,111.0
VA-504,2007,58793.0475630318,929.5225659726307,229527.0,50.0
VA-504,2008,58793.0475630318,929.5225659726307,229527.0,50.0
VA-504,2009,58793.0475630318,929.5225659726307,229527.0,50.0
VA-504,2010,58793.0475630318,929.5225659726307,229527.0,50.0
VA-504,2011,61039.90557797723,977.0117677936785,232414.0,50.0
VA-504,2012,62206.472837373185,1033.3393264451556,234992.0,50.0
VA-504,2013,62027.90289800051,1027.2515481312748,237060.0,50.0
VA-504,2014,62324.33104190478,1034.1673187783126,239734.0,50.0
VA-504,2015,62934.367807494586,997.1080342826917,241988.0,50.0
VA-504,2016,63472.96606413612,1045.1064402364245,244137.0,50.0
VA-504,2017,65598.14619003204,1090.0960095705423,246590.0,50.0
VA-504,2018,69353.91591818069,1113.236768947493,249281.0,50.0
VA-504,2019,71344.13533212716,1165.3922500347933,251485.0,50.0
VA-504,2020,76054.68001526904,1208.4096627825068,254109.0,64.0
VA-504,2021,81565.10499265786,1306.883481341631,257418.0,64.0
VA-504,2022,89241.6896294186,1375.9478198603294,259754.0,64.0
VA-504,2023,94193.69611260208,1473.514401658338,261949.0,64.0
VA-505,2007,59471.57531642908,975.5864534712586,475620.0,108.0
VA-505,2008,59471.57531642908,975.5864534712586,475620.0,108.0
VA-505,2009,59471.57531642908,975.5864534712586,475620.0,108.0
VA-505,2010,59471.57531642908,975.5864534712586,475620.0,108.0
VA-505,2011,61545.87037651596,1045.638264489542,476102.0,108.0
VA-505,2012,61644.58076849711,1052.1927510318387,477061.0,108.0
VA-505,2013,61092.62863369208,1121.2318981385718,478611.0,108.0
VA-505,2014,61043.7398909265,1125.6668553943507,480410.0,108.0
VA-505,2015,60515.38992369071,1133.3607184392356,482379.0,108.0
VA-505,2016,61808.52018708572,1160.8509364610652,484270.0,108.0
VA-505,2017,63314.319149419636,1178.9029112174726,484093.0,108.0
VA-505,2018,65546.12666866269,1170.207200156929,484295.0,108.0
VA-505,2019,67849.1917941353,1211.0176258540039,484629.0,108.0
VA-505,2020,69796.89316858821,1247.0060000781368,486327.0,121.0
VA-505,2021,72876.21104482899,1275.7043146441897,496866.0,121.0
VA-505,2022,78873.46547953764,1379.0686223856328,499356.0,121.0
VA-505,2023,82533.32955452977,1421.0216346153845,500864.0,121.0
VA-507,2007,46201.8868006406,900.5862478689879,96785.0,31.0
VA-507,2008,46201.8868006406,900.5862478689879,96785.0,31.0
VA-507,2009,46201.8868006406,900.5862478689879,96785.0,31.0
VA-507,2010,46201.8868006406,900.5862478689879,96785.0,31.0
VA-507,2011,46547.61048654051,966.7426144525639,96066.0,31.0
VA-507,2012,47582.74220658551,1018.3248178230639,95786.0,31.0
VA-507,2013,47268.539691974016,1014.3862316347066,95901.0,31.0
VA-507,2014,47274.50227587572,1035.961200745779,96007.0,31.0
VA-507,2015,46361.784719405005,1034.3649347272064,96135.0,31.0
VA-507,2016,47755.35668411904,1041.4378324364272,96071.0,31.0
VA-507,2017,48910.95897881427,1050.781475046056,95536.0,31.0
VA-507,2018,50338.63282307394,1089.7391801575893,95311.0,31.0
VA-507,2019,52606.276770034805,1103.745522992313,95097.0,31.0
VA-507,2020,54250.539295079034,1111.2559682395931,94961.0,31.0
VA-507,2021,54808.02674082131,1155.9179099883022,97454.0,31.0
VA-507,2022,59044.01141871355,1266.044452887538,97384.0,31.0
VA-507,2023,62300.293785136535,1295.0911109055592,97299.0,31.0
VA-508,2007,46882.26203285717,615.5678807742255,242565.0,59.0
VA-508,2008,46882.26203285717,615.5678807742255,242565.0,59.0
VA-508,2009,46882.26203285717,615.5678807742255,242565.0,59.0
VA-508,2010,46882.26203285717,615.5678807742255,242565.0,59.0
VA-508,2011,47872.42486762976,654.8101957772258,244768.0,59.0
VA-508,2012,48303.21355043679,690.9961778322385,246457.0,59.0
VA-508,2013,48198.01417063657,738.2383030733299,247907.0,59.0
VA-508,2014,48285.33064516129,758.417025524585,255440.0,60.0
VA-508,2015,48084.35036908194,758.0211487651222,256989.0,60.0
VA-508,2016,49829.633762429185,767.9417891824445,258062.0,60.0
VA-508,2017,51640.24561478021,789.469823741771,258995.0,60.0
VA-508,2018,53452.34153405865,797.7127994230209,260668.0,60.0
VA-508,2019,54500.50164722608,804.0528641095807,261652.0,60.0
VA-508,2020,57557.6953072409,820.6668403457862,262937.0,69.0
VA-508,2021,60152.439207294665,849.8957210448949,261232.0,69.0
VA-508,2022,65273.29073644535,943.2958752346218,262124.0,69.0
VA-508,2023,68405.5493917386,946.1084821632485,262716.0,69.0
VA-513,2007,53118.12388300167,849.312771271023,340757.0,74.0
VA-513,2008,53118.12388300167,849.312771271023,340757.0,74.0
VA-513,2009,53118.12388300167,849.312771271023,340757.0,74.0
VA-513,2010,53118.12388300167,849.312771271023,340757.0,74.0
VA-513,2011,54838.728817740426,884.9175723875334,344569.0,74.0
VA-513,2012,54960.454215728256,893.7207505740816,347947.0,74.0
VA-513,2013,54861.556329263534,919.1531201316917,351123.0,74.0
VA-513,2014,55971.16205891564,907.5944774700301,354439.0,74.0
VA-513,2015,56114.01411934078,905.4369013074605,357028.0,74.0
VA-513,2016,57543.28061788853,907.3423455973497,359806.0,74.0
VA-513,2017,60089.08974694602,922.7810640777983,362887.0,74.0
VA-513,2018,62521.87441898549,953.1001241863067,366385.0,74.0
VA-513,2019,64847.62953231597,993.987348018959,368796.0,74.0
VA-513,2020,67180.9592991559,1030.9246651680808,372351.0,88.0
VA-513,2021,70449.29219644584,1063.6588169061959,376572.0,88.0
VA-513,2022,77019.02747839008,1133.132739329401,379571.0,88.0
VA-513,2023,80413.31993321312,1191.8871610605295,382111.0,88.0
VA-514,2007,79360.89210882902,1112.6828318883856,318812.0,75.0
VA-514,2008,79360.89210882902,1112.6828318883856,318812.0,75.0
VA-514,2009,79360.89210882902,1112.6828318883856,318812.0,75.0
VA-514,2010,79360.89210882902,1112.6828318883856,318812.0,75.0
VA-514,2011,81815.42795084522,1152.1137946248136,324119.0,75.0
VA-514,2012,83392.84744795602,1189.1757369924214,329481.0,75.0
VA-514,2013,82630.42870915077,1204.3561453305992,335043.0,75.0
VA-514,2014,84506.72443996271,1270.4590283111233,341138.0,75.0
VA-514,2015,84483.23010392106,1367.0575476244758,346513.0,75.0
VA-514,2016,85449.07033077085,1368.7136695478005,351482.0,75.0
VA-514,2017,88211.81470304813,1374.614602176351,354906.0,75.0
VA-514,2018,92243.82235316015,1430.8369600546716,359967.0,75.0
VA-514,2019,95534.14295659991,1461.558286143439,364838.0,75.0
VA-514,2020,99202.54590004499,1439.13916974463,371187.0,88.0
VA-514,2021,105426.5711297735,1513.626909794755,378182.0,88.0
VA-514,2022,112146.99607661889,1626.9772179047432,385127.0,88.0
VA-514,2023,117831.51305553003,1730.4297221966983,391788.0,88.0
VA-521,2007,43362.695292655655,652.2737488847838,1700343.0,411.0
VA-521,2008,43362.695292655655,652.2737488847838,1700343.0,411.0
VA-521,2009,43362.695292655655,652.2737488847838,1700343.0,411.0
VA-521,2010,43362.695292655655,652.2737488847838,1700343.0,411.0
VA-521,2011,44117.24231329265,684.8034414625189,1704566.0,411.0
VA-521,2012,44342.99514425656,705.393963589252,1705815.0,411.0
VA-521,2013,44549.36635838801,719.804529914129,1705816.0,411.0
VA-521,2014,45011.06735008055,730.446922877449,1704482.0,411.0
VA-521,2015,45339.59409073289,739.2442158371413,1702580.0,411.0
VA-521,2016,46580.495786235784,749.9009532913153,1698956.0,411.0
VA-521,2017,48696.06334084223,776.238626025,1694878.0,411.0
VA-521,2018,50033.98032128704,799.7278813865724,1692692.0,411.0
VA-521,2019,52222.03041271825,815.3976287606854,1689918.0,411.0
VA-521,2020,54651.618471605376,812.8968863622905,1688700.0,492.0
VA-521,2021,57413.23364626756,842.4251418127817,1692901.0,492.0
VA-521,2022,62404.89301616674,903.2773358808624,1694714.0,492.0
VA-521,2023,64991.92282219121,942.4164743848802,1694995.0,492.0
VA-600,2007,103541.66134594641,1179.135374518274,197467.0,59.0
VA-600,2008,103541.66134594641,1179.135374518274,197467.0,59.0
VA-600,2009,103541.66134594641,1179.135374518274,197467.0,59.0
VA-600,2010,103541.66134594641,1179.135374518274,197467.0,59.0
VA-600,2011,108087.08287232943,1149.8559056941167,202999.0,59.0
VA-600,2012,111865.91304638961,1181.286937348441,209077.0,59.0
VA-600,2013,113369.01990589265,1007.3083109545241,214861.0,59.0
VA-600,2014,115795.77894655566,991.249871691806,220173.0,59.0
VA-600,2015,116834.74285203956,1909.6632208801268,223945.0,59.0
VA-600,2016,119439.9477823187,1955.8908497425828,226092.0,59.0
VA-600,2017,122210.39656870006,1884.8815948835468,229534.0,59.0
VA-600,2018,123774.52047212503,1945.625802944742,231803.0,59.0
VA-600,2019,127750.85106483227,1932.2098353493473,233464.0,59.0
VA-600,2020,129534.37374489287,2076.2765042252804,236434.0,71.0
VA-600,2021,135980.26310208513,2032.7890729712763,235764.0,71.0
VA-600,2022,139618.07370094766,1780.4697916004154,235845.0,71.0
VA-600,2023,138886.32605972062,1931.6430139767183,235463.0,71.0
VA-601,2007,113516.37743617136,1012.1127091694954,1082077.0,266.0
VA-601,2008,113516.37743617136,1012.1127091694954,1082077.0,266.0
VA-601,2009,113516.37743617136,1012.1127091694954,1082077.0,266.0
VA-601,2010,113516.37743617136,1012.1127091694954,1082077.0,266.0
VA-601,2011,117195.06841048658,987.4341221565779,1098852.0,266.0
VA-601,2012,117987.60354206628,970.4608654769204,1118782.0,266.0
VA-601,2013,117395.89484082478,939.3505206147978,1136829.0,266.0
VA-601,2014,117392.10280387604,954.7867443676738,1153653.0,266.0
VA-601,2015,118042.59911603594,1859.7922512853602,1165432.0,266.0
VA-601,2016,119797.18832514033,1922.8178144848664,1170104.0,266.0
VA-601,2017,123830.42050334612,1937.0999510779386,1179427.0,266.0
VA-601,2018,127916.5662768386,1977.416618915055,1181461.0,266.0
VA-601,2019,128207.73034783498,1963.066098531416,1183521.0,266.0
VA-601,2020,130747.11754165754,1963.5796851043756,1187060.0,282.0
VA-601,2021,134308.2801723447,1971.6846314727338,1185299.0,282.0
VA-601,2022,133603.9542194884,2024.488342065173,1184172.0,282.0
VA-601,2023,134691.4519768999,2037.485341072794,1183545.0,282.0
VA-602,2007,119049.67678371214,1031.7046421603754,291653.0,65.0
VA-602,2008,119049.67678371214,1031.7046421603754,291653.0,65.0
VA-602,2009,119049.67678371214,1031.7046421603754,291653.0,65.0
VA-602,2010,119049.67678371214,1031.7046421603754,291653.0,65.0
VA-602,2011,123553.75134589834,1091.3836824042542,303329.0,65.0
VA-602,2012,125289.1526763604,1111.9988189726332,314980.0,65.0
VA-602,2013,126053.98314735801,951.9425717585005,326477.0,65.0
VA-602,2014,127236.4483205278,927.3914893365908,338916.0,65.0
VA-602,2015,128267.53382090342,1817.5468873263103,351129.0,65.0
VA-602,2016,130866.8982383048,1856.0950239353263,362435.0,65.0
VA-602,2017,135519.55315598653,1929.0496772195495,374558.0,65.0
VA-602,2018,141003.5901678078,1889.9083768885841,385143.0,65.0
VA-602,2019,147535.95175813776,1943.3979890366306,395134.0,65.0
VA-602,2020,146337.82319546424,1841.34595324096,405312.0,75.0
VA-602,2021,159214.38691745614,2034.1418077538724,413574.0,75.0
VA-602,2022,154041.5306424129,2023.5019713717372,420773.0,75.0
VA-602,2023,151657.30292309207,2245.247521553238,427082.0,75.0
VA-603,2007,87736.15487814916,1236.003666374853,133647.0,38.0
VA-603,2008,87736.15487814916,1236.003666374853,133647.0,38.0
VA-603,2009,87736.15487814916,1236.003666374853,133647.0,38.0
VA-603,2010,87736.15487814916,1236.003666374853,133647.0,38.0
VA-603,2011,91936.3718824835,1185.6701200280359,136968.0,38.0
VA-603,2012,93857.00158903211,1301.3131960922635,140337.0,38.0
VA-603,2013,97198.87551153921,1259.8600261685365,143684.0,38.0
VA-603,2014,97257.99083471062,1283.787859747852,146422.0,38.0
VA-603,2015,99033.52138767036,1667.0615678264073,149315.0,38.0
VA-603,2016,98127.61569388604,1711.1222528107319,151473.0,38.0
VA-603,2017,102345.6175683537,1776.2010018744747,154710.0,38.0
VA-603,2018,105419.70792626434,1789.8952110156224,156505.0,38.0
VA-603,2019,110894.47668022307,1876.2741525128004,157613.0,38.0
VA-603,2020,114184.72324378273,1761.2047072497458,158309.0,48.0
VA-603,2021,118733.07496918166,1847.234971710339,158185.0,48.0
VA-603,2022,120509.3957257256,1949.3572788304123,157594.0,48.0
VA-603,2023,120167.03037860041,2003.451431231982,156788.0,48.0
VA-604,2007,93916.16936061416,1036.464160661757,428677.0,92.0
VA-604,2008,93916.16936061416,1036.464160661757,428677.0,92.0
VA-604,2009,93916.16936061416,1036.464160661757,428677.0,92.0
VA-604,2010,93916.16936061416,1036.464160661757,428677.0,92.0
VA-604,2011,97648.47891106289,1004.9977624889991,442009.0,92.0
VA-604,2012,97459.37835451165,1146.4333480146288,456363.0,92.0
VA-604,2013,98635.33393050455,1041.571560781983,471110.0,92.0
VA-604,2014,99671.21370921106,1012.4751920693928,484200.0,92.0
VA-604,2015,99448.82315821886,1676.632630322969,493639.0,92.0
VA-604,2016,99528.48533777062,1750.5280879573957,500606.0,92.0
VA-604,2017,102746.44782482946,1766.6538300354741,508259.0,92.0
VA-604,2018,105117.38875772644,1789.0533646568692,514629.0,92.0
VA-604,2019,108481.97020110358,1886.4236724450184,519583.0,92.0
VA-604,2020,110775.75166152792,1858.02566518214,525420.0,103.0
VA-604,2021,117693.3993101149,1906.6704699749116,536901.0,103.0
VA-604,2022,127342.16190601213,1874.9223066355803,540857.0,103.0
VA-604,2023,134241.46801489097,1951.3375387250055,544222.0,103.0
VT-500,2007,50560.72543335981,788.8928010836391,469529.0,149.0
VT-500,2008,50560.72543335981,788.8928010836391,469529.0,149.0
VT-500,2009,50560.72543335981,788.8928010836391,469529.0,149.0
VT-500,2010,50560.72543335981,788.8928010836391,469529.0,149.0
VT-500,2011,51963.90150908176,827.0525174092037,469292.0,149.0
VT-500,2012,52578.478479187375,836.5327494336628,468802.0,149.0
VT-500,2013,52708.1892104291,846.3286394300687,468267.0,149.0
VT-500,2014,52714.33935536016,862.4556975829214,467672.0,149.0
VT-500,2015,53562.76942040253,871.0380215595436,466893.0,149.0
VT-500,2016,54304.97241802813,872.0188904085765,465739.0,149.0
VT-500,2017,56066.072813387655,891.5333235558642,463651.0,149.0
VT-500,2018,58262.59652427499,913.4316638764378,462925.0,149.0
VT-500,2019,60408.179917559624,921.6003721296952,461667.0,149.0
VT-500,2020,62354.82445772206,933.6970251189996,460926.0,152.0
VT-500,2021,66352.24174143771,984.1186339150499,474114.0,152.0
VT-500,2022,72787.55775835057,1041.7990145255485,475507.0,152.0
VT-500,2023,76216.8042852675,1087.1672421356652,476423.0,152.0
VT-501,2007,64135.663262866045,973.337480368903,154729.0,35.0
VT-501,2008,64135.663262866045,973.337480368903,154729.0,35.0
VT-501,2009,64135.663262866045,973.337480368903,154729.0,35.0
VT-501,2010,64135.663262866045,973.337480368903,154729.0,35.0
VT-501,2011,65857.29430318759,1003.2170865828119,155666.0,35.0
VT-501,2012,67186.26657349263,1029.3011436156635,156696.0,35.0
VT-501,2013,67413.21162544326,1044.5776752919683,157637.0,35.0
VT-501,2014,66627.80699620635,1084.7850093896122,158686.0,35.0
VT-501,2015,67787.77181909824,1118.9792124524922,159711.0,35.0
VT-501,2016,68810.31398666749,1166.69601893963,160510.0,35.0
VT-501,2017,70413.46442836289,1224.1555113830482,160985.0,35.0
VT-501,2018,73222.73702268407,1267.8211006343643,162052.0,35.0
VT-501,2019,76312.9898552685,1265.1226897679624,162646.0,35.0
VT-501,2020,77939.02838190118,1262.7872152936714,163414.0,41.0
VT-501,2021,82968.703819774,1345.1707049181307,167523.0,41.0
VT-501,2022,90385.30344188368,1456.7638628950324,168309.0,41.0
VT-501,2023,95169.2828627444,1521.562621793391,168831.0,41.0
WA-500,2007,73973.66905177005,1068.1076573076937,1883077.0,398.0
WA-500,2008,73973.66905177005,1068.1076573076937,1883077.0,398.0
WA-500,2009,73973.66905177005,1068.1076573076937,1883077.0,398.0
WA-500,2010,73973.66905177005,1068.1076573076937,1883077.0,398.0
WA-500,2011,76357.05468030843,1104.4305382983273,1913047.0,398.0
WA-500,2012,77204.39908719217,1139.1980967751053,1945645.0,398.0
WA-500,2013,77604.10837310519,1161.0892351274788,1979624.0,398.0
WA-500,2014,78897.31510830302,1193.325465175457,2014025.0,398.0
WA-500,2015,80854.05230191196,1312.2424904168242,2051512.0,398.0
WA-500,2016,84289.00096385727,1380.6089554328703,2085371.0,398.0
WA-500,2017,89637.85849260484,1475.0459477872903,2123889.0,398.0
WA-500,2018,95819.56206277625,1594.9648441336117,2168941.0,398.0
WA-500,2019,100850.83347788102,1689.1197132004222,2201119.0,398.0
WA-500,2020,105401.834580237,1755.341857228933,2230592.0,495.0
WA-500,2021,112497.99808533673,1834.9978373787142,2246348.0,495.0
WA-500,2022,121262.25353370377,1953.605479226561,2259881.0,495.0
WA-500,2023,124875.40736978682,2001.9386873909132,2268261.0,495.0
WA-501,2007,51106.578409640715,798.3223970120715,2321073.0,518.0
WA-501,2008,51106.578409640715,798.3223970120715,2321073.0,518.0
WA-501,2009,51106.578409640715,798.3223970120715,2321073.0,518.0
WA-501,2010,51106.578409640715,798.3223970120715,2321073.0,518.0
WA-501,2011,52572.88475442925,839.3441438140114,2352316.0,518.0
WA-501,2012,52810.64698083204,862.4074750503867,2379596.0,518.0
WA-501,2013,53004.11743469916,882.5171708430694,2401309.0,518.0
WA-501,2014,53518.570902224375,907.6663965165095,2419642.0,518.0
WA-501,2015,53896.57681627813,906.4125428590876,2438806.0,518.0
WA-501,2016,55354.36617642033,926.2414394737142,2457676.0,518.0
WA-501,2017,57580.48239182205,956.7845457593162,2478763.0,518.0
WA-501,2018,60274.19122057353,998.6657971144821,2513171.0,518.0
WA-501,2019,63186.68096059808,1029.9147181014032,2545206.0,518.0
WA-501,2020,66521.00606016799,1055.5389645454275,2587057.0,666.0
WA-501,2021,71209.64864411444,1129.051066976467,2616740.0,666.0
WA-501,2022,78117.35066246806,1249.1227886668028,2642467.0,666.0
WA-501,2023,82269.38786097083,1319.3567644576087,2663096.0,666.0
WA-502,2007,51177.11200359015,786.9074322185655,461262.0,105.0
WA-502,2008,51177.11200359015,786.9074322185655,461262.0,105.0
WA-502,2009,51177.11200359015,786.9074322185655,461262.0,105.0
WA-502,2010,51177.11200359015,786.9074322185655,461262.0,105.0
WA-502,2011,52941.53763046708,823.7560005744946,466497.0,105.0
WA-502,2012,53360.19679192134,845.5079542917885,470375.0,105.0
WA-502,2013,52708.681452497935,842.1591724493069,473832.0,105.0
WA-502,2014,53345.89814236293,868.2404340077576,476950.0,105.0
WA-502,2015,52712.97035139092,853.2025010814588,480832.0,105.0
WA-502,2016,53265.70130222966,877.8523789823796,485859.0,105.0
WA-502,2017,55310.30218394177,900.7221393582251,490764.0,105.0
WA-502,2018,58638.30639015817,977.1005593773538,497875.0,105.0
WA-502,2019,61244.06314477602,1001.9987062442508,505505.0,105.0
WA-502,2020,65626.06768380334,989.3992485420781,513402.0,130.0
WA-502,2021,69435.21500083728,1079.1132033935617,531477.0,130.0
WA-502,2022,76597.49618626684,1158.8698430141578,538711.0,130.0
WA-502,2023,79987.86366918172,1235.708797901246,544323.0,130.0
WA-503,2007,60011.4230931711,1021.2987918484116,778793.0,171.0
WA-503,2008,60011.4230931711,1021.2987918484116,778793.0,171.0
WA-503,2009,60011.4230931711,1021.2987918484116,778793.0,171.0
WA-503,2010,60011.4230931711,1021.2987918484116,778793.0,171.0
WA-503,2011,61294.50049818265,1083.1996606766133,786860.0,171.0
WA-503,2012,61645.02946475821,1108.8376786029282,793660.0,171.0
WA-503,2013,61908.82454768191,1132.4982277101915,800377.0,171.0
WA-503,2014,62443.664941107716,1132.2410739159127,807661.0,171.0
WA-503,2015,62659.8258273748,1139.6424326999888,816196.0,171.0
WA-503,2016,64335.80015355319,1176.742665417284,827075.0,171.0
WA-503,2017,67028.08335249333,1229.815175424071,839423.0,171.0
WA-503,2018,70993.33785280441,1291.9001927048455,854156.0,171.0
WA-503,2019,75180.16789266877,1348.7836035510836,871396.0,171.0
WA-503,2020,79572.7082792717,1427.751314967044,886334.0,192.0
WA-503,2021,85949.65583092844,1552.0939869776614,904753.0,192.0
WA-503,2022,95110.5553699412,1720.8965081999336,913483.0,192.0
WA-503,2023,100514.8128240133,1843.9368118289754,918558.0,192.0
WA-504,2007,70052.95442216362,1112.4215110793568,694219.0,149.0
WA-504,2008,70052.95442216362,1112.4215110793568,694219.0,149.0
WA-504,2009,70052.95442216362,1112.4215110793568,694219.0,149.0
WA-504,2010,70052.95442216362,1112.4215110793568,694219.0,149.0
WA-504,2011,71618.05588358863,1176.5908881874027,704536.0,149.0
WA-504,2012,71847.50688298437,1228.3107833655029,714443.0,149.0
WA-504,2013,72141.70704790189,1232.8779165004892,724627.0,149.0
WA-504,2014,72589.11870249717,1244.9754457395177,735351.0,149.0
WA-504,2015,73777.21882320168,1299.2812484514225,746653.0,149.0
WA-504,2016,76339.4012224362,1333.7699937652326,758649.0,149.0
WA-504,2017,81195.02217115082,1400.778164124036,771904.0,149.0
WA-504,2018,86472.80822633546,1485.676458772978,786620.0,149.0
WA-504,2019,91195.24691915954,1569.6662752501227,798808.0,149.0
WA-504,2020,94984.51905314624,1595.455559087795,811572.0,173.0
WA-504,2021,102087.65957581729,1680.8727890890998,820024.0,173.0
WA-504,2022,110801.33300697662,1904.6536204467504,828337.0,173.0
WA-504,2023,115393.41339942107,1960.8127569945655,834648.0,173.0
WA-508,2007,60998.02019282385,967.4187001771218,422873.0,105.0
WA-508,2008,60998.02019282385,967.4187001771218,422873.0,105.0
WA-508,2009,60998.02019282385,967.4187001771218,422873.0,105.0
WA-508,2010,60998.02019282385,967.4187001771218,422873.0,105.0
WA-508,2011,62017.18923203341,1008.5770678485716,429589.0,105.0
WA-508,2012,61946.02206462143,1023.0452579914712,434995.0,105.0
WA-508,2013,61704.79545030809,1068.6549942020417,439810.0,105.0
WA-508,2014,62986.77844370519,1098.5164267083283,445494.0,105.0
WA-508,2015,64081.36010321952,1120.0774190690308,451465.0,105.0
WA-508,2016,66462.48892732206,1151.1207809542088,458516.0,105.0
WA-508,2017,71023.63772720238,1202.800483208089,465224.0,105.0
WA-508,2018,75141.57089614484,1277.8972576561587,473573.0,105.0
WA-508,2019,79231.35617796659,1362.0134752773467,482068.0,105.0
WA-508,2020,82688.48101047827,1441.5636684303352,481950.0,115.0
WA-508,2021,87863.37666719034,1539.9093564071268,496494.0,115.0
WA-508,2022,95442.82052843634,1649.4263773802745,504091.0,115.0
WA-508,2023,100172.67004755972,1745.7941043963363,510516.0,115.0
WI-500,2007,55237.53796586417,694.5322536159681,4024510.0,946.0
WI-500,2008,55237.53796586417,694.5322536159681,4024510.0,946.0
WI-500,2009,55237.53796586417,694.5322536159681,4024510.0,946.0
WI-500,2010,55237.53796586417,694.5322536159681,4024510.0,946.0
WI-500,2011,56325.68680911409,717.972118434225,4040555.0,946.0
WI-500,2012,56353.32978262098,732.8958760451674,4051863.0,946.0
WI-500,2013,56234.13405708869,736.3729997722362,4061225.0,946.0
WI-500,2014,56693.36805131713,753.9915887533575,4069908.0,946.0
WI-500,2015,57289.716909122166,754.5143264996531,4077793.0,946.0
WI-500,2016,58630.66345336042,761.2328948057792,4084578.0,946.0
WI-500,2017,60827.102928654,792.4197562804163,4085597.0,946.0
WI-500,2018,63399.79250358238,817.371711555144,4095743.0,946.0
WI-500,2019,65835.65633140909,828.3989390094904,4104655.0,946.0
WI-500,2020,67869.78060706911,839.0375326126564,4116500.0,1055.0
WI-500,2021,71834.2042053129,882.5880968781581,4176669.0,1055.0
WI-500,2022,77465.36322018041,953.2022364645126,4188933.0,1055.0
WI-500,2023,80911.52065991917,997.0023419543925,4199484.0,1055.0
WI-501,2007,46637.613064410165,771.4693157966587,937616.0,297.0
WI-501,2008,46637.613064410165,771.4693157966587,937616.0,297.0
WI-501,2009,46637.613064410165,771.4693157966587,937616.0,297.0
WI-501,2010,46637.613064410165,771.4693157966587,937616.0,297.0
WI-501,2011,47161.81065194914,803.2476321806868,942006.0,297.0
WI-501,2012,47348.622002907294,820.1736581222585,946584.0,297.0
WI-501,2013,46904.60956816587,832.343424226771,950527.0,297.0
WI-501,2014,47240.01742184034,830.2744228294285,953401.0,297.0
WI-501,2015,47500.698385566444,839.6519223506939,955939.0,297.0
WI-501,2016,48848.16349316345,850.0214224552133,955306.0,297.0
WI-501,2017,50472.32969957746,875.7337907935095,956586.0,297.0
WI-501,2018,52651.24675830976,903.2133023268487,954209.0,297.0
WI-501,2019,54871.47110676117,935.8778292435236,951226.0,297.0
WI-501,2020,56224.28680334605,927.8955298257443,949180.0,301.0
WI-501,2021,59943.88506830309,969.1185861702886,939123.0,301.0
WI-501,2022,64780.86011126794,1070.7504530776594,933063.0,301.0
WI-501,2023,68017.06186776132,1107.9776921617497,927656.0,301.0
WI-502,2007,54703.437222701505,774.1584709555501,194736.0,44.0
WI-502,2008,54703.437222701505,774.1584709555501,194736.0,44.0
WI-502,2009,54703.437222701505,774.1584709555501,194736.0,44.0
WI-502,2010,54703.437222701505,774.1584709555501,194736.0,44.0
WI-502,2011,55152.58215957627,793.5758989688713,195029.0,44.0
WI-502,2012,55502.015803183196,794.9324801050127,195024.0,44.0
WI-502,2013,55458.27620805455,832.1029403470994,195045.0,44.0
WI-502,2014,56904.073908295264,862.1783745814939,195039.0,44.0
WI-502,2015,57532.294974216886,845.9856025039123,194895.0,44.0
WI-502,2016,58228.443293837525,859.8521036777798,194873.0,44.0
WI-502,2017,60948.94086139999,899.5346974131347,195101.0,44.0
WI-502,2018,62927.652939129366,931.3689085865772,195398.0,44.0
WI-502,2019,64834.99746935103,911.0396723959877,195602.0,44.0
WI-502,2020,65876.49578523326,929.9988358972527,195859.0,46.0
WI-502,2021,70856.44144007214,978.8044016840697,197379.0,46.0
WI-502,2022,76768.96245965859,1040.117878092841,197068.0,46.0
WI-502,2023,78688.83053309495,1019.6824235098127,196888.0,46.0
WI-503,2007,62687.70444250944,854.4782814370756,477748.0,107.0
WI-503,2008,62687.70444250944,854.4782814370756,477748.0,107.0
WI-503,2009,62687.70444250944,854.4782814370756,477748.0,107.0
WI-503,2010,62687.70444250944,854.4782814370756,477748.0,107.0
WI-503,2011,64096.0713330702,900.014744385871,483913.0,107.0
WI-503,2012,64519.49563500884,918.3451615994975,490379.0,107.0
WI-503,2013,64543.79307394688,945.3672503130272,496762.0,107.0
WI-503,2014,64996.18389650565,956.770414168244,502984.0,107.0
WI-503,2015,65421.744167950485,956.3309577850168,510198.0,107.0
WI-503,2016,67831.61101974003,986.437567963964,516818.0,107.0
WI-503,2017,70426.1379990322,1025.2548059911599,522837.0,107.0
WI-503,2018,73399.68280603876,1061.1651583582307,529843.0,107.0
WI-503,2019,76295.95864594332,1101.929573681442,536078.0,107.0
WI-503,2020,77860.35209849961,1128.4356181757516,542459.0,125.0
WI-503,2021,82076.5401314913,1205.3590267051204,555474.0,125.0
WI-503,2022,89151.51518599156,1292.6449183859002,559891.0,125.0
WI-503,2023,92855.48887968171,1352.3028451937666,564777.0,125.0
WV-500,2007,39253.128309776366,514.6037419509979,149708.0,46.0
WV-500,2008,39253.128309776366,514.6037419509979,149708.0,46.0
WV-500,2009,39253.128309776366,514.6037419509979,149708.0,46.0
WV-500,2010,39253.128309776366,514.6037419509979,149708.0,46.0
WV-500,2011,40332.69189780483,521.3418786784691,149009.0,46.0
WV-500,2012,40761.911749449275,541.0428924623251,148441.0,46.0
WV-500,2013,41320.747098999185,559.6835474709223,147880.0,46.0
WV-500,2014,42045.973800818254,581.3574098489894,147142.0,46.0
WV-500,2015,43206.93886684001,588.9221636786643,146140.0,46.0
WV-500,2016,43734.71028701042,604.5629623501347,145047.0,46.0
WV-500,2017,46349.840674215164,628.2845302137196,143693.0,46.0
WV-500,2018,48685.224662233406,657.5281671329556,142258.0,46.0
WV-500,2019,50851.740380447525,665.7656062360992,140729.0,46.0
WV-500,2020,49775.667152268456,640.565053894622,139346.0,49.0
WV-500,2021,53469.8330983244,671.6359556513088,139711.0,49.0
WV-500,2022,58143.64137407889,753.4573616529403,138420.0,49.0
WV-500,2023,60066.61142381568,781.911977923301,136977.0,49.0
WV-501,2007,37091.91253718165,602.9348208405405,138173.0,40.0
WV-501,2008,37091.91253718165,602.9348208405405,138173.0,40.0
WV-501,2009,37091.91253718165,602.9348208405405,138173.0,40.0
WV-501,2010,37091.91253718165,602.9348208405405,138173.0,40.0
WV-501,2011,37995.76785185292,620.4325556526954,138403.0,40.0
WV-501,2012,38709.25297264517,635.0820717189,138513.0,40.0
WV-501,2013,39112.458304174994,641.4831218301578,138611.0,40.0
WV-501,2014,39121.83729909571,648.3817452241251,138561.0,40.0
WV-501,2015,39705.94888051879,653.64070328145,138323.0,40.0
WV-501,2016,39656.780589003334,678.4564485710141,137860.0,40.0
WV-501,2017,39995.45516648076,688.8961308807769,137163.0,40.0
WV-501,2018,40298.040073221295,735.6706585505713,136026.0,40.0
WV-501,2019,41401.54947936008,738.7649916073736,134642.0,40.0
WV-501,2020,45273.94729141657,712.8540891356542,133280.0,45.0
WV-501,2021,48266.90143252786,688.7107697131212,133959.0,45.0
WV-501,2022,51997.27085433942,852.8198016523951,132898.0,45.0
WV-501,2023,56314.6500781499,887.760838555972,131798.0,45.0
WV-503,2007,46354.55178377766,588.3186947553464,282154.0,74.0
WV-503,2008,46354.55178377766,588.3186947553464,282154.0,74.0
WV-503,2009,46354.55178377766,588.3186947553464,282154.0,74.0
WV-503,2010,46354.55178377766,588.3186947553464,282154.0,74.0
WV-503,2011,47330.62689269781,624.0769516978912,282203.0,74.0
WV-503,2012,49070.928751846564,637.5351334308721,282281.0,74.0
WV-503,2013,49412.93713259134,663.9756531414215,282213.0,74.0
WV-503,2014,49534.99198519907,683.2633130211218,281604.0,74.0
WV-503,2015,49382.32425370208,683.6611340448741,280518.0,74.0
WV-503,2016,49808.819531493566,700.9370773712898,279057.0,74.0
WV-503,2017,50897.679119909764,713.8625997801944,276608.0,74.0
WV-503,2018,50138.54755004307,731.9430509117987,273964.0,74.0
WV-503,2019,51564.85832539876,743.2734291387111,270966.0,74.0
WV-503,2020,52324.85500943629,736.5550512095601,268114.0,80.0
WV-503,2021,56579.996360911515,777.231495735849,269573.0,80.0
WV-503,2022,61700.434920373336,863.5719036989318,266996.0,80.0
WV-503,2023,64647.23420700702,863.662448150023,264706.0,80.0
WV-508,2007,39289.21031392852,556.0661057455851,1270767.0,324.0
WV-508,2008,39289.21031392852,556.0661057455851,1270767.0,324.0
WV-508,2009,39289.21031392852,556.0661057455851,1270767.0,324.0
WV-508,2010,39289.21031392852,556.0661057455851,1270767.0,324.0
WV-508,2011,40316.25722200857,581.875869879703,1276757.0,324.0
WV-508,2012,40806.55490124457,602.1721246349257,1281246.0,324.0
WV-508,2013,41453.712335835444,622.8438036757295,1284915.0,324.0
WV-508,2014,42161.83001055517,641.7209970044474,1286574.0,324.0
WV-508,2015,42463.52924856911,656.8846738943704,1286439.0,324.0
WV-508,2016,44098.76891478108,671.1614768932692,1284128.0,324.0
WV-508,2017,45922.70216722332,692.9361385484676,1279379.0,324.0
WV-508,2018,47146.78036600705,697.8656021353283,1276806.0,324.0
WV-508,2019,49165.662528875626,729.5145157077126,1270968.0,324.0
WV-508,2020,51136.686580573245,718.8100823724269,1266686.0,372.0
WV-508,2021,53265.129647179296,739.8998176189333,1257806.0,372.0
WV-508,2022,57821.422135841545,784.7296822308639,1254653.0,372.0
WV-508,2023,60596.957027324956,812.3641350268309,1250981.0,372.0
WY-500,2007,56318.67983005211,690.5128496514712,545579.0,132.0
WY-500,2008,56318.67983005211,690.5128496514712,545579.0,132.0
WY-500,2009,56318.67983005211,690.5128496514712,545579.0,132.0
WY-500,2010,56318.67983005211,690.5128496514712,545579.0,132.0
WY-500,2011,58899.092966069766,743.450842532049,554697.0,132.0
WY-500,2012,58643.23691771366,765.2927827321461,562803.0,132.0
WY-500,2013,59356.740338236275,793.7761771794,570134.0,132.0
WY-500,2014,59896.93869284886,822.2408044488405,575251.0,132.0
WY-500,2015,60661.03043408507,832.4572720419404,579679.0,132.0
WY-500,2016,61137.86500499975,832.058377885148,583029.0,132.0
WY-500,2017,62827.7109430727,844.0934327846364,583200.0,132.0
WY-500,2018,64388.33827401536,870.2211018225067,581836.0,132.0
WY-500,2019,66990.20565415542,880.3541987938536,581024.0,132.0
WY-500,2020,68401.41850664318,876.0335874553624,581348.0,160.0
WY-500,2021,70736.550609478,895.3850697400983,576641.0,160.0
WY-500,2022,76100.64653616621,953.6430859153979,577929.0,160.0
WY-500,2023,78265.27381455462,1012.9977111257915,579761.0,160.0
